Symbol,Security Name,exchange
AACB,Artius II Acquisition Inc. - Class A Ordinary Shares,nasdaq
AACBR,Artius II Acquisition Inc. - Rights,nasdaq
AACBU,Artius II Acquisition Inc. - Units,nasdaq
AACG,"ATA Creativity Global - American Depositary Shares, each representing two common shares",nasdaq
AACIU,Armada Acquisition Corp. III - Units,nasdaq
AACOU,Abony Acquisition Corp. I - Units,nasdaq
AADR,AdvisorShares Dorsey Wright ADR ETF,nasdaq
AAEQ,Alpha Architect US Equity 2 ETF,nasdaq
AAL,"American Airlines Group, Inc. - Common Stock",nasdaq
AALG,Leverage Shares 2X Long AAL Daily ETF,nasdaq
AAME,Atlantic American Corporation - Common Stock,nasdaq
AAOI,"Applied Optoelectronics, Inc. - Common Stock",nasdaq
AAON,"AAON, Inc. - Common Stock",nasdaq
AAPB,GraniteShares 2x Long AAPL Daily ETF,nasdaq
AAPD,Direxion Daily AAPL Bear 1X ETF,nasdaq
AAPG,Ascentage Pharma Group International - American Depository Shares,nasdaq
AAPL,Apple Inc. - Common Stock,nasdaq
AAPU,Direxion Daily AAPL Bull 2X ETF,nasdaq
AARD,"Aardvark Therapeutics, Inc. - Common Stock",nasdaq
AAUS,Alpha Architect US Equity ETF,nasdaq
AAVM,Alpha Architect Global Factor Equity ETF,nasdaq
AAXJ,iShares MSCI All Country Asia ex Japan ETF,nasdaq
ABAT,American Battery Technology Company - Common Stock,nasdaq
ABCL,AbCellera Biologics Inc. - Common Shares,nasdaq
ABCS,Alpha Blue Capital US Small-Mid Cap Dynamic ETF,nasdaq
ABEO,Abeona Therapeutics Inc. - Common Stock,nasdaq
ABI,VictoryShares Pioneer Asset-Based Income ETF,nasdaq
ABIG,Argent Large Cap ETF,nasdaq
ABLV,Able View Global Inc. - Class B Ordinary Shares,nasdaq
ABLVW,Able View Global Inc. - Warrant,nasdaq
ABNB,"Airbnb, Inc. - Class A Common Stock",nasdaq
ABNG,Leverage Shares 2x Long ABNB Daily ETF,nasdaq
ABOS,"Acumen Pharmaceuticals, Inc. - Common Stock",nasdaq
ABSI,Absci Corporation - Common Stock,nasdaq
ABTC,American Bitcoin Corp. - Class A Common Stock,nasdaq
ABTS,Abits Group Inc - Ordinary Shares,nasdaq
ABUS,Arbutus Biopharma Corporation - Common Stock,nasdaq
ABVC,"ABVC BioPharma, Inc. - Common Stock",nasdaq
ABVE,Above Food Ingredients Inc. - Common Stock,nasdaq
ABVEW,Above Food Ingredients Inc. - Warrant,nasdaq
ABVX,Abivax SA - American Depositary Shares,nasdaq
ACAAU,Averin Capital Acquisition Corp. - Units,nasdaq
ACAD,ACADIA Pharmaceuticals Inc. - Common Stock,nasdaq
ACB,Aurora Cannabis Inc. - Common Shares,nasdaq
ACCL,Acco Group Holdings Limited - Class A Ordinary Shares,nasdaq
ACDC,ProFrac Holding Corp. - Class A Common Stock,nasdaq
ACEP,ARS Core Equity Portfolio ETF,nasdaq
ACET,"Adicet Bio, Inc. - Common Stock",nasdaq
ACFN,"Acorn Energy, Inc. - Common Stock",nasdaq
ACGL,Arch Capital Group Ltd. - Common Stock,nasdaq
ACGLN,"Arch Capital Group Ltd. - Depositary Shares, each Representing a 1/1,000th Interest in a 4.550% Non-Cumulative Preferred Share, Series G",nasdaq
ACGLO,"Arch Capital Group Ltd. - Depositary Shares Each Representing 1/1,000th Interest in a Share of5.45% Non-Cumulative Preferred Shares, Series F",nasdaq
ACHC,"Acadia Healthcare Company, Inc. - Common Stock",nasdaq
ACHV,"Achieve Life Sciences, Inc.  - Common Shares",nasdaq
ACIC,American Coastal Insurance Corporation - Common Stock,nasdaq
ACIU,AC Immune SA - Common Stock,nasdaq
ACIW,"ACI Worldwide, Inc. - Common Stock",nasdaq
ACLS,"Axcelis Technologies, Inc. - Common Stock",nasdaq
ACLX,"Arcellx, Inc. - Common Stock",nasdaq
ACMR,"ACM Research, Inc. - Class A Common Stock",nasdaq
ACNB,ACNB Corporation - Common Stock,nasdaq
ACNT,Ascent Industries Co. - Common Stock,nasdaq
ACOG,Alpha Cognition Inc. - Common Stock,nasdaq
ACON,"Aclarion, Inc. - Common Stock",nasdaq
ACONW,"Aclarion, Inc. - Warrant",nasdaq
ACRS,"Aclaris Therapeutics, Inc. - Common Stock",nasdaq
ACRV,"Acrivon Therapeutics, Inc. - Common Stock",nasdaq
ACT,"Enact Holdings, Inc. - Common Stock",nasdaq
ACTG,Acacia Research Corporation - Common Stock,nasdaq
ACTU,"Actuate Therapeutics, Inc. - Common stock",nasdaq
ACWI,iShares MSCI ACWI ETF,nasdaq
ACWX,iShares MSCI ACWI ex U.S. ETF,nasdaq
ACXP,"Acurx Pharmaceuticals, Inc. - Common Stock",nasdaq
ADAC,American Drive Acquisition Company - Class A Ordinary Shares,nasdaq
ADACU,American Drive Acquisition Company - Units,nasdaq
ADACW,American Drive Acquisition Company - Warrant,nasdaq
ADAG,"Adagene Inc. - ADS, each representing 1.25 ordinary shares",nasdaq
ADAM,"Adamas Trust, Inc. - Common Stock",nasdaq
ADAMG,"Adamas Trust, Inc. - 9.125% Senior Notes Due 2030",nasdaq
ADAMH,"Adamas Trust, Inc. - 9.875% Senior Notes Due 2030",nasdaq
ADAMI,"Adamas Trust, Inc. - 9.125% Senior Notes Due 2029",nasdaq
ADAML,"Adamas Trust, Inc. - 6.875% Series F Fixed-to-Floating Rate Cumulative Redeemable Preferred Stock, $0.01 par value per share",nasdaq
ADAMM,"Adamas Trust, Inc. - 7.875% Series E Fixed-to-Floating Rate Cumulative Redeemable Preferred Stock",nasdaq
ADAMN,"Adamas Trust, Inc. - 8.00% Series D Fixed-to-Floating Rate Cumulative Redeemable Preferred Stock",nasdaq
ADAMO,"Adamas Trust, Inc. - 9.250% Senior Notes Due 2031",nasdaq
ADAMZ,"Adamas Trust, Inc. - 7.000% Series G Cumulative Redeemable Preferred Stock, $0.01 par value per share",nasdaq
ADBE,Adobe Inc. - Common Stock,nasdaq
ADBG,Leverage Shares 2X Long ADBE Daily ETF,nasdaq
ADEA,Adeia Inc.  - Common Stock,nasdaq
ADGM,"Adagio Medical Holdings, Inc - Common Stock",nasdaq
ADI,"Analog Devices, Inc. - Common Stock",nasdaq
ADIL,"Adial Pharmaceuticals, Inc - Common Stock",nasdaq
ADMA,ADMA Biologics Inc - Common Stock,nasdaq
ADP,"Automatic Data Processing, Inc. - Common Stock",nasdaq
ADPT,Adaptive Biotechnologies Corporation - Common Stock,nasdaq
ADSE,ADS-TEC ENERGY PLC - Ordinary Shares,nasdaq
ADSEW,ADS-TEC ENERGY PLC - Warrant,nasdaq
ADSK,"Autodesk, Inc. - Common Stock",nasdaq
ADTN,"ADTRAN Holdings, Inc. - Common Stock",nasdaq
ADTX,"Aditxt, Inc. - Common Stock",nasdaq
ADUR,Aduro Clean Technologies Inc. - Common Stock,nasdaq
ADUS,Addus HomeCare Corporation - Common Stock,nasdaq
ADV,Advantage Solutions Inc.  - Class A Common Stock,nasdaq
ADVB,Advanced Biomed Inc. - Common Stock,nasdaq
ADXN,Addex Therapeutics Ltd - American Depositary Shares,nasdaq
AEAQ,Activate Energy Acquisition Corp. - Class A Ordinary Share,nasdaq
AEAQU,Activate Energy Acquisition Corp. - Unit,nasdaq
AEAQW,Activate Energy Acquisition Corp. - Warrant,nasdaq
AEBI,Aebi Schmidt Holding AG - Common Stock,nasdaq
AEC,Anfield Energy Inc. - Common Shares,nasdaq
AEHL,Antelope Enterprise Holdings Limited - Class A Ordinary Shares,nasdaq
AEHR,Aehr Test Systems - Common Stock,nasdaq
AEI,Alset Inc. - Common Stock,nasdaq
AEIS,"Advanced Energy Industries, Inc. - Common Stock",nasdaq
AEMD,"Aethlon Medical, Inc. - Common Stock",nasdaq
AENT,Alliance Entertainment Holding Corporation - common stock,nasdaq
AENTW,Alliance Entertainment Holding Corporation - Warrants,nasdaq
AEP,"American Electric Power Company, Inc. - Common Stock",nasdaq
AERT,"Aeries Technology, Inc. - Class A Ordinary Share",nasdaq
AERTW,"Aeries Technology, Inc. - Warrant",nasdaq
AEVA,"Aeva Technologies, Inc. - Common Stock",nasdaq
AEYE,"AudioEye, Inc. - Common Stock",nasdaq
AFBI,"Affinity Bancshares, Inc. - Common Stock",nasdaq
AFCG,Advanced Flower Capital Inc. - Common Stock,nasdaq
AFJK,"Aimei Health Technology Co., Ltd - Ordinary Share",nasdaq
AFJKR,"Aimei Health Technology Co., Ltd - Right",nasdaq
AFJKU,"Aimei Health Technology Co., Ltd - Unit",nasdaq
AFOS,ARS Focused Opportunity Strategy ETF,nasdaq
AFRI,Forafric Global PLC - Ordinary Shares,nasdaq
AFRIW,Forafric Global PLC - Warrants,nasdaq
AFRM,"Affirm Holdings, Inc. - Class A Common Stock",nasdaq
AFSC,abrdn Focused U.S. Small Cap Active ETF,nasdaq
AFYA,Afya Limited - Class A Common Shares,nasdaq
AGAE,Allied Gaming & Entertainment Inc. - Common Stock,nasdaq
AGCC,Agencia Comercial Spirits Ltd - Class A Ordinary Share,nasdaq
AGEM,abrdn Emerging Markets Dividend Active ETF,nasdaq
AGEN,Agenus Inc. - Common Stock,nasdaq
AGGA,EA Astoria Dynamic Core US Fixed Income ETF,nasdaq
AGH,Aureus Greenway Holdings Inc. - Common Stock,nasdaq
AGIO,"Agios Pharmaceuticals, Inc. - Common Stock",nasdaq
AGIX,KraneShares Artificial Intelligence & Technology ETF,nasdaq
AGMB,AgomAb Therapeutics NV - ADRs representing one common share.,nasdaq
AGMH,AGM Group Holdings Inc. - Class A Ordinary Shares,nasdaq
AGMI,Themes Silver Miners ETF,nasdaq
AGNC,AGNC Investment Corp. - Common Stock,nasdaq
AGNCL,"AGNC Investment Corp. - Depositary Shares Each Representing a 1/1,000th Interest in a Share of 7.75% Series G Fixed-Rate Reset Cumulative Redeemable Preferred Stock",nasdaq
AGNCM,AGNC Investment Corp. - Depositary Shares rep 6.875% Series D Fixed-to-Floating Cumulative Redeemable Preferred Stock,nasdaq
AGNCN,"AGNC Investment Corp. - Depositary Shares Each Representing a 1/1,000th Interest in a Share of 7.00% Series C Fixed-To-Floating Rate Cumulative Redeemable Preferred Stock",nasdaq
AGNCO,"AGNC Investment Corp. - Depositary Shares, each representing a 1/1,000th interest in a share of Series E Fixed-to-Floating Cumulative Redeemable Preferred Stock",nasdaq
AGNCP,"AGNC Investment Corp. - Depositary Shares Each Representing a 1/1,000th Interest in a Share of 6.125% Series F Fixed-to-Floating Rate Cumulative Redeemable Preferred Stock",nasdaq
AGNCZ,"AGNC Investment Corp. - Depositary Shares Each Representing a 1/1,000th Interest in a Share of 8.75% Series H Fixed-Rate Cumulative Redeemable Preferred Stock",nasdaq
AGNG,Global X Aging Population ETF,nasdaq
AGPU,Axe Compute Inc. - Common Stock,nasdaq
AGRZ,Agroz Inc. - Ordinary Shares,nasdaq
AGYS,"Agilysys, Inc. - Common Stock",nasdaq
AGZD,WisdomTree Interest Rate Hedged U.S. Aggregate Bond Fund,nasdaq
AHCO,AdaptHealth Corp.  - Common Stock,nasdaq
AHG,Akso Health Group - American Depositary Shares,nasdaq
AHMA,Ambitions Enterprise Management Co. L.L.C - Class A Ordinary Shares,nasdaq
AIA,iShares Asia 50 ETF,nasdaq
AIDX,"20/20 Biolabs, Inc. - Common Stock",nasdaq
AIFD,TCW Artificial Intelligence ETF,nasdaq
AIFF,"Firefly Neuroscience, Inc.  - Common Stock",nasdaq
AIFU,AIFU Inc. - Class A Ordinary Share,nasdaq
AIHS,Senmiao Technology Limited - Common Stock,nasdaq
AIIO,Robo.ai Inc. - Class B Ordinary Shares,nasdaq
AIIOW,Robo.ai Inc. - Warrant,nasdaq
AIMD,"Ainos, Inc. - Common Stock",nasdaq
AIMDW,"Ainos, Inc. - warrants",nasdaq
AIMS,Acuitas Small Cap Active ETF,nasdaq
AIOS,AIOS Tech Inc. - Class A Common Shares,nasdaq
AIOT,"PowerFleet, Inc. - Common Stock",nasdaq
AIP,"Arteris, Inc.  - Common Stock",nasdaq
AIPI,REX AI Equity Premium Income ETF,nasdaq
AIPO,Defiance AI & Power Infrastructure ETF,nasdaq
AIQ,Global X Artificial Intelligence & Technology ETF,nasdaq
AIRE,reAlpha Tech Corp. - Common Stock,nasdaq
AIRG,"Airgain, Inc. - Common Stock",nasdaq
AIRJ,AirJoule Technologies Corporation - Class A Common Stock,nasdaq
AIRJW,AirJoule Technologies Corporation - Warrant,nasdaq
AIRO,"AIRO Group Holdings, Inc. - Common Stock",nasdaq
AIRR,First Trust RBA American Industrial Renaissance ETF,nasdaq
AIRS,"AirSculpt Technologies, Inc. - Common Stock",nasdaq
AIRT,"Air T, Inc. - Common Stock",nasdaq
AIRTP,"Air T, Inc. - Trust Preferred Securities",nasdaq
AISP,"Airship AI Holdings, Inc - Class A Common Stock",nasdaq
AISPW,"Airship AI Holdings, Inc - Warrants",nasdaq
AIXC,"AIxCrypto Holdings, Inc. - Common Stock",nasdaq
AIXI,XIAO-I Corporation - American Depositary Shares,nasdaq
AKAM,"Akamai Technologies, Inc. - Common Stock",nasdaq
AKAN,Akanda Corp. - Common Shares,nasdaq
AKBA,"Akebia Therapeutics, Inc. - Common Stock",nasdaq
AKTS,"Aktis Oncology, Inc. - Common stock",nasdaq
AKTX,Akari Therapeutics Plc - American Depositary Shares,nasdaq
ALAB,"Astera Labs, Inc. - Common Stock",nasdaq
ALAR,Alarum Technologies Ltd. - American Depositary Shares,nasdaq
ALBG,Leverage Shares 2X Long ALB Daily ETF,nasdaq
ALBT,Avalon GloboCare Corp. - Common Stock,nasdaq
ALCO,"Alico, Inc. - Common Stock",nasdaq
ALCY,Alchemy Investments Acquisition Corp 1 - Class A Ordinary Shares,nasdaq
ALCYU,Alchemy Investments Acquisition Corp 1 - Units,nasdaq
ALCYW,Alchemy Investments Acquisition Corp 1 - Warrants,nasdaq
ALDF,Aldel Financial II Inc. - Class A Ordinary Shares,nasdaq
ALDFU,Aldel Financial II Inc. - Units,nasdaq
ALDFW,Aldel Financial II Inc. - Warrants,nasdaq
ALDX,"Aldeyra Therapeutics, Inc. - Common Stock",nasdaq
ALEC,"Alector, Inc. - Common Stock",nasdaq
ALF,Centurion Acquisition Corp. - Class A Ordinary Shares,nasdaq
ALFUU,Centurion Acquisition Corp. - Unit,nasdaq
ALFUW,Centurion Acquisition Corp. - Warrant,nasdaq
ALGM,"Allegro MicroSystems, Inc. - Common Stock",nasdaq
ALGN,"Align Technology, Inc. - Common Stock",nasdaq
ALGS,"Aligos Therapeutics, Inc. - Common stock",nasdaq
ALGT,Allegiant Travel Company - Common Stock,nasdaq
ALHC,"Alignment Healthcare, Inc. - Common Stock",nasdaq
ALIL,Argent Focused Small Cap ETF,nasdaq
ALIS,Calisa Acquisition Corp - Ordinary shares,nasdaq
ALISR,Calisa Acquisition Corp - Right,nasdaq
ALISU,Calisa Acquisition Corp - Units,nasdaq
ALKS,Alkermes plc - Ordinary Shares,nasdaq
ALKT,"Alkami Technology, Inc. - Common Stock",nasdaq
ALLO,"Allogene Therapeutics, Inc. - Common Stock",nasdaq
ALLR,"Allarity Therapeutics, Inc. - Common stock",nasdaq
ALLT,Allot Ltd. - Ordinary Shares,nasdaq
ALLW,State Street Bridgewater All Weather ETF,nasdaq
ALM,Almonty Industries Inc. - Common Shares,nasdaq
ALMS,Alumis Inc. - Common Stock,nasdaq
ALMU,"Aeluma, Inc. - Common Stock",nasdaq
ALNT,Allient Inc. - Common Stock,nasdaq
ALNY,"Alnylam Pharmaceuticals, Inc. - Common Stock",nasdaq
ALOT,"AstroNova, Inc. - Common Stock",nasdaq
ALOV,"Aldabra 4 Liquidity Opportunity Vehicle, Inc. - Class A Ordinary Shares",nasdaq
ALOVU,"Aldabra 4 Liquidity Opportunity Vehicle, Inc. - Units",nasdaq
ALOVW,"Aldabra 4 Liquidity Opportunity Vehicle, Inc. - Warrants",nasdaq
ALOY,REalloys Inc. - Common Stock,nasdaq
ALPS,ALPS Group Inc - Ordinary Share,nasdaq
ALRM,"Alarm.com Holdings, Inc. - Common Stock",nasdaq
ALRS,Alerus Financial Corporation - Common Stock,nasdaq
ALT,"Altimmune, Inc. - Common Stock",nasdaq
ALTI,"AlTi Global, Inc. - Class A Common Stock",nasdaq
ALTO,"Alto Ingredients, Inc. - Common Stock",nasdaq
ALTS,ALT5 Sigma Corporation - Common Stock,nasdaq
ALTY,Global X Alternative Income ETF,nasdaq
ALVO,Alvotech - Ordinary Shares,nasdaq
ALVOW,Alvotech - Warrant,nasdaq
ALXO,ALX Oncology Holdings Inc. - Common Stock,nasdaq
ALZN,"Alzamend Neuro, Inc. - Common Stock",nasdaq
AMAL,Amalgamated Financial Corp. - Common Stock,nasdaq
AMAT,"Applied Materials, Inc. - Common Stock",nasdaq
AMBA,"Ambarella, Inc. - Ordinary Shares",nasdaq
AMBR,Amber International Holding Limited - American Depositary Shares,nasdaq
AMCI,AMC Robotics Corporation - Common Stock,nasdaq
AMCX,AMC Networks Inc. - Class A Common Stock,nasdaq
AMD,"Advanced Micro Devices, Inc. - Common Stock",nasdaq
AMDD,Direxion Daily AMD Bear 1X ETF,nasdaq
AMDG,Leverage Shares 2X Long AMD Daily ETF,nasdaq
AMDL,GraniteShares 2x Long AMD Daily ETF,nasdaq
AMGN,Amgen Inc. - Common Stock,nasdaq
AMID,Argent Mid Cap ETF,nasdaq
AMIX,"Autonomix Medical, Inc. - Common Stock",nasdaq
AMKR,"Amkor Technology, Inc. - Common Stock",nasdaq
AMLX,"Amylyx Pharmaceuticals, Inc. - Common Stock",nasdaq
AMOD,"Alpha Modus Holdings, Inc. - Class A Common Stock",nasdaq
AMODW,"Alpha Modus Holdings, Inc. - Warrant",nasdaq
AMPG,"Amplitech Group, Inc. - Common Stock",nasdaq
AMPGR,"Amplitech Group, Inc. - Series A Right",nasdaq
AMPGZ,"Amplitech Group, Inc. - Series B Right",nasdaq
AMPH,"Amphastar Pharmaceuticals, Inc. - Common Stock",nasdaq
AMPL,"Amplitude, Inc. - Class A Common Stock",nasdaq
AMRN,Amarin Corporation plc - American Depositary Shares,nasdaq
AMRX,"Amneal Pharmaceuticals, Inc. - Class A Common Stock",nasdaq
AMSC,American Superconductor Corporation - Common Stock,nasdaq
AMSF,"AMERISAFE, Inc. - Common Stock",nasdaq
AMST,Amesite Inc. - Common Stock,nasdaq
AMTX,"Aemetis, Inc - Common Stock",nasdaq
AMUN,abrdn Ultra Short Municipal Income Active ETF,nasdaq
AMUU,Direxion Daily AMD Bull 2X ETF,nasdaq
AMWD,American Woodmark Corporation - Common Stock,nasdaq
AMYY,GraniteShares YieldBOOST AMD ETF,nasdaq
AMZD,Direxion Daily AMZN Bear 1X ETF,nasdaq
AMZN,"Amazon.com, Inc. - Common Stock",nasdaq
AMZU,Direxion Daily AMZN Bull 2X ETF,nasdaq
AMZZ,GraniteShares 2x Long AMZN Daily ETF,nasdaq
ANAB,"AnaptysBio, Inc. - Common Stock",nasdaq
ANDE,"The Andersons, Inc. - Common Stock",nasdaq
ANEL,Defiance Daily Target 2x Long ANET ETF,nasdaq
ANGH,Anghami Inc. - Ordinary Shares,nasdaq
ANGHW,Anghami Inc. - Warrants,nasdaq
ANGI,Angi Inc. - Class A Common Stock,nasdaq
ANGL,VanEck Fallen Angel High Yield Bond ETF,nasdaq
ANGO,"AngioDynamics, Inc. - Common Stock",nasdaq
ANIK,Anika Therapeutics Inc. - Common Stock,nasdaq
ANIP,"ANI Pharmaceuticals, Inc. - Common Stock",nasdaq
ANIX,"Anixa Biosciences, Inc. - Common Stock",nasdaq
ANL,Adlai Nortye Ltd. - American Depositary Shares,nasdaq
ANNA,"AleAnna, Inc. - Class A Common Stock",nasdaq
ANNAW,"AleAnna, Inc. - Warrant",nasdaq
ANNX,"Annexon, Inc. - common stock",nasdaq
ANPA,Rich Sparkle Holdings Limited - Ordinary Shares,nasdaq
ANSC,Agriculture & Natural Solutions Acquisition Corporation - Class A Ordinary Shares,nasdaq
ANSCU,Agriculture & Natural Solutions Acquisition Corporation - Unit,nasdaq
ANSCW,Agriculture & Natural Solutions Acquisition Corporation - Warrant,nasdaq
ANTA,Antalpha Platform Holding Company - Class A Ordinary Shares,nasdaq
ANTX,"AN2 Therapeutics, Inc. - Common Stock",nasdaq
ANV,GraniteShares Autocallable NVDA ETF,nasdaq
ANY,Sphere 3D Corp. - Common Shares,nasdaq
AOHY,Angel Oak High Yield Opportunities ETF,nasdaq
AOSL,Alpha and Omega Semiconductor Limited - Common Shares,nasdaq
AOTG,AOT Growth and Innovation ETF,nasdaq
AOUT,"American Outdoor Brands, Inc. - Common Stock",nasdaq
APA,APA Corporation - Common Stock,nasdaq
APAC,StoneBridge Acquisition II Corporation - Class A Ordinary Shares,nasdaq
APACR,StoneBridge Acquisition II Corporation - Rights,nasdaq
APACU,StoneBridge Acquisition II Corporation - Units,nasdaq
APAD,A Paradise Acquisition Corp. - Class A Ordinary Shares,nasdaq
APADR,A Paradise Acquisition Corp. - Rights,nasdaq
APADU,A Paradise Acquisition Corp. - Unit,nasdaq
APC,ARKO Petroleum Corp. - Class A Common Stock,nasdaq
APEI,"American Public Education, Inc. - Common Stock",nasdaq
APGE,"Apogee Therapeutics, Inc. - Common Stock",nasdaq
API,"Agora, Inc. - ADS",nasdaq
APLD,Applied Digital Corporation - Common Stock,nasdaq
APLM,Apollomics Inc. - Class A Ordinary Shares,nasdaq
APLMW,Apollomics Inc. - Warrant,nasdaq
APLS,"Apellis Pharmaceuticals, Inc. - Common Stock",nasdaq
APM,Aptorum Group Limited - Class A Ordinary Shares,nasdaq
APOG,"Apogee Enterprises, Inc. - Common Stock",nasdaq
APP,Applovin Corporation - Class A Common Stock,nasdaq
APPF,"AppFolio, Inc. - Class A Common Stock",nasdaq
APPN,Appian Corporation - Class A Common Stock,nasdaq
APPS,"Digital Turbine, Inc. - Common Stock",nasdaq
APPX,Tradr 2X Long APP Daily ETF,nasdaq
APRE,"Aprea Therapeutics, Inc. - Common Stock",nasdaq
APVO,Aptevo Therapeutics Inc. - Common Stock,nasdaq
APWC,"Asia Pacific Wire & Cable Corporation Limited  - Common shares, Par value .01 per share",nasdaq
APXT,Apex Treasury Corporation - Class A Ordinary Share,nasdaq
APXTU,Apex Treasury Corporation - Units,nasdaq
APXTW,Apex Treasury Corporation - Warrants,nasdaq
APYX,Apyx Medical Corporation - Common Stock,nasdaq
AQB,"AquaBounty Technologies, Inc. - Common Stock",nasdaq
AQMS,"Aqua Metals, Inc. - Common Stock",nasdaq
AQST,"Aquestive Therapeutics, Inc. - Common Stock",nasdaq
AQWA,Global X Clean Water ETF,nasdaq
ARAI,Arrive AI Inc. - Common Stock,nasdaq
ARAY,Accuray Incorporated - Common Stock,nasdaq
ARBB,ARB IOT Group Limited - Ordinary Shares,nasdaq
ARBE,Arbe Robotics Ltd. - Ordinary Shares,nasdaq
ARBEW,Arbe Robotics Ltd. - Warrant,nasdaq
ARBK,Argo Blockchain plc - American Depositary Shares,nasdaq
ARCB,ArcBest Corporation - Common Stock,nasdaq
ARCC,Ares Capital Corporation - Closed End Fund,nasdaq
ARCI,Archimedes Tech SPAC Partners III Co. - Ordinary Share,nasdaq
ARCIU,Archimedes Tech SPAC Partners III Co. - Unit,nasdaq
ARCIW,Archimedes Tech SPAC Partners III Co. - Warrant,nasdaq
ARCT,Arcturus Therapeutics Holdings Inc. - Common Stock,nasdaq
ARDX,"Ardelyx, Inc. - Common Stock",nasdaq
AREB,"American Rebel Holdings, Inc. - Common Stock",nasdaq
AREBW,"American Rebel Holdings, Inc. - warrants",nasdaq
AREC,American Resources Corporation - Class A Common Stock,nasdaq
ARGX,argenx SE - American Depositary Shares,nasdaq
ARHS,"Arhaus, Inc. - Class A Common Stock",nasdaq
ARKO,ARKO Corp. - Common Stock,nasdaq
ARKR,Ark Restaurants Corp. - Common Stock,nasdaq
ARLP,"Alliance Resource Partners, L.P. - Common Units Representing Limited Partnership Interests",nasdaq
ARM,Arm Holdings plc - American Depositary Shares,nasdaq
ARMG,Leverage Shares 2X Long ARM Daily ETF,nasdaq
AROW,Arrow Financial Corporation - Common Stock,nasdaq
ARQ,"Arq, Inc. - Common Stock",nasdaq
ARQQ,Arqit Quantum Inc. - Ordinary Shares,nasdaq
ARQQW,Arqit Quantum Inc. - Warrants,nasdaq
ARQT,"Arcutis Biotherapeutics, Inc. - Common stock",nasdaq
ARRY,"Array Technologies, Inc. - Common Stock",nasdaq
ARTC,Art Technology Acquisition Corp. - Class A Ordinary Shares,nasdaq
ARTCU,Art Technology Acquisition Corp. - Units,nasdaq
ARTCW,Art Technology Acquisition Corp. - Warrants,nasdaq
ARTL,"Artelo Biosciences, Inc. - Common Stock",nasdaq
ARTNA,Artesian Resources Corporation - Class A Non-Voting Common Stock,nasdaq
ARTV,"Artiva Biotherapeutics, Inc. - Common Stock",nasdaq
ARTW,"Art's-Way Manufacturing Co., Inc. - Common Stock",nasdaq
ARVN,"Arvinas, Inc. - Common Stock",nasdaq
ARVR,First Trust Indxx Metaverse ETF,nasdaq
ARWR,"Arrowhead Pharmaceuticals, Inc. - Common Stock",nasdaq
ASBP,"Aspire Biopharma Holdings, Inc.  - Common Stock",nasdaq
ASBPW,"Aspire Biopharma Holdings, Inc.  - Warrant",nasdaq
ASCI,abrdn International Small Cap Active ETF,nasdaq
ASLE,AerSale Corporation - Common Stock,nasdaq
ASMB,"Assembly Biosciences, Inc. - Common Stock",nasdaq
ASMG,Leverage Shares 2X Long ASML Daily ETF,nasdaq
ASML,ASML Holding N.V. - New York Registry Shares,nasdaq
ASMU,Direxion Daily ASML Bull 2X ETF,nasdaq
ASND,Ascendis Pharma A/S - American Depositary Shares,nasdaq
ASNS,"Actelis Networks, Inc. - Common Stock",nasdaq
ASO,"Academy Sports and Outdoors, Inc. - Common Stock",nasdaq
ASPC,A SPAC III Acquisition Corp. - Class A Ordinary Shares,nasdaq
ASPCR,A SPAC III Acquisition Corp. - Right,nasdaq
ASPCU,A SPAC III Acquisition Corp. - Unit,nasdaq
ASPI,ASP Isotopes Inc. - Common Stock,nasdaq
ASPS,Altisource Portfolio Solutions S.A. - Common Stock,nasdaq
ASPSW,Altisource Portfolio Solutions S.A. - Net Settle Stakeholder Warrants,nasdaq
ASPSZ,Altisource Portfolio Solutions S.A. - Cash Exercise Stakeholder Warrants,nasdaq
ASRT,"Assertio Holdings, Inc. - Common Stock",nasdaq
ASRV,AmeriServ Financial Inc. - Common Stock,nasdaq
ASST,"Strive, Inc. - Class A Common Stock",nasdaq
ASTC,Astrotech Corporation - Common Stock,nasdaq
ASTE,"Astec Industries, Inc. - Common Stock",nasdaq
ASTH,Astrana Health Inc. - Common Stock,nasdaq
ASTI,"Ascent Solar Technologies, Inc - Common Stock",nasdaq
ASTL,Algoma Steel Group Inc. - Common Shares,nasdaq
ASTLW,Algoma Steel Group Inc. - Warrant,nasdaq
ASTS,"AST SpaceMobile, Inc. - Class A Common Stock",nasdaq
ASUR,Asure Software Inc - Common Stock,nasdaq
ASYS,"Amtech Systems, Inc. - Common Stock",nasdaq
ATAI,AtaiBeckley Inc. - Common Stock,nasdaq
ATAT,Atour Lifestyle Holdings Limited - American Depositary Shares,nasdaq
ATCX,Atlas Critical Minerals Corporation - Common Stock,nasdaq
ATEC,"Alphatec Holdings, Inc. - Common Stock",nasdaq
ATER,"Aterian, Inc. - Common Stock",nasdaq
ATEX,Anterix Inc. - Common Stock,nasdaq
ATGL,Alpha Technology Group Limited - Class A Ordinary Shares,nasdaq
ATHE,Alterity Therapeutics Limited - American Depositary Shares,nasdaq
ATHR,"Aether Holdings, Inc. - Common Stock",nasdaq
ATII,Archimedes Tech SPAC Partners II Co. - Ordinary Shares,nasdaq
ATIIU,Archimedes Tech SPAC Partners II Co. - Unit,nasdaq
ATIIW,Archimedes Tech SPAC Partners II Co. - Warrant,nasdaq
ATLC,Atlanticus Holdings Corporation - Common Stock,nasdaq
ATLCL,Atlanticus Holdings Corporation - 6.125% Senior Notes due 2026,nasdaq
ATLCP,"Atlanticus Holdings Corporation - 7.625% Series B Cumulative Perpetual Preferred Stock, no par value per share",nasdaq
ATLCZ,Atlanticus Holdings Corporation - 9.25% Senior Notes due 2029,nasdaq
ATLN,Atlantic International Corp. - Common Stock,nasdaq
ATLO,Ames National Corporation - Common Stock,nasdaq
ATLX,Atlas Lithium Corporation - Common Stock,nasdaq
ATNI,"ATN International, Inc. - Common Stock",nasdaq
ATOM,Atomera Incorporated - Common Stock,nasdaq
ATON,AlphaTON Capital Corp. - Common Stock,nasdaq
ATOS,"Atossa Therapeutics, Inc. - Common Stock",nasdaq
ATPC,Agape ATP Corporation - Common Stock,nasdaq
ATRA,"Atara Biotherapeutics, Inc. - Common Stock",nasdaq
ATRC,"AtriCure, Inc. - Common Stock",nasdaq
ATRO,Astronics Corporation - Common Stock,nasdaq
ATXG,Addentax Group Corp. - Common Stock,nasdaq
ATYR,"aTyr Pharma, Inc. - Common Stock",nasdaq
AUBN,"Auburn National Bancorporation, Inc. - Common Stock",nasdaq
AUDC,AudioCodes Ltd. - Ordinary Shares,nasdaq
AUGO,Aura Minerals Inc. - Common Shares,nasdaq
AUID,authID Inc. - Common Stock,nasdaq
AUMI,Themes Gold Miners ETF,nasdaq
AUPH,Aurinia Pharmaceuticals Inc - Common Shares,nasdaq
AUR,"Aurora Innovation, Inc.  - Class A Common Stock",nasdaq
AURA,"Aura Biosciences, Inc. - Common Stock",nasdaq
AURE,Aurelion Inc.  - Class A Ordinary Shares,nasdaq
AUROW,"Aurora Innovation, Inc.  - Warrant",nasdaq
AUTL,Autolus Therapeutics plc - American Depositary Shares,nasdaq
AUUD,Auddia Inc. - Common Stock,nasdaq
AVAH,Aveanna Healthcare Holdings Inc. - Common Stock,nasdaq
AVAV,"AeroVironment, Inc. - Common Stock",nasdaq
AVBH,"Avidbank Holdings, Inc. - Common Stock",nasdaq
AVBP,"ArriVent BioPharma, Inc. - Common Stock",nasdaq
AVGB,Avantis Credit ETF,nasdaq
AVGG,Leverage Shares 2X Long AVGO Daily ETF,nasdaq
AVGO,Broadcom Inc. - Common Stock,nasdaq
AVGU,GraniteShares 2x Long AVGO Daily ETF,nasdaq
AVGX,Defiance Daily Target 2X Long AVGO ETF,nasdaq
AVIR,"Atea Pharmaceuticals, Inc. - common stock",nasdaq
AVL,Direxion Daily AVGO Bull 2X ETF,nasdaq
AVNW,"Aviat Networks, Inc. - Common Stock",nasdaq
AVO,"Mission Produce, Inc. - Common Stock",nasdaq
AVOS,Avos Global Equities ETF,nasdaq
AVPT,"AvePoint, Inc. - Class A Common Stock",nasdaq
AVR,Anteris Technologies Global Corp. - Common Stock,nasdaq
AVS,Direxion Daily AVGO Bear 1X ETF,nasdaq
AVT,"Avnet, Inc. - Common Stock",nasdaq
AVTX,"Avalo Therapeutics, Inc. - Common Stock",nasdaq
AVUQ,Avantis U.S. Quality ETF,nasdaq
AVX,Avax One Technology Ltd. - Common Shares,nasdaq
AVXC,Avantis Emerging Markets ex-China Equity ETF,nasdaq
AVXL,Anavex Life Sciences Corp. - Common Stock,nasdaq
AVXX,Defiance Daily Target 2x Long AVAV ETF,nasdaq
AWRE,"Aware, Inc. - Common Stock",nasdaq
AXG,Solowin Holdings - Class A Ordinary Share,nasdaq
AXGN,"Axogen, Inc. - Common Stock",nasdaq
AXIN,Axiom Intelligence Acquisition Corp 1 - Class A Ordinary Shares,nasdaq
AXINR,Axiom Intelligence Acquisition Corp 1 - Right,nasdaq
AXINU,Axiom Intelligence Acquisition Corp 1 - Units,nasdaq
AXON,"Axon Enterprise, Inc. - Common Stock",nasdaq
AXPG,Leverage Shares 2x Long AXP Daily ETF,nasdaq
AXSM,"Axsome Therapeutics, Inc. - Common Stock",nasdaq
AXTI,AXT Inc - Common Stock,nasdaq
AYTU,"Aytu BioPharma, Inc.  - Common Stock",nasdaq
AZ,A2Z Cust2Mate Solutions Corp. - Common Shares,nasdaq
AZI,Autozi Internet Technology (Global) Ltd. - Class A Ordinary Shares,nasdaq
AZTA,"Azenta, Inc. - Common Stock",nasdaq
AZYY,GraniteShares YieldBoost AMZN ETF,nasdaq
BABU,Direxion Daily BABA Bull 2X ETF,nasdaq
BABX,GraniteShares 2x Long BABA Daily ETF,nasdaq
BACC,Blue Acquisition Corp. - Class A Ordinary Shares,nasdaq
BACCR,Blue Acquisition Corp. - Right,nasdaq
BACCU,Blue Acquisition Corp. - Unit,nasdaq
BAER,"Bridger Aerospace Group Holdings, Inc. - Common Stock",nasdaq
BAERW,"Bridger Aerospace Group Holdings, Inc. - Warrant",nasdaq
BAFE,Brown Advisory Flexible Equity ETF,nasdaq
BAFN,BayFirst Financial Corp. - Common Stock,nasdaq
BAIG,Leverage Shares 2X Long BBAI Daily ETF,nasdaq
BAIV,Brown Advisory International Value Select ETF,nasdaq
BALQ,iShares Nasdaq Premium Income Active ETF,nasdaq
BAND,Bandwidth Inc. - Class A Common Stock,nasdaq
BANF,BancFirst Corporation - Common Stock,nasdaq
BANFP,BancFirst Corporation - 7.2% Cumulative Trust Preferred Securities,nasdaq
BANL,CBL International Limited - Class B Ordinary Shares,nasdaq
BANR,Banner Corporation - Common Stock,nasdaq
BANX,ArrowMark Financial Corp. - Closed End Fund,nasdaq
BAOS,Baosheng Media Group Holdings Limited - Ordinary shares,nasdaq
BASG,Brown Advisory Sustainable Growth ETF,nasdaq
BASV,Brown Advisory Sustainable Value ETF,nasdaq
BATRA,"Atlanta Braves Holdings, Inc. - Series A Common Stock",nasdaq
BATRK,"Atlanta Braves Holdings, Inc. - Series C Common Stock",nasdaq
BAYA,Bayview Acquisition Corp - Ordinary Share,nasdaq
BAYAR,Bayview Acquisition Corp - Right,nasdaq
BAYAU,Bayview Acquisition Corp - Unit,nasdaq
BBB,CYBER HORNET S&P 500 and Bitcoin 75/25 Strategy ETF,nasdaq
BBCP,"Concrete Pumping Holdings, Inc.  - Common Stock",nasdaq
BBCQ,Bleichroeder Acquisition Corp. II - Class A Ordinary Shares,nasdaq
BBCQU,Bleichroeder Acquisition Corp. II - Units,nasdaq
BBCQW,Bleichroeder Acquisition Corp. II - Warrants,nasdaq
BBGI,"Beasley Broadcast Group, Inc. - Class A Common Stock",nasdaq
BBH,VanEck Biotech ETF,nasdaq
BBIO,"BridgeBio Pharma, Inc. - Common Stock",nasdaq
BBLG,Bone Biologics Corp - Common Stock,nasdaq
BBLGW,Bone Biologics Corp - warrants,nasdaq
BBNX,"Beta Bionics, Inc. - Common Stock",nasdaq
BBOT,"BridgeBio Oncology Therapeutics, Inc. - Common Stock",nasdaq
BBSI,"Barrett Business Services, Inc. - Common Stock",nasdaq
BBYY,GraniteShares YieldBOOST BABA ETF,nasdaq
BCAB,"BioAtla, Inc. - Common Stock",nasdaq
BCAL,California BanCorp - Common Stock,nasdaq
BCAR,D. Boral ARC Acquisition I Corp. - Class A Ordinary Shares,nasdaq
BCARU,D. Boral ARC Acquisition I Corp. - Units,nasdaq
BCARW,D. Boral ARC Acquisition I Corp. - Warrant,nasdaq
BCAX,Bicara Therapeutics Inc. - Common Stock,nasdaq
BCBP,"BCB Bancorp, Inc. (NJ) - Common Stock",nasdaq
BCDA,"BioCardia, Inc. - Common Stock",nasdaq
BCFN,Baron Financials ETF,nasdaq
BCG,"Binah Capital Group, Inc. - Common Stock",nasdaq
BCGWW,"Binah Capital Group, Inc. - Warrants",nasdaq
BCIC,BCP Investment Corporation - Closed End Fund,nasdaq
BCLO,iShares BBB-B CLO Active ETF,nasdaq
BCML,BayCom Corp - Common Stock,nasdaq
BCPC,Balchem Corporation - Common Stock,nasdaq
BCRX,"BioCryst Pharmaceuticals, Inc. - Common Stock",nasdaq
BCTK,Baron Technology ETF,nasdaq
BCTX,BriaCell Therapeutics Corp. - Common Shares,nasdaq
BCTXL,BriaCell Therapeutics Corp. - Warrants,nasdaq
BCTXZ,BriaCell Therapeutics Corp. - Warrant,nasdaq
BCYC,Bicycle Therapeutics plc - American Depositary Shares,nasdaq
BDCI,BTC Development Corp. - Class A Ordinary Shares,nasdaq
BDCIU,BTC Development Corp. - Unit,nasdaq
BDCIW,BTC Development Corp. - Warrant,nasdaq
BDGS,Bridges Capital Tactical ETF,nasdaq
BDMD,Baird Medical Investment Holdings Ltd - Ordinary Share,nasdaq
BDMDW,Baird Medical Investment Holdings Ltd - Warrant,nasdaq
BDRX,Biodexa Pharmaceuticals plc - American Depositary Shares,nasdaq
BDSX,"Biodesix, Inc. - Common Stock",nasdaq
BDTX,"Black Diamond Therapeutics, Inc. - Common Stock",nasdaq
BDVL,iShares Disciplined Volatility Equity Active ETF,nasdaq
BDYN,iShares Dynamic Equity Active ETF,nasdaq
BEAG,Bold Eagle Acquisition Corp. - Class A Ordinary Shares,nasdaq
BEAGR,Bold Eagle Acquisition Corp. - Right,nasdaq
BEAGU,Bold Eagle Acquisition Corp. - Units,nasdaq
BEAM,Beam Therapeutics Inc. - Common Stock,nasdaq
BEAT,"Heartbeam, Inc. - Common Stock",nasdaq
BEATW,"Heartbeam, Inc. - Warrant",nasdaq
BEDY,BNY Mellon Enhanced Dividend and Income ETF,nasdaq
BEEM,Beam Global - Common Stock,nasdaq
BEEP,Mobile Infrastructure Corporation - Common Stock,nasdaq
BEEX,The Beehive ETF,nasdaq
BEEZ,Honeytree U.S. Equity ETF,nasdaq
BEG,Leverage Shares 2x Long BE Daily ETF,nasdaq
BELFA,Bel Fuse Inc. - Class A Common Stock,nasdaq
BELFB,Bel Fuse Inc. - Class B Common Stock,nasdaq
BELT,iShares U.S. Select Equity Active ETF,nasdaq
BENF,Beneficient - Class A Common Stock,nasdaq
BENFW,Beneficient - Warrant,nasdaq
BETR,Better Home & Finance Holding Company - Class A Common Stock,nasdaq
BETRW,Better Home & Finance Holding Company - Warrant,nasdaq
BFC,Bank First Corporation - Common Stock,nasdaq
BFRG,"Bullfrog AI Holdings, Inc. - Common Stock",nasdaq
BFRGW,"Bullfrog AI Holdings, Inc. - Warrants",nasdaq
BFRI,Biofrontera Inc. - Common Stock,nasdaq
BFRIW,Biofrontera Inc. - Warrants,nasdaq
BFST,"Business First Bancshares, Inc. - Common Stock",nasdaq
BGC,"BGC Group, Inc. - Class A Common Stock",nasdaq
BGIN,Bgin Blockchain Limited - Class A Ordinary Shares,nasdaq
BGL,Blue Gold Limited - Class A ordinary shares,nasdaq
BGLC,BioNexus Gene Lab Corp - Common stock,nasdaq
BGLWW,Blue Gold Limited - Warrant,nasdaq
BGM,BGM Group Ltd. - Class A Ordinary Shares,nasdaq
BGMS,"Bio Green Med Solution, Inc. - Common Stock",nasdaq
BGMSP,"Bio Green Med Solution, Inc. - 6% Convertible Preferred Stock",nasdaq
BGRN,iShares USD Green Bond ETF,nasdaq
BGRO,iShares Large Cap Growth Active ETF,nasdaq
BHAVU,BHAV Acquisition Corp - Units,nasdaq
BHDG,Nicholas Bitcoin Tail ETF,nasdaq
BHF,"Brighthouse Financial, Inc. - Common Stock",nasdaq
BHFAL,"Brighthouse Financial, Inc. - Junior Subordinated Debentures due 2058",nasdaq
BHFAM,"Brighthouse Financial, Inc. - Depositary shares each representing a 1/1,000th Interest in a Share of 4.625% Non-Cumulative Preferred Stock, Series D",nasdaq
BHFAN,"Brighthouse Financial, Inc. - depositary shares, each representing a 1/1,000th interest in a share of 5.375% Non-Cumulative Preferred Stock, Series C",nasdaq
BHFAO,"Brighthouse Financial, Inc. - Depositary Shares, each representing a 1/1,000th interest in a share of 6.750% Non-Cumulative Preferred Stock, Series B",nasdaq
BHFAP,"Brighthouse Financial, Inc. - Depositary Shares 6.6% Non-Cumulative Preferred Stock, Series A",nasdaq
BHRB,Burke & Herbert Financial Services Corp. - Common Stock,nasdaq
BHST,BioHarvest Sciences Inc. - Common Stock,nasdaq
BIAF,"bioAffinity Technologies, Inc. - Common Stock",nasdaq
BIAFW,"bioAffinity Technologies, Inc. - Warrant",nasdaq
BIB,ProShares Ultra Nasdaq Biotechnology,nasdaq
BIDG,Leverage Shares 2X Long BIDU Daily ETF,nasdaq
BIDU,"Baidu, Inc. - American Depositary Shares, each representing 8 ordinary share",nasdaq
BIIB,Biogen Inc. - Common Stock,nasdaq
BILI,Bilibili Inc. - American Depositary Shares,nasdaq
BIOA,"BioAge Labs, Inc. - Common Stock",nasdaq
BIOX,Bioceres Crop Solutions Corp. - Ordinary Shares,nasdaq
BIRD,"Allbirds, Inc. - Class A Common Stock",nasdaq
BIS,ProShares UltraShort Nasdaq Biotechnology,nasdaq
BITF,Bitfarms Ltd. - Common Stock,nasdaq
BITS,Global X Blockchain & Bitcoin Strategy ETF,nasdaq
BIVI,BioVie Inc. - Common stock,nasdaq
BIVIW,BioVie Inc. - Warrant,nasdaq
BIXI,Bitcoin Infrastructure Acquisition Corp Ltd. - Class A Ordinary Shares,nasdaq
BIXIU,Bitcoin Infrastructure Acquisition Corp Ltd. - Units,nasdaq
BIXIW,Bitcoin Infrastructure Acquisition Corp Ltd. - Warrants,nasdaq
BIYA,Baiya International Group Inc.  - Ordinary Shares,nasdaq
BJDX,"Bluejay Diagnostics, Inc. - Common Stock",nasdaq
BJK,VanEck Gaming ETF,nasdaq
BJRI,"BJ's Restaurants, Inc. - Common Stock",nasdaq
BKCH,Global X Blockchain ETF,nasdaq
BKHA,Black Hawk Acquisition Corporation - Class A Ordinary Shares,nasdaq
BKHAR,Black Hawk Acquisition Corporation - Rights,nasdaq
BKHAU,Black Hawk Acquisition Corporation - Units,nasdaq
BKMI,BNY Mellon Municipal Intermediate ETF,nasdaq
BKMS,BNY Mellon Municipal Short Duration ETF,nasdaq
BKNG,Booking Holdings Inc. - Common Stock,nasdaq
BKR,Baker Hughes Company - Common Stock,nasdaq
BKYI,"BIO-key International, Inc. - Common Stock",nasdaq
BL,"BlackLine, Inc. - Common Stock",nasdaq
BLBD,Blue Bird Corporation - Common Stock,nasdaq
BLCN,Siren NexGen Economy ETF,nasdaq
BLCR,iShares Large Cap Core Active ETF,nasdaq
BLDP,"Ballard Power Systems, Inc. - Common Shares",nasdaq
BLFS,"BioLife Solutions, Inc. - Common Stock",nasdaq
BLFY,Blue Foundry Bancorp - Common Stock,nasdaq
BLIN,"Bridgeline Digital, Inc. - Common Stock",nasdaq
BLIV,BeLive Holdings - ordinary shares,nasdaq
BLKB,"Blackbaud, Inc. - Common Stock",nasdaq
BLLN,"BillionToOne, Inc. - Class A common stock",nasdaq
BLMN,"Bloomin' Brands, Inc. - Common Stock",nasdaq
BLNE,"Beeline Holdings, Inc. - Common Stock",nasdaq
BLNK,Blink Charging Co. - Common Stock,nasdaq
BLRK,Bluerock Acquisition Corp. - Class A Ordinary Shares,nasdaq
BLRKU,Bluerock Acquisition Corp. - Units,nasdaq
BLRKW,Bluerock Acquisition Corp. - Warrants,nasdaq
BLRX,BioLineRx Ltd. - American Depositary Shares,nasdaq
BLSG,Leverage Shares 2X Long BLSH Daily ETF,nasdaq
BLTE,"Belite Bio, Inc - American Depositary Shares",nasdaq
BLUW,Blue Water Acquisition Corp. III - Class A Ordinary Shares,nasdaq
BLUWU,Blue Water Acquisition Corp. III - Unit.,nasdaq
BLUWW,Blue Water Acquisition Corp. III - Warrant.,nasdaq
BLZE,"Backblaze, Inc. - Common Stock",nasdaq
BLZR,Trailblazer Acquisition Corp. - Class A Ordinary Shares,nasdaq
BLZRU,Trailblazer Acquisition Corp. - Unit,nasdaq
BLZRW,Trailblazer Acquisition Corp. - Warrant,nasdaq
BMAX,REX Bitcoin Corporate Treasury Convertible Bond ETF,nasdaq
BMBL,Bumble Inc. - common stock,nasdaq
BMEA,"Biomea Fusion, Inc. - Common Stock",nasdaq
BMGL,Basel Medical Group Ltd - ordinary shares,nasdaq
BMHL,Bluemount Holdings Limited - Class B Ordinary Shares,nasdaq
BMM,Blue Moon Metals Inc. - Common Shares,nasdaq
BMNG,Leverage Shares 2X Long BMNR Daily ETF,nasdaq
BMOP,BNY Mellon Municipal Opportunities ETF,nasdaq
BMR,Beamr Imaging Ltd. - Ordinary Share,nasdaq
BMRA,"Biomerica, Inc. - Common Stock",nasdaq
BMRC,Bank of Marin Bancorp - Common Stock,nasdaq
BMRN,BioMarin Pharmaceutical Inc. - Common Stock,nasdaq
BNAI,Brand Engagement Network Inc. - Common Stock,nasdaq
BNAIW,Brand Engagement Network Inc. - Warrant,nasdaq
BNBX,BNB Plus Corp. - Common Stock,nasdaq
BNC,CEA Industries Inc. - Common Stock,nasdaq
BNCWW,CEA Industries Inc. - Warrant,nasdaq
BND,Vanguard Total Bond Market ETF,nasdaq
BNDP,Vanguard Core-Plus Bond Index ETF,nasdaq
BNDW,Vanguard Total World Bond ETF,nasdaq
BNDX,Vanguard Total International Bond ETF,nasdaq
BNGO,"Bionano Genomics, Inc. - Common Stock",nasdaq
BNKK,"Bonk, Inc. - Common Stock",nasdaq
BNR,Burning Rock Biotech Limited - American Depositary Shares,nasdaq
BNRG,Brenmiller Energy Ltd - Ordinary Shares,nasdaq
BNTC,Benitec Biopharma Inc. - Common Stock,nasdaq
BNTX,BioNTech SE - American Depositary Shares,nasdaq
BNZI,"Banzai International, Inc. - Class A Common Stock",nasdaq
BNZIW,"Banzai International, Inc. - Warrant",nasdaq
BODI,"The Beachbody Company, Inc. - Class A Common Stock",nasdaq
BOED,Direxion Daily BA Bear 1X ETF,nasdaq
BOEG,Leverage Shares 2X Long BA Daily ETF,nasdaq
BOEU,Direxion Daily BA Bull 2X ETF,nasdaq
BOF,BranchOut Food Inc. - Common Stock,nasdaq
BOKF,BOK Financial Corporation - Common Stock,nasdaq
BOLD,"Boundless Bio, Inc. - Common Stock",nasdaq
BOLT,"Bolt Biotherapeutics, Inc. - Common Stock",nasdaq
BON,Bon Natural Life Limited - Class A Ordinary Shares,nasdaq
BOOM,DMC Global Inc. - Common Stock,nasdaq
BOSC,B.O.S. Better Online Solutions - Ordinary Shares,nasdaq
BOTJ,"Bank of the James Financial Group, Inc. - Common Stock",nasdaq
BOTT,Themes Humanoid Robotics ETF,nasdaq
BOTZ,Global X Robotics & Artificial Intelligence ETF,nasdaq
BOXL,Boxlight Corporation - Class A Common Stock,nasdaq
BPAC,Blueport Acquisition Ltd - Class A Ordinary Shares,nasdaq
BPACR,Blueport Acquisition Ltd - Rights,nasdaq
BPACU,Blueport Acquisition Ltd - Units,nasdaq
BPOP,"Popular, Inc. - Common Stock",nasdaq
BPOPM,"Popular, Inc. - Popular Capital Trust II - 6.125% Cumulative Monthly Income Trust Preferred Securities",nasdaq
BPRN,"Princeton Bancorp, Inc. - Common Stock",nasdaq
BPYPM,"Brookfield Property Partners L.P. - 6.25% Class A Cumulative Redeemable Preferred Units, Series 1",nasdaq
BPYPN,"Brookfield Property Partners L.P. - 5.750% Class A Cumulative Redeemable Perpetual Preferred Units, Series 3",nasdaq
BPYPO,"Brookfield Property Partners L.P. - 6.375% Class A Cumulative Redeemable Perpetual Preferred Units, Series 2",nasdaq
BPYPP,Brookfield Property Partners L.P. - 6.50% Class A Cumulative Redeemable Perpetual Preferred Units,nasdaq
BRAG,Bragg Gaming Group Inc. - Common Shares,nasdaq
BRAI,Braiin Limited - Common Stock,nasdaq
BRBI,BRBI BR Partners S.A. - ADSs,nasdaq
BRCB,"Black Rock Coffee Bar, Inc. - Class A Common Stock",nasdaq
BREM,iShares Emerging Markets Bond Active ETF,nasdaq
BRES,Burney U.S. Equity Select ETF,nasdaq
BRFH,Barfresh Food Group Inc. - Common Stock,nasdaq
BRHY,iShares High Yield Active ETF,nasdaq
BRID,Bridgford Foods Corporation - Common Stock,nasdaq
BRKD,Direxion Daily BRKB Bear 1X ETF,nasdaq
BRKR,Bruker Corporation - Common Stock,nasdaq
BRKRP,"Bruker Corporation - 6.375% Mandatory Convertible Preferred Stock, Series A",nasdaq
BRKU,Direxion Daily BRKB Bull 2X ETF,nasdaq
BRLS,Borealis Foods Inc. - Class A Common Shares,nasdaq
BRLSW,Borealis Foods Inc. - Warrant,nasdaq
BRLT,"Brilliant Earth Group, Inc. - Class A Common Stock",nasdaq
BRNS,Barinthus Biotherapeutics plc - American Depositary Shares,nasdaq
BRNY,Burney U.S. Factor Rotation ETF,nasdaq
BRR,"ProCap Financial, Inc. - Common Stock",nasdaq
BRRR,Coinshares Bitcoin ETF,nasdaq
BRRWW,"ProCap Financial, Inc. - Warrant.",nasdaq
BRTR,iShares Total Return Active ETF,nasdaq
BRTX,"BioRestorative Therapies, Inc. - Common Stock",nasdaq
BRZE,"Braze, Inc. - Class A Common Stock",nasdaq
BSAA,BEST SPAC I Acquisition Corp. - Class A Ordinary Shares,nasdaq
BSAAR,BEST SPAC I Acquisition Corp. - Rights,nasdaq
BSAAU,BEST SPAC I Acquisition Corp. - Unit,nasdaq
BSBK,Bogota Financial Corp. - Common Stock,nasdaq
BSCQ,Invesco BulletShares 2026 Corporate Bond ETF,nasdaq
BSCR,Invesco BulletShares 2027 Corporate Bond ETF,nasdaq
BSCS,Invesco BulletShares 2028 Corporate Bond ETF,nasdaq
BSCT,Invesco BulletShares 2029 Corporate Bond ETF,nasdaq
BSCU,Invesco BulletShares 2030 Corporate Bond ETF,nasdaq
BSCV,Invesco BulletShares 2031 Corporate Bond ETF,nasdaq
BSCW,Invesco BulletShares 2032 Corporate Bond ETF,nasdaq
BSCX,Invesco BulletShares 2033 Corporate Bond ETF,nasdaq
BSCY,Invesco BulletShares 2034 Corporate Bond ETF,nasdaq
BSCZ,Invesco BulletShares 2035 Corporate Bond ETF,nasdaq
BSET,"Bassett Furniture Industries, Incorporated - Common Stock",nasdaq
BSJQ,Invesco BulletShares 2026 High Yield Corporate Bond ETF,nasdaq
BSJR,Invesco BulletShares 2027 High Yield Corporate Bond ETF,nasdaq
BSJS,Invesco BulletShares 2028 High Yield Corporate Bond ETF,nasdaq
BSJT,Invesco BulletShares 2029 High Yield Corporate Bond ETF,nasdaq
BSJU,Invesco BulletShares 2030 High Yield Corporate Bond ETF,nasdaq
BSJV,Invesco BulletShares 2031 High Yield Corporate Bond ETF,nasdaq
BSJW,Invesco BulletShares 2032 High Yield Corporate Bond ETF,nasdaq
BSJX,Invesco BulletShares 2033 High Yield Corporate Bond ETF,nasdaq
BSMQ,Invesco BulletShares 2026 Municipal Bond ETF,nasdaq
BSMR,Invesco BulletShares 2027 Municipal Bond ETF,nasdaq
BSMS,Invesco BulletShares 2028 Municipal Bond ETF,nasdaq
BSMT,Invesco BulletShares 2029 Municipal Bond ETF,nasdaq
BSMU,Invesco BulletShares 2030 Municipal Bond ETF,nasdaq
BSMV,Invesco BulletShares 2031 Municipal Bond ETF,nasdaq
BSMW,Invesco BulletShares 2032 Municipal Bond ETF,nasdaq
BSMY,Invesco BulletShares 2034 Municipal Bond ETF,nasdaq
BSMZ,Invesco BulletShares 2035 Municipal Bond ETF,nasdaq
BSRR,Sierra Bancorp - Common Stock,nasdaq
BSSX,Invesco BulletShares 2033 Municipal Bond ETF,nasdaq
BSVN,Bank7 Corp. - Common stock,nasdaq
BSVO,EA Bridgeway Omni Small-Cap Value ETF,nasdaq
BSY,"Bentley Systems, Incorporated - Class B Common Stock",nasdaq
BTAI,"BioXcel Therapeutics, Inc. - Common Stock",nasdaq
BTBD,"BT Brands, Inc. - Common Stock",nasdaq
BTBDW,"BT Brands, Inc. - Warrant",nasdaq
BTBT,"Bit Digital, Inc. - Ordinary Share",nasdaq
BTCS,BTCS Inc. - Common Stock,nasdaq
BTCT,BTC Digital Ltd. - Ordinary Shares,nasdaq
BTDR,Bitdeer Technologies Group - Ordinary Shares,nasdaq
BTF,CoinShares Bitcoin and Ether ETF,nasdaq
BTGD,STKd 100% Bitcoin & 100% Gold ETF,nasdaq
BTM,Bitcoin Depot Inc. - Class A Common Stock,nasdaq
BTMD,Biote Corp. - Class A common stock,nasdaq
BTMWW,Bitcoin Depot Inc. - Warrant,nasdaq
BTOC,Armlogi Holding Corp. - common stock,nasdaq
BTOG,Bit Origin Limited - Class A Ordinary Shares,nasdaq
BTQ,BTQ Technologies Corp. - Common Stock,nasdaq
BTSG,"BrightSpring Health Services, Inc. - Common Stock",nasdaq
BTSGU,"BrightSpring Health Services, Inc. - Tangible Equity Unit",nasdaq
BTTC,Black Titan Corp - Ordinary Shares,nasdaq
BU,Defiance Daily Target 2X Long BU ETF,nasdaq
BUFC,AB Conservative Buffer ETF,nasdaq
BUFI,AB International Buffer ETF,nasdaq
BUFM,AB Moderate Buffer ETF,nasdaq
BUG,Global X Cybersecurity ETF,nasdaq
BULD,Pacer BlueStar Engineering the Future ETF,nasdaq
BULG,Leverage Shares 2X Long BULL Daily ETF,nasdaq
BULL,Webull Corporation - Class A Ordinary Shares,nasdaq
BULLW,Webull Corporation - Warrants,nasdaq
BULX,GraniteShares 2x Long BULL Daily ETF,nasdaq
BUSE,First Busey Corporation - Common Stock,nasdaq
BUSEP,"First Busey Corporation - Depositary Shares, Each Representing a 1/40th Interest in a Share of 8.25% Fixed-Rate Series B Non-Cumulative Perpetual Preferred Stock, $0.001 par value",nasdaq
BUUU,BUUU Group Limited - Class A Ordinary Share,nasdaq
BVC,BitVentures Limited - Ordinary Share,nasdaq
BVFL,"BV Financial, Inc. - Common Stock",nasdaq
BVS,Bioventus Inc. - Class A Common Stock,nasdaq
BWAY,BrainsWay Ltd. - American Depositary Shares,nasdaq
BWB,"Bridgewater Bancshares, Inc. - Common Stock",nasdaq
BWBBP,"Bridgewater Bancshares, Inc. - Depositary Shares, Each Representing a 1/100th Interest in a Share of 5.875% Non-Cumulative Perpetual Preferred Stock, Series A",nasdaq
BWEN,"Broadwind, Inc. - Common Stock",nasdaq
BWFG,"Bankwell Financial Group, Inc. - Common Stock",nasdaq
BWIN,"The Baldwin Insurance Group, Inc. - Class A Common Stock",nasdaq
BWMN,Bowman Consulting Group Ltd. - Common Stock,nasdaq
BYAH,"Park Ha Biological Technology Co., Ltd. - Class A Ordinary Shares",nasdaq
BYFC,Broadway Financial Corporation - Class A Common Stock,nasdaq
BYND,"Beyond Meat, Inc. - Common stock",nasdaq
BYRN,"Byrna Technologies, Inc. - Common Stock",nasdaq
BYSI,"BeyondSpring, Inc. - Ordinary Shares",nasdaq
BZ,KANZHUN LIMITED - American Depository Shares,nasdaq
BZAI,"Blaize Holdings, Inc. - Common Stock",nasdaq
BZAIW,"Blaize Holdings, Inc. - Warrant",nasdaq
BZFD,"BuzzFeed, Inc. - Class A Common Stock",nasdaq
BZFDW,"BuzzFeed, Inc. - Warrant",nasdaq
BZUN,Baozun Inc. - American Depositary Shares,nasdaq
CA,Xtrackers California Municipal Bonds ETF,nasdaq
CAAS,"China Automotive Systems, Inc. - Ordinary Share",nasdaq
CABA,"Cabaletta Bio, Inc. - Common Stock",nasdaq
CABR,"Caring Brands, Inc. - Common Stock",nasdaq
CAC,Camden National Corporation - Common Stock,nasdaq
CACC,Credit Acceptance Corporation - Common Stock,nasdaq
CADL,"Candel Therapeutics, Inc. - Common Stock",nasdaq
CAEP,"Cantor Equity Partners III, Inc. - Class A Ordinary Shares",nasdaq
CAFG,Pacer US Small Cap Cash Cows Growth Leaders ETF,nasdaq
CAI,"Caris Life Sciences, Inc. - Common Stock",nasdaq
CAIQ,Calamos Nasdaq Autocallable Income ETF,nasdaq
CAKE,The Cheesecake Factory Incorporated - Common Stock,nasdaq
CALC,"CalciMedica, Inc. - Common Stock",nasdaq
CALI,iShares Short-Term California Muni Active ETF,nasdaq
CALM,"Cal-Maine Foods, Inc. - Common Stock",nasdaq
CAMP,CAMP4 Therapeutics Corporation - Common Stock,nasdaq
CAMT,Camtek Ltd. - Ordinary Shares,nasdaq
CAN,Canaan Inc. - American Depositary Shares,nasdaq
CANC,Tema Oncology ETF,nasdaq
CANQ,Calamos Nasdaq Equity & Income ETF,nasdaq
CAPN,Cayson Acquisition Corp - Ordinary Shares,nasdaq
CAPNR,Cayson Acquisition Corp - Right,nasdaq
CAPNU,Cayson Acquisition Corp - Units,nasdaq
CAPR,"Capricor Therapeutics, Inc. - Common Stock",nasdaq
CAPS,Capstone Holding Corp. - Common Stock,nasdaq
CAPT,Captivision Inc. - Ordinary Shares,nasdaq
CAPTW,Captivision Inc. - Warrant,nasdaq
CAQUU,Cambridge Acquisition Corp. - Unit,nasdaq
CAR,"Avis Budget Group, Inc. - Common Stock",nasdaq
CARE,"Carter Bankshares, Inc. - Common Stock",nasdaq
CARG,"CarGurus, Inc. - Class A Common Stock",nasdaq
CARL,"Carlsmed, Inc. - Common Stock",nasdaq
CART,Maplebear Inc. - Common Stock,nasdaq
CARY,Angel Oak Income ETF,nasdaq
CARZ,First Trust S-Network Future Vehicles & Technology ETF,nasdaq
CASH,"Pathward Financial, Inc. - Common Stock",nasdaq
CASS,"Cass Information Systems, Inc - Common Stock",nasdaq
CAST,"FreeCast, Inc. - Class A common stock",nasdaq
CASY,"Caseys General Stores, Inc. - Common Stock",nasdaq
CATH,Global X S&P 500 Catholic Values ETF,nasdaq
CATY,Cathay General Bancorp - Common Stock,nasdaq
CBAT,"CBAK Energy Technology, Inc. - Common Stock",nasdaq
CBC,"Central Bancompany, Inc. - Class A Common Stock",nasdaq
CBFV,"CB Financial Services, Inc. - Common Stock",nasdaq
CBIO,"Crescent Biopharma, Inc. - Common Stock",nasdaq
CBK,"Commercial Bancgroup, Inc. - Common Stock",nasdaq
CBLL,"CeriBell, Inc. - Common Stock",nasdaq
CBNK,"Capital Bancorp, Inc. - Common Stock",nasdaq
CBRL,"Cracker Barrel Old Country Store, Inc. - Common Stock",nasdaq
CBSH,"Commerce Bancshares, Inc. - Common Stock",nasdaq
CBUS,"Cibus, Inc. - Class A Common Stock",nasdaq
CCAP,"Crescent Capital BDC, Inc. - Common Stock",nasdaq
CCB,Coastal Financial Corporation - Common Stock,nasdaq
CCBG,Capital City Bank Group - Common Stock,nasdaq
CCC,CCC Intelligent Solutions Holdings Inc. - Common Stock,nasdaq
CCCC,"C4 Therapeutics, Inc. - Common Stock",nasdaq
CCD,Calamos Dynamic Convertible & Income Fund - Closed End Fund,nasdaq
CCEC,Capital Clean Energy Carriers Corp. - Common Share,nasdaq
CCEP,Coca-Cola Europacific Partners plc - Ordinary Shares,nasdaq
CCFE,Concourse Capital Focused Equity ETF,nasdaq
CCG,Cheche Group Inc. - Class A Ordinary Shares,nasdaq
CCGWW,Cheche Group Inc. - Warrant,nasdaq
CCHH,CCH Holdings Ltd - Ordinary Shares,nasdaq
CCII,Cohen Circle Acquisition Corp. II - Class A Ordinary Shares,nasdaq
CCIIU,Cohen Circle Acquisition Corp. II - Unit,nasdaq
CCIIW,Cohen Circle Acquisition Corp. II - Warrant,nasdaq
CCIX,Churchill Capital Corp IX - Ordinary Shares,nasdaq
CCIXU,Churchill Capital Corp IX - Unit,nasdaq
CCIXW,Churchill Capital Corp IX - Warrant,nasdaq
CCLD,"CareCloud, Inc. - Common Stock",nasdaq
CCLDO,"CareCloud, Inc. - 8.75% Series B Cumulative Redeemable Perpetual Preferred Stock",nasdaq
CCNE,CNB Financial Corporation - Common Stock,nasdaq
CCNEP,"CNB Financial Corporation - Depositary shares, each representing a 1/40th ownership interest in a share of 7.125% Series A Fixed- Rate Non-Cumulative Perpetual Preferred Stock",nasdaq
CCNR,ALPS/CoreCommodity Natural Resources ETF,nasdaq
CCOI,"Cogent Communications Holdings, Inc. - Common Stock",nasdaq
CCRN,"Cross Country Healthcare, Inc. - Common Stock",nasdaq
CCSB,Carbon Collective Short Duration Green Bond ETF,nasdaq
CCSI,"Consensus Cloud Solutions, Inc. - Common Stock",nasdaq
CCSO,Carbon Collective Climate Solutions U.S. Equity ETF,nasdaq
CCTG,CCSC Technology International Holdings Limited - Class A Ordinary Shares,nasdaq
CCXI,Churchill Capital Corp XI - Class A Ordinary Shares,nasdaq
CCXIU,Churchill Capital Corp XI - Units,nasdaq
CCXIW,Churchill Capital Corp XI - Warrants,nasdaq
CD,Chaince Digital Holdings Inc. - American Ordinary Shares,nasdaq
CDC,VictoryShares US EQ Income Enhanced Volatility Wtd ETF,nasdaq
CDIG,City Different Investments Global Equity ETF,nasdaq
CDIO,Cardio Diagnostics Holdings Inc. - Common stock,nasdaq
CDIOW,Cardio Diagnostics Holdings Inc. - Warrant,nasdaq
CDL,VictoryShares US Large Cap High Div Volatility Wtd ETF,nasdaq
CDLX,"Cardlytics, Inc. - Common Stock",nasdaq
CDNA,"CareDx, Inc. - Common Stock",nasdaq
CDNL,Cardinal Infrastructure Group Inc. - Class A Common Stock,nasdaq
CDNS,"Cadence Design Systems, Inc. - Common Stock",nasdaq
CDRO,"Codere Online Luxembourg, S.A. - Ordinary Shares",nasdaq
CDROW,"Codere Online Luxembourg, S.A. - Warrants",nasdaq
CDT,CDT Equity Inc. - Common Stock,nasdaq
CDTG,CDT Environmental Technology Investment Holdings Limited - ordinary shares,nasdaq
CDTTW,CDT Equity Inc. - Warrant,nasdaq
CDW,CDW Corporation - Common Stock,nasdaq
CDXS,"Codexis, Inc. - Common Stock",nasdaq
CDZI,"Cadiz, Inc. - Common Stock",nasdaq
CDZIP,"Cadiz, Inc. - Depositary Shares",nasdaq
CECO,CECO Environmental Corp. - Common Stock,nasdaq
CEFA,Global X S&P Catholic Values Developed ex-U.S. ETF,nasdaq
CEG,Constellation Energy Corporation - Common Stock When-Issued,nasdaq
CELC,Celcuity Inc. - Common Stock,nasdaq
CELH,"Celsius Holdings, Inc. - Common Stock",nasdaq
CELU,Celularity Inc. - Class A Common Stock,nasdaq
CELUW,Celularity Inc. - Warrant,nasdaq
CELZ,"Creative Medical Technology Holdings, Inc. - Common Stock",nasdaq
CENN,Cenntro Inc. - Common Stock,nasdaq
CENT,Central Garden & Pet Company - Common Stock,nasdaq
CENTA,Central Garden & Pet Company - Class A Common Stock Nonvoting,nasdaq
CENX,Century Aluminum Company - Common Stock,nasdaq
CEPF,"Cantor Equity Partners IV, Inc. - Class A Ordinary Shares",nasdaq
CEPI,REX Crypto Equity Premium Income ETF,nasdaq
CEPO,"Cantor Equity Partners I, Inc. - Class A Ordinary Shares",nasdaq
CEPS,"Cantor Equity Partners VI, Inc. - Class A Ordinary Shares",nasdaq
CEPT,"Cantor Equity Partners II, Inc. - Class A ordinary share",nasdaq
CEPV,"Cantor Equity Partners V, Inc. - Class A Ordinary Shares",nasdaq
CERS,Cerus Corporation - Common Stock,nasdaq
CERT,"Certara, Inc. - Common Stock",nasdaq
CETX,Cemtrex Inc. - Common Stock,nasdaq
CETY,"Clean Energy Technologies, Inc. - Common Stock",nasdaq
CEVA,"CEVA, Inc. - Common Stock",nasdaq
CFA,VictoryShares US 500 Volatility Wtd ETF,nasdaq
CFBK,CF Bankshares Inc. - Common Stock,nasdaq
CFFI,C&F Financial Corporation - Common Stock,nasdaq
CFFN,"Capitol Federal Financial, Inc. - Common Stock",nasdaq
CFO,VictoryShares US 500 Enhanced Volatility Wtd ETF,nasdaq
CG,The Carlyle Group Inc. - Common Stock,nasdaq
CGABL,The Carlyle Group Inc. - 4.625% Subordinated Notes due 2061,nasdaq
CGBD,"Carlyle Secured Lending, Inc. - Closed End Fund",nasdaq
CGC,Canopy Growth Corporation - Common Shares,nasdaq
CGCT,Cartesian Growth Corporation III - Class A Ordinary Shares,nasdaq
CGCTU,Cartesian Growth Corporation III - unit,nasdaq
CGCTW,Cartesian Growth Corporation III - Warrant,nasdaq
CGEM,"Cullinan Therapeutics, Inc. - Common Stock",nasdaq
CGEN,Compugen Ltd. - Ordinary Shares,nasdaq
CGNT,Cognyte Software Ltd. - Ordinary Shares,nasdaq
CGNX,Cognex Corporation - Common Stock,nasdaq
CGO,Calamos Global Total Return Fund - Closed End Fund,nasdaq
CGON,"CG Oncology, Inc. - Common stock",nasdaq
CGTL,Creative Global Technology Holdings Limited - Class A Ordinary Shares,nasdaq
CGTX,"Cognition Therapeutics, Inc. - Common Stock",nasdaq
CHA,"Chagee Holdings Limited - American Depositary Shares, each representing 1 Class A ordinary share",nasdaq
CHAC,Crane Harbor Acquisition Corp. - Class A Ordinary Shares,nasdaq
CHACR,Crane Harbor Acquisition Corp. - Rights,nasdaq
CHACU,Crane Harbor Acquisition Corp. - Units,nasdaq
CHAI,"Core AI Holdings, Inc. - Common Shares",nasdaq
CHAR,Charlton Aria Acquisition Corporation - Class A Ordinary Shares,nasdaq
CHARR,Charlton Aria Acquisition Corporation - Rights,nasdaq
CHARU,Charlton Aria Acquisition Corporation - Units,nasdaq
CHCI,"Comstock Holding Companies, Inc. - Class A Common Stock",nasdaq
CHCO,City Holding Company - Common Stock,nasdaq
CHDN,"Churchill Downs, Incorporated - Common Stock",nasdaq
CHEC,Chenghe Acquisition III Co. - Class A Ordinary Shares,nasdaq
CHECU,Chenghe Acquisition III Co. - Units,nasdaq
CHECW,Chenghe Acquisition III Co. - Warrants,nasdaq
CHEF,"The Chefs' Warehouse, Inc. - Common Stock",nasdaq
CHGX,Stance Sustainable Beta ETF,nasdaq
CHI,Calamos Convertible Opportunities and Income Fund - Closed End Fund,nasdaq
CHKP,Check Point Software Technologies Ltd. - Ordinary Shares,nasdaq
CHMG,Chemung Financial Corp  - Common Stock,nasdaq
CHNR,"China Natural Resources, Inc. - Common Shares",nasdaq
CHPG,ChampionsGate Acquisition Corporation - Class A Ordinary Share,nasdaq
CHPGR,ChampionsGate Acquisition Corporation - Rights,nasdaq
CHPGU,ChampionsGate Acquisition Corporation - Unit,nasdaq
CHPS,Xtrackers Semiconductor Select Equity ETF,nasdaq
CHPX,Global X AI Semiconductor & Quantum ETF,nasdaq
CHR,"Cheer Holding, Inc.  - Class A Ordinary Share",nasdaq
CHRD,Chord Energy Corporation - Common Stock,nasdaq
CHRI,Global X S&P 500 Christian Values ETF,nasdaq
CHRS,"Coherus Oncology, Inc. - Common Stock",nasdaq
CHRW,"C.H. Robinson Worldwide, Inc. - Common Stock",nasdaq
CHSCL,"CHS Inc - Class B Cumulative Redeemable Preferred Stock, Series 4",nasdaq
CHSCM,"CHS Inc - Class B Reset Rate Cumulative Redeemable Preferred Stock, Series 3",nasdaq
CHSCN,CHS Inc - Preferred Class B Series 2 Reset Rate,nasdaq
CHSCO,CHS Inc - Class B Cumulative Redeemable Preferred Stock,nasdaq
CHSCP,CHS Inc - 8%  Cumulative Redeemable Preferred Stock,nasdaq
CHSN,Chanson International Holding - Class A Ordinary Shares,nasdaq
CHTR,"Charter Communications, Inc. - Class A Common Stock",nasdaq
CHW,Calamos Global Dynamic Income Fund - Closed End Fund,nasdaq
CHY,Calamos Convertible and High Income Fund - Closed End Fund,nasdaq
CHYM,"Chime Financial, Inc. - Class A Common Stock",nasdaq
CIBR,First Trust NASDAQ Cybersecurity ETF,nasdaq
CIFG,Leverage Shares 2X Long CIFR Daily ETF,nasdaq
CIFR,Cipher Digital Inc. - Common Stock,nasdaq
CIGI,Colliers International Group Inc.  - Subordinate Voting Shares,nasdaq
CIGL,Concorde International Group Ltd - Class A Ordinary Shares,nasdaq
CIIT,"Tianci International, Inc. - Common Stock",nasdaq
CINF,Cincinnati Financial Corporation - Common Stock,nasdaq
CING,Cingulate Inc. - Common Stock,nasdaq
CINGW,Cingulate Inc. - Warrants,nasdaq
CISO,"CISO Global, Inc. - Common Stock",nasdaq
CISS,C3is Inc. - Common Stock,nasdaq
CIVB,"Civista Bancshares, Inc.  - Common Stock",nasdaq
CJMB,Callan JMB Inc. - Common Stock,nasdaq
CLAR,Clarus Corporation - Common Stock,nasdaq
CLBK,"Columbia Financial, Inc. - Common Stock",nasdaq
CLBT,Cellebrite DI Ltd. - Ordinary Shares,nasdaq
CLDX,"Celldex Therapeutics, Inc. - Common Stock",nasdaq
CLFD,"Clearfield, Inc. - Common Stock",nasdaq
CLGN,CollPlant Biotechnologies Ltd. - Ordinary Shares,nasdaq
CLIK,Click Holdings Limited - Ordinary Share,nasdaq
CLIR,ClearSign Technologies Corporation - Common Stock,nasdaq
CLLS,Cellectis S.A. - American Depositary Shares,nasdaq
CLMB,"Climb Global Solutions, Inc. - Common Stock",nasdaq
CLMT,"Calumet, Inc - Common Stock",nasdaq
CLNE,Clean Energy Fuels Corp. - Common Stock,nasdaq
CLNN,Clene Inc. - Common Stock,nasdaq
CLOA,iShares AAA CLO Active ETF,nasdaq
CLOD,Themes Cloud Computing ETF,nasdaq
CLOU,Global X Cloud Computing ETF,nasdaq
CLOV,"Clover Health Investments, Corp.  - Class A Common stock",nasdaq
CLPS,CLPS Incorporation - Common Stock,nasdaq
CLPT,ClearPoint Neuro Inc. - Common Stock,nasdaq
CLRB,"Cellectar Biosciences, Inc. - Common Stock",nasdaq
CLRO,"ClearOne, Inc. - Common Stock",nasdaq
CLSK,"CleanSpark, Inc. - Common Stock",nasdaq
CLSKW,"CleanSpark, Inc. - Warrant",nasdaq
CLSM,ETC Cabana Target Leading Sector Moderate ETF,nasdaq
CLST,"Catalyst Bancorp, Inc. - common stock",nasdaq
CLWT,Euro Tech Holdings Company Limited - Ordinary Shares,nasdaq
CLYM,"Climb Bio, Inc. - Common Stock",nasdaq
CMBM,Cambium Networks Corporation - Ordinary Shares,nasdaq
CMBO,Wayfinder Dynamic U.S. Interest Rate ETF,nasdaq
CMCO,Columbus McKinnon Corporation - Common Stock,nasdaq
CMCSA,Comcast Corporation - Class A Common Stock,nasdaq
CMCT,Creative Media  - Common Stock,nasdaq
CME,CME Group Inc. - Class A Common Stock,nasdaq
CMGG,Leverage Shares 2X Long CMG Daily ETF,nasdaq
CMII,Columbus Circle Capital Corp II - Class A Ordinary Shares,nasdaq
CMIIU,Columbus Circle Capital Corp II - Unit,nasdaq
CMIIW,Columbus Circle Capital Corp II - Warrant,nasdaq
CMMB,Chemomab Therapeutics Ltd.  - American Depositary Shares,nasdaq
CMND,Clearmind Medicine Inc. - Common Shares,nasdaq
CMPR,Cimpress plc - Ordinary Shares,nasdaq
CMPS,COMPASS Pathways Plc - American Depository Shares,nasdaq
CMPX,"Compass Therapeutics, Inc. - Common Stock",nasdaq
CMRC,"Commerce.com, Inc. - Series 1 Common Stock",nasdaq
CMTL,Comtech Telecommunications Corp. - Common Stock,nasdaq
CMTV,Community Bancorp.  - Common stock,nasdaq
CNCG,Leverage Shares 2X Long CNC Daily ETF,nasdaq
CNCK,Coincheck Group N.V. - Ordinary Shares,nasdaq
CNCKW,Coincheck Group N.V. - Warrants,nasdaq
CNDT,Conduent Incorporated - Common Stock,nasdaq
CNET,ZW Data Action Technologies Inc. - Common Stock,nasdaq
CNEY,CN Energy Group Inc. - Class A Ordinary Shares,nasdaq
CNOB,"ConnectOne Bancorp, Inc. - Common Stock",nasdaq
CNOBP,"ConnectOne Bancorp, Inc. - Depositary Shares (each representing a 1/40th interest in a share of 5.25% Fixed-Rate Reset Non-Cumulative Perpetual Preferred Stock, Series A, par value $0.00 per share)",nasdaq
CNQQ,Rayliant-ChinaAMC Transformative China Tech ETF,nasdaq
CNSP,"CNS Pharmaceuticals, Inc. - Common Stock",nasdaq
CNTA,Centessa Pharmaceuticals plc - American Depositary Shares,nasdaq
CNTB,Connect Biopharma Holdings Limited - Ordinary Shares,nasdaq
CNTN,"Canton Strategic Holdings, Inc. - Common Stock",nasdaq
CNTX,Context Therapeutics Inc. - Common Stock,nasdaq
CNTY,"Century Casinos, Inc. - Common Stock",nasdaq
CNVS,Cineverse Corp. - Class A Common Stock,nasdaq
CNXC,Concentrix Corporation - Common Stock,nasdaq
CNXN,"PC Connection, Inc. - Common Stock",nasdaq
COCH,"Envoy Medical, Inc. - Class A Common Stock",nasdaq
COCHW,"Envoy Medical, Inc. - Warrant",nasdaq
COCO,"The Vita Coco Company, Inc. - Common Stock",nasdaq
COCP,"Cocrystal Pharma, Inc. - Common Stock",nasdaq
CODA,"Coda Octopus Group, Inc. - Common stock",nasdaq
CODX,"Co-Diagnostics, Inc. - Common Stock",nasdaq
COEP,"Coeptis Therapeutics Holdings, Inc. - Common Stock",nasdaq
COEPW,"Coeptis Therapeutics Holdings, Inc. - Warrants",nasdaq
COFS,"ChoiceOne Financial Services, Inc. - Common Stock",nasdaq
COGT,"Cogent Biosciences, Inc. - Common Stock",nasdaq
COHU,"Cohu, Inc. - Common Stock",nasdaq
COIG,Leverage Shares 2X Long COIN Daily ETF,nasdaq
COIN,"Coinbase Global, Inc. - Class A Common Stock",nasdaq
COKE,"Coca-Cola Consolidated, Inc. - Common Stock",nasdaq
COLA,Columbus Acquisition Corp - Ordinary Shares,nasdaq
COLAR,Columbus Acquisition Corp - Rights,nasdaq
COLAU,Columbus Acquisition Corp - Unit,nasdaq
COLB,"Columbia Banking System, Inc. - Common Stock",nasdaq
COLL,"Collegium Pharmaceutical, Inc. - Common Stock",nasdaq
COLM,Columbia Sportswear Company - Common Stock,nasdaq
COMT,iShares GSCI Commodity Dynamic Roll Strategy ETF,nasdaq
CONI,GraniteShares 2x Short COIN Daily ETF,nasdaq
CONL,GraniteShares 2x Long COIN Daily ETF,nasdaq
CONX,Direxion Daily COIN Bull 2X ETF,nasdaq
COO,"The Cooper Companies, Inc.  - Common Stock",nasdaq
COOT,Australian Oilseeds Holdings Limited - Ordinary Shares,nasdaq
COOTW,Australian Oilseeds Holdings Limited - Warrant,nasdaq
COPJ,Sprott Junior Copper Miners ETF,nasdaq
COPP,Sprott Copper Miners ETF,nasdaq
CORO,iShares International Country Rotation Active ETF,nasdaq
CORT,Corcept Therapeutics Incorporated - Common Stock,nasdaq
CORZ,"Core Scientific, Inc. - Common Stock",nasdaq
CORZW,"Core Scientific, Inc. - Tranche 1 Warrants",nasdaq
CORZZ,"Core Scientific, Inc. - Tranche 2 Warrants",nasdaq
COSM,Cosmos Health Inc. - Common Stock,nasdaq
COST,Costco Wholesale Corporation - Common Stock,nasdaq
COTG,Leverage Shares 2X Long COST Daily ETF,nasdaq
COWG,Pacer US Large Cap Cash Cows Growth Leaders ETF,nasdaq
COWS,Amplify Cash Flow Dividend Leaders ETF,nasdaq
COYA,"Coya Therapeutics, Inc. - Common Stock",nasdaq
COYY,GraniteShares YieldBOOST COIN ETF,nasdaq
CPAG,F/m Compoundr U.S. Aggregate Bond ETF,nasdaq
CPB,The Campbell's Company - Common Stock,nasdaq
CPBI,"Central Plains Bancshares, Inc. - Common Stock",nasdaq
CPHC,Canterbury Park Holding Corporation - Common Stock,nasdaq
CPHY,F/m Compoundr High Yield Bond ETF,nasdaq
CPIX,Cumberland Pharmaceuticals Inc. - Common Stock,nasdaq
CPLS,AB Core Plus Bond ETF,nasdaq
CPOP,"Pop Culture Group Co., Ltd - Class A Ordinary Shares",nasdaq
CPRT,"Copart, Inc. - Common Stock",nasdaq
CPRX,"Catalyst Pharmaceuticals, Inc. - Common Stock",nasdaq
CPSH,CPS Technologies Corp. - Common Stock,nasdaq
CPSS,"Consumer Portfolio Services, Inc. - Common Stock",nasdaq
CPZ,Calamos Long/Short Equity & Dynamic Income Trust - Closed End Fund,nasdaq
CRAC,Crown Reserve Acquisition Corp. I - Class A Ordinary Shares,nasdaq
CRACR,Crown Reserve Acquisition Corp. I - Rights,nasdaq
CRACU,Crown Reserve Acquisition Corp. I - Unit,nasdaq
CRACW,Crown Reserve Acquisition Corp. I - Warrant,nasdaq
CRAI,"CRA International,Inc. - Common Stock",nasdaq
CRAN,Crane Harbor Acquisition Corp. II - Class A Ordinary Shares,nasdaq
CRANR,Crane Harbor Acquisition Corp. II - Rights,nasdaq
CRANU,Crane Harbor Acquisition Corp. II - Units,nasdaq
CRAQ,Cal Redwood Acquisition Corp. - Class A Ordinary Shares,nasdaq
CRAQR,Cal Redwood Acquisition Corp. - Right,nasdaq
CRAQU,Cal Redwood Acquisition Corp. - Units,nasdaq
CRBP,"Corbus Pharmaceuticals Holdings, Inc. - Common Stock",nasdaq
CRBU,"Caribou Biosciences, Inc. - Common Stock",nasdaq
CRCG,Leverage Shares 2X Long CRCL Daily ETF,nasdaq
CRCT,"Cricut, Inc. - Class A common stock",nasdaq
CRDF,"Cardiff Oncology, Inc. - Common Stock",nasdaq
CRDL,Cardiol Therapeutics Inc. - Class A Common Shares,nasdaq
CRDO,Credo Technology Group Holding Ltd - Ordinary Shares,nasdaq
CRE,Cre8 Enterprise Limited - Class A Ordinary Shares,nasdaq
CREG,Smart Powerr Corp. - Common Stock,nasdaq
CRESY,"Cresud S.A.C.I.F. y A. - American Depositary Shares, each representing ten shares of Common Stock",nasdaq
CREX,"Creative Realities, Inc. - Common Stock",nasdaq
CRGO,Freightos Limited - Ordinary shares,nasdaq
CRGOW,Freightos Limited - Warrants,nasdaq
CRIS,"Curis, Inc. - Common Stock",nasdaq
CRMD,CorMedix Inc. - Common Stock,nasdaq
CRMG,Leverage Shares 2X Long CRM Daily ETF,nasdaq
CRML,Critical Metals Corp. - Ordinary Shares,nasdaq
CRMLW,Critical Metals Corp. - Warrants,nasdaq
CRMT,"America's Car-Mart, Inc. - Common Stock",nasdaq
CRMU,Leverage Shares 2x Long CRML Daily ETF,nasdaq
CRNC,Cerence Inc. - Common Stock,nasdaq
CRNT,Ceragon Networks Ltd. - Ordinary Shares,nasdaq
CRNX,"Crinetics Pharmaceuticals, Inc. - Common Stock",nasdaq
CRON,Cronos Group Inc. - Common Share,nasdaq
CROX,"Crocs, Inc. - Common Stock",nasdaq
CRSP,CRISPR Therapeutics AG - Common Shares,nasdaq
CRSR,"Corsair Gaming, Inc. - Common Stock",nasdaq
CRTO,Criteo S.A. - American Depositary Shares,nasdaq
CRUS,"Cirrus Logic, Inc. - Common Stock",nasdaq
CRVL,CorVel Corp. - Common Stock,nasdaq
CRVO,CervoMed Inc. - Common Stock,nasdaq
CRVS,"Corvus Pharmaceuticals, Inc. - Common Stock",nasdaq
CRWD,"CrowdStrike Holdings, Inc. - Class A Common Stock",nasdaq
CRWG,Leverage Shares 2X Long CRWV Daily ETF,nasdaq
CRWL,GraniteShares 2x Long CRWD Daily ETF,nasdaq
CRWS,"Crown Crafts, Inc. - Common Stock",nasdaq
CRWV,"CoreWeave, Inc. - Class A Common Stock",nasdaq
CSAI,"Cloudastructure, Inc. - Class A Common Stock",nasdaq
CSB,VictoryShares US Small Cap High Div Volatility Wtd ETF,nasdaq
CSBR,"Champions Oncology, Inc. - Common Stock",nasdaq
CSCL,Direxion Daily CSCO Bull 2X ETF,nasdaq
CSCO,"Cisco Systems, Inc. - Common Stock",nasdaq
CSCS,Direxion Daily CSCO Bear 1X ETF,nasdaq
CSGP,"CoStar Group, Inc. - Common Stock",nasdaq
CSGS,"CSG Systems International, Inc. - Common Stock",nasdaq
CSIQ,Canadian Solar Inc. - Common Shares,nasdaq
CSPI,CSP Inc. - Common Stock,nasdaq
CSQ,Calamos Strategic Total Return Fund - Closed End Fund,nasdaq
CSTE,Caesarstone Ltd. - Ordinary Shares,nasdaq
CSTL,"Castle Biosciences, Inc. - Common stock",nasdaq
CSWC,Capital Southwest Corporation - Common Stock,nasdaq
CSX,CSX Corporation - Common Stock,nasdaq
CTAAU,ClearThink 1 Acquisition Corp. - Units,nasdaq
CTAS,Cintas Corporation - Common Stock,nasdaq
CTBI,"Community Trust Bancorp, Inc. - Common Stock",nasdaq
CTEC,Global X CleanTech ETF,nasdaq
CTKB,"Cytek Biosciences, Inc. - Common Stock",nasdaq
CTLP,"Cantaloupe, Inc. - Common Stock",nasdaq
CTMX,"CytomX Therapeutics, Inc. - Common Stock",nasdaq
CTNM,"Contineum Therapeutics, Inc. - Common stock",nasdaq
CTNT,Cheetah Net Supply Chain Service Inc. - Class A Common Stock,nasdaq
CTOR,"Citius Oncology, Inc.  - Common Stock",nasdaq
CTRM,Castor Maritime Inc. - Common Shares,nasdaq
CTRN,"Citi Trends, Inc. - Common Stock",nasdaq
CTSH,Cognizant Technology Solutions Corporation - Class A Common Stock,nasdaq
CTSO,Cytosorbents Corporation - Common Stock,nasdaq
CTW,CTW Cayman - Class A Ordinary Shares,nasdaq
CTXR,"Citius Pharmaceuticals, Inc. - Common Stock",nasdaq
CUB,Lionheart Holdings - Class A Ordinary Shares,nasdaq
CUBWU,Lionheart Holdings - Unit,nasdaq
CUBWW,Lionheart Holdings - Warrant,nasdaq
CUE,"Cue Biopharma, Inc. - Common Stock",nasdaq
CULP,"Culp, Inc. - Common Shares",nasdaq
CUPR,Cuprina Holdings (Cayman) Limited - Ordinary shares,nasdaq
CURI,CuriosityStream Inc.  - Class A Common Stock,nasdaq
CURR,Currenc Group Inc. - Ordinary Shares,nasdaq
CURX,Curanex Pharmaceuticals Inc - Common Stock,nasdaq
CUSD,CrossingBridge Ultra-Short Duration ETF,nasdaq
CV,"CapsoVision, Inc. - Common Stock",nasdaq
CVBF,CVB Financial Corporation - Common Stock,nasdaq
CVCO,"Cavco Industries, Inc. - Common Stock",nasdaq
CVGI,"Commercial Vehicle Group, Inc. - Common Stock",nasdaq
CVGW,"Calavo Growers, Inc. - Common Stock",nasdaq
CVKD,"Cadrenal Therapeutics, Inc. - Common Stock",nasdaq
CVLT,"Commvault Systems, Inc. - Common Stock",nasdaq
CVNX,Defiance Daily Target 2X Long CVNA ETF,nasdaq
CVRX,"CVRx, Inc. - Common Stock",nasdaq
CVV,CVD Equipment Corporation - Common Stock,nasdaq
CWBC,Community West Bancshares - Common Stock,nasdaq
CWCO,Consolidated Water Co. Ltd. - Ordinary Shares,nasdaq
CWD,CaliberCos Inc. - Class A Common Stock,nasdaq
CWST,"Casella Waste Systems, Inc. - Class A Common Stock",nasdaq
CXAI,CXApp Inc. - Class A Common Stock,nasdaq
CXAIW,CXApp Inc. - Warrant,nasdaq
CXDO,"Crexendo, Inc. - Common Stock",nasdaq
CXSE,WisdomTree China ex-State-Owned Enterprises Fund,nasdaq
CYCN,"Cyclerion Therapeutics, Inc. - Common Stock",nasdaq
CYCU,"Cycurion, Inc. - Common Stock",nasdaq
CYCUW,"Cycurion, Inc. - Warrants",nasdaq
CYN,Cyngn Inc. - Common stock,nasdaq
CYPH,Cypherpunk Technologies Inc. - Common Stock,nasdaq
CYRX,"CryoPort, Inc. - Common Stock",nasdaq
CYTK,"Cytokinetics, Incorporated - Common Stock",nasdaq
CZAR,Themes Natural Monopoly ETF,nasdaq
CZFS,"Citizens Financial Services, Inc. - Common Stock",nasdaq
CZNC,Citizens & Northern Corp - Common Stock,nasdaq
CZR,"Caesars Entertainment, Inc. - Common Stock",nasdaq
CZWI,"Citizens Community Bancorp, Inc. - Common Stock",nasdaq
DAAQ,Digital Asset Acquisition Corp. - Class A Ordinary shares,nasdaq
DAAQU,Digital Asset Acquisition Corp. - Units,nasdaq
DAAQW,Digital Asset Acquisition Corp. - Warrant,nasdaq
DADS,Digital Asset Debt Strategy ETF,nasdaq
DAIC,"CID HoldCo, Inc. - Common Stock",nasdaq
DAICW,"CID HoldCo, Inc. - Warrants",nasdaq
DAIO,Data I/O Corporation - Common Stock,nasdaq
DAK,Dakota Active Equity ETF,nasdaq
DAKT,"Daktronics, Inc. - Common Stock",nasdaq
DALI,First Trust Dorsey Wright DALI Equity ETF,nasdaq
DAPP,VanEck Digital Transformation ETF,nasdaq
DARE,"Dare Bioscience, Inc. - Common Stock",nasdaq
DASH,"DoorDash, Inc. - Common Stock",nasdaq
DAVE,Dave Inc.  - Class A Common Stock,nasdaq
DAVEW,Dave Inc.  - Warrants,nasdaq
DAWN,"Day One Biopharmaceuticals, Inc. - Common Stock",nasdaq
DAX,Global X DAX Germany ETF,nasdaq
DBCA,D. Boral Acquisition I Corp. - Class A Ordinary Shares,nasdaq
DBCAU,D. Boral Acquisition I Corp. - Unit,nasdaq
DBCAW,D. Boral Acquisition I Corp. - Warrants,nasdaq
DBGI,"Digital Brands Group, Inc. - Common Stock",nasdaq
DBSC,Deepwater Beachfront Small Cap ETF,nasdaq
DBVT,DBV Technologies S.A. - American Depositary Shares,nasdaq
DBX,"Dropbox, Inc. - Class A Common Stock",nasdaq
DCBO,Docebo Inc. - Common Shares,nasdaq
DCGO,DocGo Inc. - Common Stock,nasdaq
DCOM,"Dime Community Bancshares, Inc. - Common Stock",nasdaq
DCOMG,"Dime Community Bancshares, Inc. - 9.000% Fixed-to-Floating Rate Subordinated Notes due 2034",nasdaq
DCOMP,"Dime Community Bancshares, Inc. - Fixed-Rate Non-Cumulative Perpetual Preferred Stock, Series A",nasdaq
DCOY,Decoy Therapeutics Inc. - Common Stock,nasdaq
DCTH,"Delcath Systems, Inc. - Common Stock",nasdaq
DCX,Digital Currency X Technology Inc. - Class A Ordinary Shares,nasdaq
DDI,"DoubleDown Interactive Co., Ltd. - American Depository Shares",nasdaq
DDIV,First Trust Dorsey Wright Momentum & Dividend ETF,nasdaq
DDOG,"Datadog, Inc. - Class A Common Stock",nasdaq
DECO,State Street Galaxy Digital Asset Ecosystem ETF,nasdaq
DEFT,"Defi Technologies, Inc. - Common Stock",nasdaq
DEMZ,Democratic Large Cap Core ETF,nasdaq
DERM,Journey Medical Corporation - Common Stock,nasdaq
DEVS,DevvStream Corp. - Common Stock,nasdaq
DFDV,DeFi Development Corp. - Common Stock,nasdaq
DFDVW,DeFi Development Corp. - Warrant,nasdaq
DFGP,Dimensional Global Core Plus Fixed Income ETF,nasdaq
DFGX,Dimensional International Core Fixed Income ETF,nasdaq
DFLI,Dragonfly Energy Holdings Corp - Common Stock,nasdaq
DFLIW,Dragonfly Energy Holdings Corp - Warrant,nasdaq
DFNS,T3 Defense Inc. - Common Stock,nasdaq
DFNSW,T3 Defense Inc. - Warrants,nasdaq
DFSC,"DEFSEC Technologies Inc. - common stock, no R/S concurrent with offering",nasdaq
DFSCW,DEFSEC Technologies Inc. - warrant,nasdaq
DFTX,"Definium Therapeutics, Inc.  - Common Shares",nasdaq
DGCB,Dimensional Global Credit ETF,nasdaq
DGICA,"Donegal Group, Inc. - Class A Common Stock",nasdaq
DGICB,"Donegal Group, Inc. - Class B Common Stock",nasdaq
DGII,Digi International Inc. - Common Stock,nasdaq
DGLO,First Trust RBA Deglobalization ETF,nasdaq
DGNX,Diginex Limited - Ordinary Shares,nasdaq
DGRE,WisdomTree Emerging Markets Quality Dividend Growth Fund,nasdaq
DGRS,WisdomTree U.S. SmallCap Quality Dividend Growth Fund,nasdaq
DGRW,WisdomTree U.S. Quality Dividend Growth Fund,nasdaq
DGXX,Digi Power X Inc. - Common Subordinate Voting Shares,nasdaq
DH,Definitive Healthcare Corp. - Class A Common Stock,nasdaq
DHC,Diversified Healthcare Trust  - Common Shares of Beneficial Interest,nasdaq
DHCNI,Diversified Healthcare Trust  - 5.625% Senior Notes due 2042,nasdaq
DHCNL,Diversified Healthcare Trust  - 6.25% Senior Notes Due 2046,nasdaq
DHIL,"Diamond Hill Investment Group, Inc. - Class A Common Stock",nasdaq
DIBS,"1stdibs.com, Inc. - Common Stock",nasdaq
DIME,CoinShares Altcoins ETF,nasdaq
DIOD,Diodes Incorporated - Common Stock,nasdaq
DIVD,Altrius Global Dividend ETF,nasdaq
DJCO,Daily Journal Corp. (S.C.) - Common Stock,nasdaq
DJT,Trump Media & Technology Group Corp. - Common Stock,nasdaq
DJTWW,Trump Media & Technology Group Corp. - Warrants,nasdaq
DKI,DarkIris Inc. - Class A Ordinary Shares,nasdaq
DKNG,DraftKings Inc. - Class A Common Stock,nasdaq
DKNX,Defiance Daily Target 2X Long DKNG ETF,nasdaq
DLHC,DLH Holdings Corp. - Common Stock,nasdaq
DLLL,GraniteShares 2x Long DELL Daily ETF,nasdaq
DLO,DLocal Limited - Class A Common Shares,nasdaq
DLPN,"Dolphin Entertainment, Inc. - Common Stock",nasdaq
DLTH,Duluth Holdings Inc. - Class B Common Stock,nasdaq
DLTR,"Dollar Tree, Inc. - Common Stock",nasdaq
DLXY,Delixy Holdings Limited - Class A Ordinary Shares,nasdaq
DMAA,Drugs Made In America Acquisition Corp. - Ordinary Shares,nasdaq
DMAAR,Drugs Made In America Acquisition Corp. - Rights,nasdaq
DMAAU,Drugs Made In America Acquisition Corp. - Units,nasdaq
DMAC,DiaMedica Therapeutics Inc. - Common Stock,nasdaq
DMII,Drugs Made In America Acquisition II Corp. - Ordinary Shares,nasdaq
DMIIR,Drugs Made In America Acquisition II Corp. - Right,nasdaq
DMIIU,Drugs Made In America Acquisition II Corp. - Unit,nasdaq
DMLP,"Dorchester Minerals, L.P. - Common Units Representing Limited Partnership Interests",nasdaq
DMRA,"Damora Therapeutics, Inc. - Common Stock",nasdaq
DMRC,Digimarc Corporation - Common Stock,nasdaq
DMXF,iShares ESG Advanced MSCI EAFE ETF,nasdaq
DNLI,Denali Therapeutics Inc. - Common Stock,nasdaq
DNMX,Dynamix Corporation III - Class A Ordinary Shares,nasdaq
DNMXU,Dynamix Corporation III - Unit,nasdaq
DNMXW,Dynamix Corporation III - Warrants,nasdaq
DNNG,Leverage Shares 2x Long DNN Daily ETF,nasdaq
DNTH,"Dianthus Therapeutics, Inc. - Common Stock",nasdaq
DNUT,"Krispy Kreme, Inc. - Common Stock",nasdaq
DOCU,"DocuSign, Inc. - Common Stock",nasdaq
DOGZ,Dogness (International) Corporation - Class A Common Stock,nasdaq
DOMH,Dominari Holdings Inc. - Common Stock,nasdaq
DOMO,"Domo, Inc. - Class B Common Stock",nasdaq
DOO,BRP Inc. - Common Subordinate Voting Shares,nasdaq
DORM,"Dorman Products, Inc. - Common Stock",nasdaq
DOX,Amdocs Limited - Ordinary Shares,nasdaq
DOYU,DouYu International Holdings Limited - American Depositary Shares,nasdaq
DPRO,Draganfly Inc. - Common Shares,nasdaq
DPZ,Domino's Pizza Inc - Common Stock,nasdaq
DRCT,"Direct Digital Holdings, Inc. - Class A Common Stock",nasdaq
DRDB,Roman DBDR Acquisition Corp. II - Ordinary shares,nasdaq
DRDBU,Roman DBDR Acquisition Corp. II - Unit,nasdaq
DRDBW,Roman DBDR Acquisition Corp. II - Warrants,nasdaq
DRH,Diamondrock Hospitality Company - Common Stock,nasdaq
DRIO,DarioHealth Corp. - Common Stock,nasdaq
DRIV,Global X Autonomous & Electric Vehicles ETF,nasdaq
DRMA,"Dermata Therapeutics, Inc. - Common Stock",nasdaq
DRMAW,"Dermata Therapeutics, Inc. - Warrant",nasdaq
DRNZ,REX Drone ETF,nasdaq
DRS,"Leonardo DRS, Inc. - Common Stock",nasdaq
DRTS,Alpha Tau Medical Ltd. - Ordinary Shares,nasdaq
DRTSW,Alpha Tau Medical Ltd. - Warrant,nasdaq
DRUG,Bright Minds Biosciences Inc. - common stock,nasdaq
DRVN,Driven Brands Holdings Inc. - Common Stock,nasdaq
DSAC,Daedalus Special Acquisition Corp. - Class A Ordinary Shares,nasdaq
DSACU,Daedalus Special Acquisition Corp. - Unit,nasdaq
DSACW,Daedalus Special Acquisition Corp. - Warrant,nasdaq
DSGN,"Design Therapeutics, Inc. - Common Stock",nasdaq
DSGR,"Distribution Solutions Group, Inc. - Common Stock",nasdaq
DSGX,The Descartes Systems Group Inc. - Common Stock,nasdaq
DSP,Viant Technology Inc. - common stock,nasdaq
DSWL,"Deswell Industries, Inc. - Common Shares",nasdaq
DSY,Big Tree Cloud Holdings Limited - Class A Ordinary Shares,nasdaq
DSYWW,Big Tree Cloud Holdings Limited - Warrants,nasdaq
DTCK,Davis Commodities Limited - Class A Ordinary Shares,nasdaq
DTCR,Global X Data Center & Digital Infrastructure ETF,nasdaq
DTCX,"Datacentrex, Inc. - Common Stock",nasdaq
DTI,Drilling Tools International Corporation  - Common Stock,nasdaq
DTIL,"Precision BioSciences, Inc. - Common Stock",nasdaq
DTSQ,DT Cloud Star Acquisition Corporation - Ordinary Shares,nasdaq
DTSQR,DT Cloud Star Acquisition Corporation - Right,nasdaq
DTSQU,DT Cloud Star Acquisition Corporation - Units,nasdaq
DTSS,Datasea Inc. - Common Stock,nasdaq
DTST,Data Storage Corporation - Common Stock,nasdaq
DTSTW,Data Storage Corporation - Warrant,nasdaq
DUKH,Ocean Park High Income ETF,nasdaq
DUKX,Ocean Park International ETF,nasdaq
DUO,Fangdd Network Group Ltd. - Class A Ordinary Shares,nasdaq
DUOG,Leverage Shares 2X Long DUOL Daily ETF,nasdaq
DUOL,"Duolingo, Inc. - Class A Common Stock",nasdaq
DUOT,"Duos Technologies Group, Inc. - Common Stock",nasdaq
DVAL,BrandywineGLOBAL-Dynamic US Large Cap Value ETF,nasdaq
DVGR,DAC 3D Dividend Growth ETF,nasdaq
DVIN,WEBs Industrials XLI Defined Volatility ETF,nasdaq
DVLT,Datavault AI Inc. - Common Stock,nasdaq
DVLU,First Trust Dorsey Wright Momentum & Value ETF,nasdaq
DVOL,First Trust Dorsey Wright Momentum & Low Volatility ETF,nasdaq
DVQQ,WEBs QQQ Defined Volatility ETF,nasdaq
DVRE,WEBs Real Estate XLRE Defined Volatility ETF,nasdaq
DVSP,WEBs SPY Defined Volatility ETF,nasdaq
DVUT,WEBs Utilities XLU Defined Volatility ETF,nasdaq
DVXB,WEBs Materials XLB Defined Volatility ETF,nasdaq
DVXC,WEBs Communication Services XLC Defined Volatility ETF,nasdaq
DVXE,WEBs Energy XLE Defined Volatility ETF,nasdaq
DVXF,WEBs Financial XLF Defined Volatility ETF,nasdaq
DVXK,WEBs Technology XLK Defined Volatility ETF,nasdaq
DVXP,WEBs Consumer Staples XLP Defined Volatility ETF,nasdaq
DVXV,WEBs Health Care XLV Defined Volatility ETF,nasdaq
DVXY,WEBs Consumer Discretionary XLY Defined Volatility ETF,nasdaq
DVY,iShares Select Dividend ETF,nasdaq
DWAS,Invesco Dorsey Wright SmallCap Momentum ETF,nasdaq
DWAW,AdvisorShares Dorsey Wright FSM All Cap World ETF,nasdaq
DWSH,AdvisorShares Dorsey Wright Short ETF,nasdaq
DWSN,Dawson Geophysical Company - Common Stock,nasdaq
DWTX,"Dogwood Therapeutics, Inc.  - Common Stock",nasdaq
DWUS,AdvisorShares Dorsey Wright FSM US Core ETF,nasdaq
DXCM,"DexCom, Inc. - Common Stock",nasdaq
DXLG,"Destination XL Group, Inc. - Common Stock",nasdaq
DXPE,"DXP Enterprises, Inc. - Common Stock",nasdaq
DXR,Daxor Corporation - Closed End Fund,nasdaq
DXST,Decent Holding Inc. - Class A Ordinary Shares,nasdaq
DYAI,"Dyadic International, Inc. - Common Stock",nasdaq
DYFI,IDX Dynamic Fixed Income ETF,nasdaq
DYN,"Dyne Therapeutics, Inc. - Common Stock",nasdaq
DYNB,Hartford Dynamic Bond ETF,nasdaq
DYOR,Insight Digital Partners II - Class A Ordinary Shares,nasdaq
DYORU,Insight Digital Partners II - Units,nasdaq
DYORW,Insight Digital Partners II - Warrants,nasdaq
DYTA,SGI Dynamic Tactical ETF,nasdaq
EA,Electronic Arts Inc. - Common Stock,nasdaq
EART,Global X Rare Earth & Critical Materials ETF,nasdaq
EASY,Liberty One Defensive Dividend Growth ETF,nasdaq
EBAY,eBay Inc. - Common Stock,nasdaq
EBC,"Eastern Bankshares, Inc. - Common Stock",nasdaq
EBI,Longview Advantage ETF,nasdaq
EBIZ,Global X E-commerce ETF,nasdaq
EBMT,"Eagle Bancorp Montana, Inc. - Common Stock",nasdaq
EBON,Ebang International Holdings Inc. - Class A Ordinary Shares,nasdaq
ECBK,"ECB Bancorp, Inc. - Common Stock",nasdaq
ECOR,"electroCore, Inc. - Common Stock",nasdaq
ECOW,Pacer Emerging Markets Cash Cows 100 ETF,nasdaq
ECPG,Encore Capital Group Inc - Common Stock,nasdaq
ECX,ECARX Holdings Inc. - Class A Ordinary shares,nasdaq
ECXWW,ECARX Holdings Inc. - Warrants,nasdaq
EDAP,"EDAP TMS S.A. - American Depositary Shares, each representing One Ordinary Share",nasdaq
EDBL,Edible Garden AG Incorporated - Common Stock,nasdaq
EDBLW,Edible Garden AG Incorporated - Warrant,nasdaq
EDHL,Everbright Digital Holding Limited - Ordinary Shares,nasdaq
EDIT,"Editas Medicine, Inc. - Common Stock",nasdaq
EDRY,EuroDry Ltd. - Common Shares,nasdaq
EDSA,"Edesa Biotech, Inc. - Common Shares",nasdaq
EDTK,Skillful Craftsman Education Technology Limited - Ordinary Share,nasdaq
EDUC,Educational Development Corporation - Common Stock,nasdaq
EEE,CYBER HORNET S&P 500 and Ethereum 75/25 Strategy ETF,nasdaq
EEFT,"Euronet Worldwide, Inc. - Common Stock",nasdaq
EEIQ,EpicQuest Education Group International Limited - Common Stock,nasdaq
EEMA,iShares MSCI Emerging Markets Asia ETF,nasdaq
EFAS,Global X MSCI SuperDividend EAFE ETF,nasdaq
EFOI,"Energy Focus, Inc. - Common Stock",nasdaq
EFRA,iShares Environmental Infrastructure and Industrials ETF,nasdaq
EFSC,Enterprise Financial Services Corporation - Common Stock,nasdaq
EFSCP,"Enterprise Financial Services Corporation - Depositary Shares Each Representing a 1/40th Interest in a Share of 5% Fixed Rate Non-Cumulative Perpetual Preferred Stock, Series A",nasdaq
EFSI,Eagle Financial Services Inc - Common Stock,nasdaq
EFTY,"Etoiles Capital Group Co., Ltd. - Class A Ordinary Shares",nasdaq
EGAN,eGain Corporation - Common Stock,nasdaq
EGBN,"Eagle Bancorp, Inc. - Common Stock",nasdaq
EGGQ,NestYield Visionary ETF,nasdaq
EGHA,EGH Acquisition Corp. - Class A ordinary shares,nasdaq
EGHAR,EGH Acquisition Corp. - rights,nasdaq
EGHAU,EGH Acquisition Corp. - Unit,nasdaq
EGHT,8x8 Inc - Common stock,nasdaq
EH,EHang Holdings Limited - ADS,nasdaq
EHGO,Eshallgo Inc. - Class A Ordinary Shares,nasdaq
EHLD,Euroholdings Ltd. - Common Stock,nasdaq
EHLS,Even Herd Long Short ETF,nasdaq
EHTH,"eHealth, Inc. - Common Stock",nasdaq
EIKN,"Eikon Therapeutics, Inc. - Common Stock",nasdaq
EJH,E-Home Household Service Holdings Limited - Ordinary shares,nasdaq
EKG,First Trust Nasdaq Lux Digital Health Solutions ETF,nasdaq
EKSO,"Ekso Bionics Holdings, Inc. - Common Stock",nasdaq
ELAB,PMGC Holdings Inc. - Common Stock,nasdaq
ELBM,Electra Battery Materials Corporation - Common Stock,nasdaq
ELDN,"Eledon Pharmaceuticals, Inc. - Common Stock",nasdaq
ELE,Elemental Royalty Corporation - Common Stock,nasdaq
ELFY,ALPS Electrification Infrastructure ETF,nasdaq
ELIL,Direxion Daily LLY Bull 2X ETF,nasdaq
ELIS,Direxion Daily LLY Bear 1X ETF,nasdaq
ELOG,Eastern International Ltd. - Ordinary Shares,nasdaq
ELPW,Elong Power Holding Limited - Class A Ordinary Shares,nasdaq
ELSE,"Electro-Sensors, Inc. - Common Stock",nasdaq
ELTK,Eltek Ltd. - Ordinary Shares,nasdaq
ELTX,"Elicio Therapeutics, Inc. - Common Stock",nasdaq
ELUT,"Elutia, Inc. - Class A Common Stock",nasdaq
ELVA,Electrovaya Inc. - Common Shares,nasdaq
ELVN,"Enliven Therapeutics, Inc.  - Common Stock",nasdaq
ELVR,Elevra Lithium Limited - American Depository Shares,nasdaq
ELWT,"Elauwit Connection, Inc. - Common Stock",nasdaq
EM,Smart Share Global Limited - American Depositary Shares,nasdaq
EMAT,Evolution Metals & Technologies Corp. - Common Stock,nasdaq
EMB,iShares J.P. Morgan USD Emerging Markets Bond ETF,nasdaq
EMBC,Embecta Corp. - Common Stock,nasdaq
EMCB,WisdomTree Emerging Markets Corporate Bond Fund,nasdaq
EMEQ,Nomura Focused Emerging Markets Equity ETF,nasdaq
EMIF,iShares Emerging Markets Infrastructure ETF,nasdaq
EMIS,Emmis Acquisition Corp. - Class A Ordinary Share,nasdaq
EMISR,Emmis Acquisition Corp. - Rights,nasdaq
EML,Eastern Company (The) - Common Stock,nasdaq
EMPD,Empery Digital Inc. - Common stock,nasdaq
EMPG,Empro Group Inc. - Ordinary shares,nasdaq
EMXC,iShares MSCI Emerging Markets ex China ETF,nasdaq
EMXF,iShares ESG Advanced MSCI EM ETF,nasdaq
ENDW,Cambria Endowment Style ETF,nasdaq
ENGN,enGene Holdings Inc. - Common Stock,nasdaq
ENGNW,enGene Holdings Inc. - Warrants,nasdaq
ENGS,Energys Group Limited - Ordinary Shares,nasdaq
ENHI,iShares Enhanced International Active ETF,nasdaq
ENHU,iShares Enhanced Large Cap Core Active ETF,nasdaq
ENLT,Enlight Renewable Energy Ltd. - Ordinary Shares,nasdaq
ENLV,Enlivex Ltd. - Ordinary Shares,nasdaq
ENPH,"Enphase Energy, Inc. - Common Stock",nasdaq
ENSC,"Ensysce Biosciences, Inc. - Common Stock",nasdaq
ENSG,"The Ensign Group, Inc. - Common Stock",nasdaq
ENTA,"Enanta Pharmaceuticals, Inc. - Common Stock",nasdaq
ENTG,"Entegris, Inc. - Common Stock",nasdaq
ENTX,Entera Bio Ltd. - Ordinary Shares,nasdaq
ENVB,"Enveric Biosciences, Inc.  - Common Stock",nasdaq
ENVX,Enovix Corporation - Common Stock,nasdaq
ENZL,iShares MSCI New Zealand ETF,nasdaq
EOLS,"Evolus, Inc. - Common Stock",nasdaq
EOSE,"Eos Energy Enterprises, Inc. - Common Stock",nasdaq
EPOW,E-Power Inc. - Class A Ordinary Shares,nasdaq
EPRX,Eupraxia Pharmaceuticals Inc. - Common Stock,nasdaq
EPSM,Epsium Enterprise Limited - Class A Ordinary Shares,nasdaq
EPSN,Epsilon Energy Ltd. - Common Shares,nasdaq
EQ,"Equillium, Inc. - Common Stock",nasdaq
EQIX,"Equinix, Inc. - Common Stock",nasdaq
EQPT,EquipmentShare.com Inc - Class A Common Stock,nasdaq
EQRR,ProShares Equities for Rising Rates ETF,nasdaq
ERAS,"Erasca, Inc. - Common Stock",nasdaq
ERET,iShares Environmentally Aware Real Estate ETF,nasdaq
ERIC,Ericsson - American Depositary Shares each representing 1 underlying Class B share,nasdaq
ERIE,Erie Indemnity Company - Class A Common Stock,nasdaq
ERII,"Energy Recovery, Inc. - Common Stock",nasdaq
ERNA,Ernexa Therapeutics Inc. - Common Stock,nasdaq
ERNAW,Ernexa Therapeutics Inc. - Warrants,nasdaq
ERNZ,TrueShares Active Yield ETF,nasdaq
ESCA,"Escalade, Incorporated - Common Stock",nasdaq
ESEA,Euroseas Ltd. - Common Stock,nasdaq
ESGD,iShares ESG Aware MSCI EAFE ETF,nasdaq
ESGE,iShares ESG Aware MSCI EM ETF,nasdaq
ESGU,iShares ESG Aware MSCI USA ETF,nasdaq
ESHA,ESH Acquisition Corp. - Class A Common Stock,nasdaq
ESHAR,ESH Acquisition Corp. - Right,nasdaq
ESLA,"Estrella Immunopharma, Inc. - Common Stock",nasdaq
ESLAW,"Estrella Immunopharma, Inc. - Warrant",nasdaq
ESLT,Elbit Systems Ltd. - Ordinary Shares,nasdaq
ESMV,iShares ESG Optimized MSCI USA Min Vol Factor ETF,nasdaq
ESN,Essential 40 Stock ETF,nasdaq
ESOA,Energy Services of America Corporation - Common Stock,nasdaq
ESPO,VanEck Video Gaming and eSports ETF,nasdaq
ESPR,"Esperion Therapeutics, Inc. - Common Stock",nasdaq
ESQ,"Esquire Financial Holdings, Inc. - Common Stock",nasdaq
ESTA,Establishment Labs Holdings Inc. - Common Shares,nasdaq
ETEC,iShares Breakthrough Environmental Solutions ETF,nasdaq
ETHA,iShares Ethereum Trust ETF,nasdaq
ETHB,iShares Staked Ethereum Trust ETF,nasdaq
ETHM,Dynamix Corporation - Class A Ordinary Share,nasdaq
ETHMU,Dynamix Corporation - Unit,nasdaq
ETHMW,Dynamix Corporation - Warrant,nasdaq
ETON,"Eton Pharmaceuticals, Inc. - Common Stock",nasdaq
ETOR,eToro Group Ltd. - Class A Common Shares,nasdaq
ETRL,GraniteShares 2x Long ETOR Daily ETF,nasdaq
ETS,Elite Express Holding Inc. - Class A Common Stock,nasdaq
EU,enCore Energy Corp. - Common Stock,nasdaq
EUDA,Euda Health Holdings Limited - Ordinary Shares,nasdaq
EUDAW,Euda Health Holdings Limited - Warrant,nasdaq
EUFN,iShares MSCI Europe Financials ETF,nasdaq
EURK,Eureka Acquisition Corp - Class A Ordinary Share,nasdaq
EURKR,Eureka Acquisition Corp - Right,nasdaq
EURKU,Eureka Acquisition Corp - Unit,nasdaq
EVAX,Evaxion A/S - American Depositary Share,nasdaq
EVCM,EverCommerce Inc. - Common Stock,nasdaq
EVER,"EverQuote, Inc. - Class A Common Stock",nasdaq
EVGN,Evogene Ltd. - Ordinary Shares,nasdaq
EVGO,EVgo Inc. - Common Stock,nasdaq
EVGOW,"EVgo Inc. - Warrants, each whole warrant exercisable for one share of Class A Common Stock at an exercise price of $11.50",nasdaq
EVLV,"Evolv Technologies Holdings, Inc. - Class A Common Stock",nasdaq
EVLVW,"Evolv Technologies Holdings, Inc. - Warrant",nasdaq
EVMT,Invesco Electric Vehicle Metals Commodity Strategy No K-1 ETF,nasdaq
EVO,Evotec SE - American Depositary Shares each representing 1/2 of one ordinary share,nasdaq
EVOX,Evolution Global Acquisition Corp - Class A Ordinary Shares,nasdaq
EVOXU,Evolution Global Acquisition Corp - Units,nasdaq
EVOXW,Evolution Global Acquisition Corp - Warrants,nasdaq
EVPF,Eaton Vance Preferred Securities and Income ETF,nasdaq
EVRG,"Evergy, Inc. - Common Stock",nasdaq
EVSD,Eaton Vance Short Duration Income ETF,nasdaq
EVTV,"Envirotech Vehicles, Inc. - Common stock",nasdaq
EVYM,Eaton Vance High Income Municipal ETF,nasdaq
EWBC,"East West Bancorp, Inc. - Common Stock",nasdaq
EWCZ,"European Wax Center, Inc. - Class A Common Stock",nasdaq
EWJV,iShares MSCI Japan Value ETF,nasdaq
EWTX,"Edgewise Therapeutics, Inc. - Common Stock",nasdaq
EWZS,iShares MSCI Brazil Small-Cap ETF,nasdaq
EXAS,Exact Sciences Corporation - Common Stock,nasdaq
EXC,Exelon Corporation - Common Stock,nasdaq
EXE,Expand Energy Corporation - Common Stock,nasdaq
EXEL,"Exelixis, Inc. - Common Stock",nasdaq
EXFY,"Expensify, Inc. - Class A Common Stock",nasdaq
EXLS,"ExlService Holdings, Inc. - Common Stock",nasdaq
EXOZ,eXoZymes Inc. - Common Stock,nasdaq
EXPE,"Expedia Group, Inc. - Common Stock",nasdaq
EXPI,"eXp World Holdings, Inc. - Common Stock",nasdaq
EXPO,"Exponent, Inc. - Common Stock",nasdaq
EXTR,"Extreme Networks, Inc. - Common Stock",nasdaq
EXUS,Nomura Focused International Core ETF,nasdaq
EYE,"National Vision Holdings, Inc. - Common Stock",nasdaq
EYEG,AB Corporate Bond ETF,nasdaq
EYPT,"EyePoint, Inc. - Common Stock",nasdaq
EZGO,EZGO Technologies Ltd. - Ordinary Shares,nasdaq
EZMO,AlphaDroid Broad Markets Momentum ETF,nasdaq
EZPW,"EZCORP, Inc. - Class A Non-Voting Common Stock",nasdaq
EZRA,"Reliance Global Group, Inc. - Common Stock",nasdaq
EZRO,AlphaDroid Defensive Sector Rotation ETF,nasdaq
FA,First Advantage Corporation - Common Stock,nasdaq
FAAA,Fidelity AAA CLO ETF,nasdaq
FAAR,First Trust Alternative Absolute Return Strategy ETF,nasdaq
FAB,First Trust Multi Cap Value AlphaDEX Fund,nasdaq
FACT,FACT II Acquisition Corp. - Class A Ordinary Shares,nasdaq
FACTU,FACT II Acquisition Corp. - Unit,nasdaq
FACTW,FACT II Acquisition Corp. - Warrant,nasdaq
FAD,First Trust Multi Cap Growth AlphaDEX Fund,nasdaq
FALN,iShares Fallen Angels USD Bond ETF,nasdaq
FAMI,"Farmmi, INC. - Class A Ordinary Share",nasdaq
FANG,"Diamondback Energy, Inc. - Common Stock",nasdaq
FARM,Farmer Brothers Company - Common Stock,nasdaq
FAST,Fastenal Company - Common Stock,nasdaq
FATE,"Fate Therapeutics, Inc. - Common Stock",nasdaq
FATN,"FatPipe, Inc. - common stock",nasdaq
FBGL,FBS Global Limited - Ordinary Shares,nasdaq
FBIO,"Fortress Biotech, Inc. - Common Stock",nasdaq
FBIOP,"Fortress Biotech, Inc. - 9.375% Series A Cumulative Redeemable Perpetual Preferred Stock",nasdaq
FBIZ,"First Business Financial Services, Inc. - Common Stock",nasdaq
FBL,GraniteShares 2x Long META Daily ETF,nasdaq
FBLA,"FB Bancorp, Inc. - Common Stock",nasdaq
FBLG,"FibroBiologics, Inc. - Common Stock",nasdaq
FBNC,First Bancorp - Common Stock,nasdaq
FBOT,Fidelity Disruptive Automation ETF,nasdaq
FBRX,"Forte Biosciences, Inc.  - Common Stock",nasdaq
FBYD,"Falcon's Beyond Global, Inc. - Class A Common Stock",nasdaq
FBYDW,"Falcon's Beyond Global, Inc. - Warrants",nasdaq
FBYY,GraniteShares YieldBOOST META ETF,nasdaq
FCA,First Trust China AlphaDEX Fund,nasdaq
FCAL,First Trust California Municipal High income ETF,nasdaq
FCAP,"First Capital, Inc. - Common Stock",nasdaq
FCBC,"First Community Bankshares, Inc. - Common Stock",nasdaq
FCCO,First Community Corporation - Common Stock,nasdaq
FCEF,First Trust Income Opportunities ETF,nasdaq
FCEL,"FuelCell Energy, Inc. - Common Stock",nasdaq
FCFS,"FirstCash Holdings, Inc. - Common Stock",nasdaq
FCHL,Fitness Champs Holdings Limited - Ordinary Shares,nasdaq
FCLO,Fidelity CLO ETF,nasdaq
FCNCA,"First Citizens BancShares, Inc. - Class A Common Stock",nasdaq
FCNCN,"First Citizens BancShares, Inc. - Depositary Shares, each representing a 1/40th interest in a share of 6.625% Non-Cumulative Perpetual Preferred Stock, Series E",nasdaq
FCNCO,"First Citizens BancShares, Inc. - 5.625% Non-Cumulative Perpetual Preferred Stock, Series C",nasdaq
FCNCP,"First Citizens BancShares, Inc. - Depositary Shares Each Representing a 1/40th Interest in a Share of 5.375% Non-Cumulative Perpetual Preferred Stock, Series A",nasdaq
FCTE,SMI 3Fourteen Full-Cycle Trend ETF,nasdaq
FCUV,Focus Universal Inc. - Common Stock,nasdaq
FCVT,First Trust SSI Strategic Convertible Securities ETF,nasdaq
FCXG,Leverage Shares 2x Long FCX Daily ETF,nasdaq
FDBC,"Fidelity D & D Bancorp, Inc. - Common Stock",nasdaq
FDCF,Fidelity Disruptive Communications ETF,nasdaq
FDFF,Fidelity Disruptive Finance ETF,nasdaq
FDIF,Fidelity Disruptors ETF,nasdaq
FDIG,Fidelity Crypto Industry and Digital Payments ETF,nasdaq
FDIQ,Invesco Bloomberg Financial Data Providers ETF,nasdaq
FDIV,MarketDesk Focused U.S. Dividend ETF,nasdaq
FDMT,"4D Molecular Therapeutics, Inc. - Common Stock",nasdaq
FDNI,First Trust Dow Jones International Internet ETF,nasdaq
FDRS,Founder-Led ETF,nasdaq
FDRX,Founder-Led 2X Daily ETF,nasdaq
FDSB,"Fifth District Bancorp, Inc. - Common Stock",nasdaq
FDT,First Trust Developed Markets Ex-US AlphaDEX Fund,nasdaq
FDTS,First Trust Developed Markets ex-US Small Cap AlphaDEX Fund,nasdaq
FDTX,Fidelity Disruptive Technology ETF,nasdaq
FDUS,Fidus Investment Corporation - Closed End Fund,nasdaq
FEAM,"5E Advanced Materials, Inc. - Common Stock",nasdaq
FEAT,YieldMax Dorsey Wright Featured 5 Income ETF,nasdaq
FEBO,Fenbo Holdings Limited - Class A Ordinary Shares,nasdaq
FEED,"ENvue Medical, Inc. - Common Stock",nasdaq
FEIM,"Frequency Electronics, Inc. - Common Stock",nasdaq
FELE,"Franklin Electric Co., Inc. - Common Stock",nasdaq
FEM,First Trust Emerging Markets AlphaDEX Fund,nasdaq
FEMB,First Trust Emerging Markets Local Currency Bond ETF,nasdaq
FEMS,First Trust Emerging Markets Small Cap AlphaDEX Fund,nasdaq
FEMY,Femasys Inc. - Common Stock,nasdaq
FENC,Fennec Pharmaceuticals Inc. - Common Stock,nasdaq
FEP,First Trust Europe AlphaDEX Fund,nasdaq
FEPI,REX FANG & Innovation Equity Premium Income ETF,nasdaq
FER,Ferrovial SE - Ordinary Shares,nasdaq
FERA,Fifth Era Acquisition Corp I - Class A Ordinary Shares,nasdaq
FERAR,Fifth Era Acquisition Corp I - Rights,nasdaq
FERAU,Fifth Era Acquisition Corp I - Units,nasdaq
FEUZ,First Trust Eurozone AlphaDEX ETF,nasdaq
FEX,First Trust Large Cap Core AlphaDEX Fund,nasdaq
FFAI,Faraday Future Intelligent Electric Inc. - Class A Common Stock,nasdaq
FFAIW,Faraday Future Intelligent Electric Inc. - Warrant,nasdaq
FFBC,First Financial Bancorp. - Common Stock,nasdaq
FFIC,Flushing Financial Corporation - Common Stock,nasdaq
FFIN,"First Financial Bankshares, Inc. - Common Stock",nasdaq
FFIV,"F5, Inc. - Common Stock",nasdaq
FFUT,Fidelity Managed Futures ETF,nasdaq
FGBI,"First Guaranty Bancshares, Inc. - Common Stock",nasdaq
FGBIP,"First Guaranty Bancshares, Inc. - 6.75% Series A Fixed-Rate Non-Cumulative Perpetual Preferred Stock",nasdaq
FGI,FGI Industries Ltd. - Ordinary Shares,nasdaq
FGII,FG Imperii Acquisition Corp. - Class A Ordinary Shares,nasdaq
FGIIU,FG Imperii Acquisition Corp. - Units,nasdaq
FGIIW,FG Imperii Acquisition Corp. - Warrants,nasdaq
FGIWW,FGI Industries Ltd. - warrant,nasdaq
FGL,Founder Group Limited - Class A Ordinary Shares,nasdaq
FGM,First Trust Germany AlphaDEX Fund,nasdaq
FGMC,FG Merger II Corp. - Common stock,nasdaq
FGMCR,FG Merger II Corp. - Rights,nasdaq
FGMCU,FG Merger II Corp. - Unit,nasdaq
FGNX,FG Nexus Inc. - Common Stock,nasdaq
FGNXP,FG Nexus Inc. - 8.00% Cumulative Series A Preferred Stock,nasdaq
FGSI,FT Vest Growth Strength & Target Income ETF,nasdaq
FHB,"First Hawaiian, Inc. - Common Stock",nasdaq
FHTX,Foghorn Therapeutics Inc. - Common Stock,nasdaq
FIBK,"First Interstate BancSystem, Inc. - Common Stock",nasdaq
FICS,First Trust International Developed Capital Strength ETF,nasdaq
FID,First Trust S&P International Dividend Aristocrats ETF,nasdaq
FIEE,"FiEE, Inc - Common Stock",nasdaq
FIGG,Leverage Shares 2x Long FIG Daily ETF,nasdaq
FIGR,"Figure Technology Solutions, Inc. - Class A Common Stock",nasdaq
FIGX,FIGX Capital Acquisition Corp. - Class A ordinary share,nasdaq
FIGXU,FIGX Capital Acquisition Corp. - Units,nasdaq
FIGXW,FIGX Capital Acquisition Corp. - one-half of one redeemable warrant.,nasdaq
FINW,FinWise Bancorp - Common Stock,nasdaq
FINX,Global X FinTech ETF,nasdaq
FIP,FTAI Infrastructure Inc. - Common Stock,nasdaq
FISI,"Financial Institutions, Inc. - Common Stock",nasdaq
FISV,"Fiserv, Inc. - Common Stock",nasdaq
FITB,Fifth Third Bancorp - Common Stock,nasdaq
FITBI,Fifth Third Bancorp - Depositary Share repstg 1/1000th Ownership Interest Perp Pfd Series I,nasdaq
FITBM,"Fifth Third Bancorp - Depositary Shares Representing a 1/40th Ownership Interest in a Share of 6.875% Fixed-Rate Reset Non-Cumulative Perpetual Preferred Stock, Series M",nasdaq
FITBO,"Fifth Third Bancorp - Depositary Shares each representing a 1/1000th ownership interest in a share of Non-Cumulative Perpetual Preferred Stock, Series K",nasdaq
FITBP,"Fifth Third Bancorp - Depositary Shares each representing 1/40th share of Fifth Third 6.00% Non-Cumulative Perpetual Class B Preferred Stock, Series A",nasdaq
FIVE,"Five Below, Inc. - Common Stock",nasdaq
FIVN,"Five9, Inc. - Common Stock",nasdaq
FIVY,YieldMax Dorsey Wright Hybrid 5 Income ETF,nasdaq
FIXD,First Trust Smith Opportunistic Fixed Income ETF,nasdaq
FIZZ,National Beverage Corp. - Common Stock,nasdaq
FJP,First Trust Japan AlphaDEX Fund,nasdaq
FKU,First Trust United Kingdom AlphaDEX Fund,nasdaq
FKWL,Franklin Wireless Corp. - common stock,nasdaq
FLD,"Fold Holdings, Inc. - Class A Common Stock",nasdaq
FLDB,Fidelity Low Duration Bond ETF,nasdaq
FLDDW,"Fold Holdings, Inc. - Warrant",nasdaq
FLEX,Flex Ltd. - Ordinary Shares,nasdaq
FLGT,"Fulgent Genetics, Inc. - Common Stock",nasdaq
FLL,"Full House Resorts, Inc. - Common Stock",nasdaq
FLN,First Trust Latin America AlphaDEX Fund,nasdaq
FLNA,"Filana Therapeutics, Inc. - Common Stock",nasdaq
FLNC,"Fluence Energy, Inc. - Class A Common Stock",nasdaq
FLNT,"Fluent, Inc. - Common Stock",nasdaq
FLUX,"Flux Power Holdings, Inc. - Common Stock",nasdaq
FLWS,"1-800-FLOWERS.COM, Inc. - Class A Common Stock",nasdaq
FLX,BingEx Limited - American Depositary Shares,nasdaq
FLXS,"Flexsteel Industries, Inc. - Common Stock",nasdaq
FLY,Firefly Aerospace Inc. - Common Stock,nasdaq
FLYE,"Fly-E Group, Inc. - Common Stock",nasdaq
FLYW,Flywire Corporation - Voting Common Stock,nasdaq
FMAO,"Farmers & Merchants Bancorp, Inc. - Common Stock",nasdaq
FMB,First Trust Managed Municipal ETF,nasdaq
FMBH,"First Mid Bancshares, Inc. - Common Stock",nasdaq
FMED,Fidelity Disruptive Medicine ETF,nasdaq
FMET,Fidelity Metaverse ETF,nasdaq
FMFC,Kandal M Venture Limited - Class A ordinary Shares,nasdaq
FMHI,First Trust Municipal High Income ETF,nasdaq
FMNB,Farmers National Banc Corp. - Common Stock,nasdaq
FMST,Foremost Clean Energy Ltd. - Common Shares,nasdaq
FMSTW,Foremost Clean Energy Ltd. - Warrant,nasdaq
FMTM,MarketDesk Focused U.S. Momentum ETF,nasdaq
FMUB,Fidelity Municipal Bond Opportunities ETF,nasdaq
FMUN,Fidelity Systematic Municipal Bond Index ETF,nasdaq
FNGR,"FingerMotion, Inc. - common stock",nasdaq
FNK,First Trust Mid Cap Value AlphaDEX Fund,nasdaq
FNKO,"Funko, Inc. - Class A Common Stock",nasdaq
FNLC,"First Bancorp, Inc (ME) - Common Stock",nasdaq
FNUC,Frontier Nuclear and Minerals Inc. - Common Shares,nasdaq
FNWB,First Northwest Bancorp - Common Stock,nasdaq
FNWD,Finward Bancorp - common stock,nasdaq
FNX,First Trust Mid Cap Core AlphaDEX Fund,nasdaq
FNY,First Trust Mid Cap Growth AlphaDEX Fund,nasdaq
FOFO,"Hang Feng Technology Innovation Co., Ltd. - Ordinary Shares",nasdaq
FOLD,"Amicus Therapeutics, Inc. - Common Stock",nasdaq
FONR,Fonar Corporation - Common Stock,nasdaq
FORA,Forian Inc. - Common Stock,nasdaq
FORM,"FormFactor, Inc. - Common Stock",nasdaq
FORR,"Forrester Research, Inc. - Common Stock",nasdaq
FORTY,Formula Systems (1985) Ltd. - American Depositary Shares,nasdaq
FOSL,"Fossil Group, Inc. - Common Stock",nasdaq
FOX,Fox Corporation - Class B Common Stock,nasdaq
FOXA,Fox Corporation - Class A Common Stock,nasdaq
FOXF,Fox Factory Holding Corp. - Common Stock,nasdaq
FOXX,Foxx Development Holdings Inc. - Common Stock,nasdaq
FOXXW,Foxx Development Holdings Inc. - Warrant,nasdaq
FPA,First Trust Asia Pacific Ex-Japan AlphaDEX Fund,nasdaq
FPXE,First Trust IPOX Europe Equity Opportunities ETF,nasdaq
FPXI,First Trust International Equity Opportunities ETF,nasdaq
FRAF,Franklin Financial Services Corporation - Common Stock,nasdaq
FRBA,First Bank  - Common Stock,nasdaq
FRD,Friedman Industries Inc. - Common Stock,nasdaq
FRDD,Direxion Daily F Bear 1X ETF,nasdaq
FRDU,Direxion Daily F Bull 2X ETF,nasdaq
FRGT,"Freight Technologies, Inc. - Ordinary Shares",nasdaq
FRHC,Freedom Holding Corp. - Common Stock,nasdaq
FRME,First Merchants Corporation - Common Stock,nasdaq
FRMEP,"First Merchants Corporation - Depository Shares, each representing a 1/100th interest in a share of 7.50% Non-Cumulative Perpetual Preferred Stock, A",nasdaq
FRMI,Fermi Inc. - Common Stock,nasdaq
FRMM,"Forum Markets, Incorporated - Common Stock",nasdaq
FROG,JFrog Ltd. - Ordinary shares,nasdaq
FRPH,"FRP Holdings, Inc. - Common Stock",nasdaq
FRPT,"Freshpet, Inc. - Common Stock",nasdaq
FRSH,Freshworks Inc. - Class A Common Stock,nasdaq
FRST,Primis Financial Corp. - Common Stock,nasdaq
FRSX,Foresight Autonomous Holdings Ltd. - American Depositary Shares,nasdaq
FRWD,Nomura Transformational Technologies ETF,nasdaq
FSBC,Five Star Bancorp - Common Stock,nasdaq
FSBW,"FS Bancorp, Inc. - Common Stock",nasdaq
FSCS,First Trust SMID Capital Strength ETF,nasdaq
FSEA,"First Seacoast Bancorp, Inc. - Common Stock",nasdaq
FSGS,First Trust SMID Growth Strength ETF,nasdaq
FSHP,Flag Ship Acquisition Corp. - Ordinary Shares,nasdaq
FSHPR,Flag Ship Acquisition Corp. - Right,nasdaq
FSHPU,Flag Ship Acquisition Corp. - Unit,nasdaq
FSLR,"First Solar, Inc. - Common Stock",nasdaq
FSLY,"Fastly, Inc. - Class A Common Stock",nasdaq
FSTR,L.B. Foster Company - Common Stock,nasdaq
FSUN,FirstSun Capital Bancorp - Common Stock,nasdaq
FSV,FirstService Corporation - Common Shares,nasdaq
FSZ,First Trust Switzerland AlphaDEX Fund,nasdaq
FTA,First Trust Large Cap Value AlphaDEX Fund,nasdaq
FTAG,First Trust Indxx Global Agriculture ETF,nasdaq
FTAI,FTAI Aviation Ltd. - Common Stock,nasdaq
FTAIM,FTAI Aviation Ltd. - 9.500% Fixed-Rate Reset Series D Cumulative Perpetual Redeemable Preferred Shares,nasdaq
FTAIN,FTAI Aviation Ltd. - 8.25% Fixed-Rate Reset Series C Cumulative Perpetual Redeemable Preferred Shares,nasdaq
FTC,First Trust Large Cap Growth AlphaDEX Fund,nasdaq
FTCI,"FTC Solar, Inc. - Common Stock",nasdaq
FTCS,First Trust Capital Strength ETF,nasdaq
FTDR,"Frontdoor, Inc. - Common Stock",nasdaq
FTDS,First Trust Dividend Strength ETF,nasdaq
FTEK,"Fuel Tech, Inc. - Common Stock",nasdaq
FTFT,Future FinTech Group Inc. - Common Stock,nasdaq
FTGC,First Trust Global Tactical Commodity Strategy Fund,nasdaq
FTGS,First Trust Growth Strength ETF,nasdaq
FTHI,First Trust BuyWrite Income ETF,nasdaq
FTHM,Fathom Holdings Inc. - Common Stock,nasdaq
FTLF,"FitLife Brands, Inc. - Common Stock",nasdaq
FTNT,"Fortinet, Inc. - Common Stock",nasdaq
FTQI,First Trust Nasdaq BuyWrite Income ETF,nasdaq
FTRE,Fortrea Holdings Inc. - Common Stock,nasdaq
FTRI,First Trust Indxx Global Natural Resources Income ETF,nasdaq
FTRK,FAST TRACK GROUP - Ordinary shares,nasdaq
FTSL,First Trust Senior Loan Fund,nasdaq
FTSM,First Trust Enhanced Short Maturity ETF,nasdaq
FTXG,First Trust Nasdaq Food & Beverage ETF,nasdaq
FTXH,First Trust Nasdaq Pharmaceuticals ETF,nasdaq
FTXL,First Trust Nasdaq Semiconductor ETF,nasdaq
FTXN,First Trust Nasdaq Oil & Gas ETF,nasdaq
FTXO,First Trust Nasdaq Bank ETF,nasdaq
FTXR,First Trust Nasdaq Transportation ETF,nasdaq
FUFU,BitFuFu Inc. - Class A Ordinary Shares,nasdaq
FUFUW,BitFuFu Inc. - Warrant,nasdaq
FULC,"Fulcrum Therapeutics, Inc. - Common Stock",nasdaq
FULT,Fulton Financial Corporation - Common Stock,nasdaq
FULTP,"Fulton Financial Corporation - Depositary Shares Each Representing a 1/40th Interest in a Share of Fixed Rate Non-Cumulative Perpetual Preferred Stock, Series A",nasdaq
FUNC,First United Corporation - Common Stock,nasdaq
FUND,"Sprott Focus Trust, Inc. - Closed End Fund",nasdaq
FUSB,"First US Bancshares, Inc. - Common Stock",nasdaq
FUSE,Fusemachines Inc. - Common stock,nasdaq
FUSEW,Fusemachines Inc. - Warrants,nasdaq
FUTG,Leverage Shares 2x Long FUTU Daily ETF,nasdaq
FUTU,Futu Holdings Limited - American Depositary Shares,nasdaq
FV,First Trust Dorsey Wright Focus 5 ETF,nasdaq
FVAV,Fortress Value Acquisition Corp. V - Class A Ordinary Shares,nasdaq
FVC,First Trust Dorsey Wright Dynamic Focus 5 ETF,nasdaq
FVCB,"FVCBankcorp, Inc. - Common Stock",nasdaq
FVN,Future Vision II Acquisition Corporation - Ordinary Shares,nasdaq
FVNNR,Future Vision II Acquisition Corporation - Right,nasdaq
FVNNU,Future Vision II Acquisition Corporation - Units,nasdaq
FWDI,"Forward Industries, Inc. - Common Stock",nasdaq
FWONA,Liberty Media Corporation - Series A Liberty Formula One Common Stock,nasdaq
FWONK,Liberty Media Corporation - Series C Liberty Formula One Common Stock,nasdaq
FWRD,Forward Air Corporation - Common Stock,nasdaq
FWRG,"First Watch Restaurant Group, Inc. - Common Stock",nasdaq
FXNC,First National Corporation - Common Stock,nasdaq
FYC,First Trust Small Cap Growth AlphaDEX Fund,nasdaq
FYT,First Trust Small Cap Value AlphaDEX Fund,nasdaq
FYX,First Trust Small Cap Core AlphaDEX Fund,nasdaq
GABC,"German American Bancorp, Inc. - Common Stock",nasdaq
GAIA,"Gaia, Inc. - Class A Common Stock",nasdaq
GAIN,Gladstone Investment Corporation - Business Development Company,nasdaq
GAING,Gladstone Investment Corporation - 7.125% Notes due 2031,nasdaq
GAINI,Gladstone Investment Corporation - 7.875% Notes due 2030,nasdaq
GAINN,Gladstone Investment Corporation - 5.00% Notes Due 2026,nasdaq
GAINZ,Gladstone Investment Corporation - 4.875% Notes due 2028,nasdaq
GALT,Galectin Therapeutics Inc. - Common Stock,nasdaq
GAMB,Gambling.com Group Limited - Ordinary Shares,nasdaq
GAME,"GameSquare Holdings, Inc. - Common stock",nasdaq
GANX,"Gain Therapeutics, Inc. - Common Stock",nasdaq
GARY,Mango Growth ETF,nasdaq
GASS,"StealthGas, Inc. - common stock",nasdaq
GAUZ,Gauzy Ltd. - Ordinary Shares,nasdaq
GAVA,Grayscale Avalanche Staking ETF,nasdaq
GBDC,"Golub Capital BDC, Inc. - Closed End Fund",nasdaq
GBFH,GBank Financial Holdings Inc. - Common Stock,nasdaq
GBLI,"Global Indemnity Group, LLC - Class A Common Shares",nasdaq
GBUG,Sprott Active Gold & Silver Miners ETF,nasdaq
GCBC,"Greene County Bancorp, Inc. - Common Stock",nasdaq
GCL,GCL Global Holdings Ltd - Ordinary Shares,nasdaq
GCLWW,GCL Global Holdings Ltd - Warrants,nasdaq
GCMG,GCM Grosvenor Inc. - Class A Common Stock,nasdaq
GCT,GigaCloud Technology Inc - Class A Ordinary Shares,nasdaq
GCTK,"GlucoTrack, Inc. - Common Stock",nasdaq
GDC,GD Culture Group Limited - Common Stock,nasdaq
GDEN,"Golden Entertainment, Inc. - Common Stock",nasdaq
GDEV,GDEV Inc. - Ordinary Shares,nasdaq
GDEVW,GDEV Inc. - Warrant,nasdaq
GDFN,Tema International Defense Innovation ETF,nasdaq
GDHG,Golden Heaven Group Holdings Ltd.  - Class A Ordinary Shares,nasdaq
GDRX,"GoodRx Holdings, Inc. - Class A Common Stock",nasdaq
GDS,GDS Holdings Limited - American Depositary Shares,nasdaq
GDTC,CytoMed Therapeutics Limited - Ordinary Shares,nasdaq
GDYN,"Grid Dynamics Holdings, Inc. - Class A Common Stock",nasdaq
GECC,Great Elm Capital Corp. - Closed End Fund,nasdaq
GECCG,Great Elm Capital Corp. - 7.75% Notes Due 2030,nasdaq
GECCH,Great Elm Capital Corp. - 8.125% Notes Due 2029,nasdaq
GECCI,Great Elm Capital Corp. - 8.50% NOTES DUE 2029,nasdaq
GECCO,Great Elm Capital Corp. - 5.875% Notes due 2026,nasdaq
GEG,"Great Elm Group, Inc.  - Common Stock",nasdaq
GEGGL,"Great Elm Group, Inc.  - 7.25% Notes due 2027",nasdaq
GEHC,GE HealthCare Technologies Inc. - Common Stock,nasdaq
GELS,Gelteq Limited - Ordinary Shares,nasdaq
GEME,Pacific North of South EM Equity Active ETF,nasdaq
GEMG,Leverage Shares 2X Long GEMI Daily ETF,nasdaq
GEMI,"Gemini Space Station, Inc. - Class A Common Stock",nasdaq
GEN,Gen Digital Inc. - Common Stock,nasdaq
GENB,"Generate Biomedicines, Inc. - Common Stock",nasdaq
GENK,"GEN Restaurant Group, Inc. - Class A Common Stock",nasdaq
GENVR,Gen Digital Inc. - Contingent Value Rights,nasdaq
GEOS,Geospace Technologies Corporation - Common Stock,nasdaq
GERN,Geron Corporation - Common Stock,nasdaq
GEVG,Leverage Shares 2X Long GEV Daily ETF,nasdaq
GEVO,"Gevo, Inc. - Common Stock",nasdaq
GEW,Cambria Global EW ETF,nasdaq
GFAI,"Guardforce AI Co., Limited - Ordinary Shares",nasdaq
GFAIW,"Guardforce AI Co., Limited - Warrant",nasdaq
GFGF,Guru Favorite Stocks ETF,nasdaq
GFLW,VictoryShares Free Cash Flow Growth ETF,nasdaq
GFS,GlobalFoundries Inc. - Ordinary Share,nasdaq
GGAL,"Grupo Financiero Galicia S.A. - American Depositary Shares, Class B Shares underlying",nasdaq
GGLL,Direxion Daily GOOGL Bull 2X ETF,nasdaq
GGLS,Direxion Daily GOOGL Bear 1X ETF,nasdaq
GGR,Gogoro Inc. - Ordinary Shares,nasdaq
GGROW,Gogoro Inc. - Warrant,nasdaq
GGRP,"The Glimpse Group, Inc. - Common Stock",nasdaq
GH,"Guardant Health, Inc. - Common Stock",nasdaq
GHRS,GH Research PLC - Ordinary Shares,nasdaq
GIBO,GIBO Holdings Limited - Class A Ordinary Shares,nasdaq
GIBOW,GIBO Holdings Limited - Warrants,nasdaq
GIFT,"Giftify, Inc. - Common Stock",nasdaq
GIG,GigCapital7 Corp. - Class A Ordinary Share,nasdaq
GIGGU,GigCapital7 Corp. - Unit,nasdaq
GIGGW,GigCapital7 Corp. - Warrant,nasdaq
GIGM,GigaMedia Limited - Ordinary Shares,nasdaq
GIII,"G-III Apparel Group, LTD. - Common Stock",nasdaq
GILD,"Gilead Sciences, Inc. - Common Stock",nasdaq
GILT,Gilat Satellite Networks Ltd. - Ordinary Shares,nasdaq
GIND,Goldman Sachs India Equity ETF,nasdaq
GINX,SGI Enhanced Global Income ETF,nasdaq
GIPR,Generation Income Properties Inc. - Common stock,nasdaq
GIPRW,Generation Income Properties Inc. - Warrant,nasdaq
GITS,"Global Interactive Technologies, Inc. Common Stock - Common Stock",nasdaq
GIW,GigCapital8 Corp. - Class A Ordinary Shares,nasdaq
GIWWR,GigCapital8 Corp. - Rights,nasdaq
GIWWU,GigCapital8 Corp. - Units,nasdaq
GIX,GigCapital9 Corp. - Class A Ordinary Share,nasdaq
GIXXR,GigCapital9 Corp. - Rights,nasdaq
GIXXU,GigCapital9 Corp. - Units,nasdaq
GKAT,Scharf Global Opportunity ETF,nasdaq
GLAD,Gladstone Capital Corporation - Closed End Fund,nasdaq
GLBE,Global-E Online Ltd. - ordinary shares,nasdaq
GLBS,Globus Maritime Limited - Common Stock,nasdaq
GLCR,GlacierShares Nasdaq Iceland ETF,nasdaq
GLDB,IDX Alternative FIAT ETF,nasdaq
GLDD,Great Lakes Dredge & Dock Corporation - Common Stock,nasdaq
GLDI,"ETRACS Gold Shares Covered Call ETNs due February 2, 2033",nasdaq
GLDY,Defiance Gold Enhanced Options Income ETF,nasdaq
GLE,Global Engine Group Holding Limited - Class A Ordinary Shares,nasdaq
GLGG,Leverage Shares 2X Long GLXY Daily ETF,nasdaq
GLIBA,"GCI Liberty, Inc. - Series A GCI Group Common Stock",nasdaq
GLIBK,"GCI Liberty, Inc. - Series C GCI Group Common Stock",nasdaq
GLMD,Galmed Pharmaceuticals Ltd. - Ordinary Shares,nasdaq
GLNG,Golar LNG Limited - Common Shares,nasdaq
GLOO,"Gloo Holdings, Inc. - Common Stock",nasdaq
GLOW,VictoryShares WestEnd Global Equity ETF,nasdaq
GLPG,Galapagos NV - American Depositary Shares,nasdaq
GLPI,"Gaming and Leisure Properties, Inc. - Common Stock",nasdaq
GLRE,"Greenlight Reinsurance, Ltd. - Class A Ordinary Shares",nasdaq
GLSI,"Greenwich LifeSciences, Inc. - Common stock",nasdaq
GLUE,"Monte Rosa Therapeutics, Inc. - Common Stock",nasdaq
GLWG,Leverage Shares 2X Long GLW Daily ETF,nasdaq
GLXG,Galaxy Payroll Group Limited - Class A Ordinary Shares,nasdaq
GLXY,Galaxy Digital Inc. - Class A common stock,nasdaq
GMAB,Genmab A/S - American Depositary Shares,nasdaq
GMEX,GMEX ROBOTICS CORPORATION - Class A Ordinary Shares,nasdaq
GMHS,Gamehaus Holdings Inc. - Class A Ordinary Shares,nasdaq
GMM,Global Mofy AI Limited  - Class A Ordinary Shares,nasdaq
GNLN,"Greenlane Holdings, Inc. - Class A Common Stock",nasdaq
GNLX,Genelux Corporation - Common Stock,nasdaq
GNMA,iShares GNMA Bond ETF,nasdaq
GNOM,Global X Genomics & Biotechnology ETF,nasdaq
GNPX,"Genprex, Inc. - Common Stock",nasdaq
GNSS,Genasys Inc. - Common Stock,nasdaq
GNTA,Genenta Science S.p.A. - American Depositary Shares,nasdaq
GNTX,Gentex Corporation - Common Stock,nasdaq
GO,Grocery Outlet Holding Corp. - Common Stock,nasdaq
GOAI,Eva Live Inc. - Common Stock,nasdaq
GOCO,"GoHealth, Inc. - Class A Common Stock",nasdaq
GOGO,Gogo Inc. - Common Stock,nasdaq
GOOD,Gladstone Commercial Corporation - Real Estate Investment Trust,nasdaq
GOODN,Gladstone Commercial Corporation - 6.625% Series E Cumulative Redeemable Preferred Stock,nasdaq
GOODO,"Gladstone Commercial Corporation - 6.00% Series G Cumulative Redeemable Preferred Stock, par value $0.001 per share",nasdaq
GOOG,Alphabet Inc. - Class C Capital Stock,nasdaq
GOOGL,Alphabet Inc. - Class A Common Stock,nasdaq
GOSS,"Gossamer Bio, Inc. - Common Stock",nasdaq
GOU,GraniteShares 2x Long GOOGL Daily ETF,nasdaq
GOVI,Invesco Equal Weight 0-30 Year Treasury ETF,nasdaq
GOVX,"GeoVax Labs, Inc. - Common Stock",nasdaq
GP,GreenPower Motor Company Inc. - Common Shares,nasdaq
GPAC,General Purpose Acquisition Corp. - Class A Ordinary Shares,nasdaq
GPACU,General Purpose Acquisition Corp. - Units,nasdaq
GPACW,General Purpose Acquisition Corp. - Warrant,nasdaq
GPAT,GP-Act III Acquisition Corp. - Class A Ordinary Share,nasdaq
GPATU,GP-Act III Acquisition Corp. - Units,nasdaq
GPATW,GP-Act III Acquisition Corp. - Warrants,nasdaq
GPCR,Structure Therapeutics Inc. - American Depositary Shares,nasdaq
GPIQ,Goldman Sachs Nasdaq-100 Premium Income ETF,nasdaq
GPIX,Goldman Sachs S&P 500 Premium Income ETF,nasdaq
GPRE,"Green Plains, Inc. - Common Stock",nasdaq
GPRF,Goldman Sachs Access U.S. Preferred Stock and Hybrid Securities ETF,nasdaq
GPRO,"GoPro, Inc. - Class A Common Stock",nasdaq
GPT,Intelligent Alpha Atlas ETF,nasdaq
GQQQ,Astoria US Quality Growth Kings ETF,nasdaq
GRAB,Grab Holdings Limited - Class A Ordinary Shares,nasdaq
GRABW,Grab Holdings Limited - Warrant,nasdaq
GRAG,Leverage Shares 2X Long GRAB Daily ETF,nasdaq
GRAL,"GRAIL, Inc. - Common Stock",nasdaq
GRAN,Grande Group Limited - Class A Ordinary Shares,nasdaq
GRCE,"Grace Therapeutics, Inc. - Common Stock",nasdaq
GRDX,GridAI Technologies Corp.  - Common Stock,nasdaq
GREE,Greenidge Generation Holdings Inc. - Class A Common Stock,nasdaq
GREEL,Greenidge Generation Holdings Inc. - 8.50% Senior Notes due 2026,nasdaq
GRFS,"Grifols, S.A. - American Depositary Shares",nasdaq
GRI,"GRI Bio, Inc. - Common Stock",nasdaq
GRID,First Trust NASDAQ Clean Edge Smart Grid Infrastructure Index Fund,nasdaq
GRIN,VictoryShares International Free Cash Flow Growth ETF,nasdaq
GRML,Greenland Mines Ltd - Common Stock,nasdaq
GRMLW,Greenland Mines Ltd - Warrants,nasdaq
GRNQ,Greenpro Capital Corp. - Common Stock,nasdaq
GROW,"U.S. Global Investors, Inc. - Class A Common Stock",nasdaq
GRPN,"Groupon, Inc. - Common Stock",nasdaq
GRRR,Gorilla Technology Group Inc. - Ordinary shares,nasdaq
GRRRW,Gorilla Technology Group Inc. - Warrant,nasdaq
GRVY,"GRAVITY Co., Ltd. - American depositary shares, each representing one common share.",nasdaq
GRW,TCW Durable Growth ETF,nasdaq
GRWG,GrowGeneration Corp. - Common Stock,nasdaq
GSAT,"Globalstar, Inc. - Common Stock",nasdaq
GSBC,"Great Southern Bancorp, Inc. - Common Stock",nasdaq
GSGO,Goldman Sachs Growth Opportunities ETF,nasdaq
GSHD,"Goosehead Insurance, Inc. - Class A Common Stock",nasdaq
GSHR,Gesher Acquisition Corp. II - Class A Ordinary Shares,nasdaq
GSHRU,Gesher Acquisition Corp. II - Units,nasdaq
GSHRW,Gesher Acquisition Corp. II - Warrants,nasdaq
GSIB,Themes Global Systemically Important Banks ETF,nasdaq
GSIT,"GSI Technology, Inc. - Common Stock",nasdaq
GSIW,Garden Stage Limited - Class A Ordinary Shares,nasdaq
GSM,Ferroglobe PLC - Ordinary Shares,nasdaq
GSRF,GSR IV Acquisition Corp. - Class A ordinary share,nasdaq
GSRFR,GSR IV Acquisition Corp. - Rights,nasdaq
GSRFU,GSR IV Acquisition Corp. - Units,nasdaq
GSUN,Golden Sun Technology Group Limited - Class A Ordinary Shares,nasdaq
GT,The Goodyear Tire & Rubber Company - Common Stock,nasdaq
GTBP,"GT Biopharma, Inc. - Common Stock",nasdaq
GTEC,Greenland Technologies Holding Corporation - Class A Ordinary Shares,nasdaq
GTEN,"Gores Holdings X, Inc. - Class A ordinary shares",nasdaq
GTENU,"Gores Holdings X, Inc. - Units",nasdaq
GTENW,"Gores Holdings X, Inc. - Warrants",nasdaq
GTERA,Globa Terra Acquisition Corporation - Class A Ordinary Shares,nasdaq
GTERR,Globa Terra Acquisition Corporation - Rights,nasdaq
GTERU,Globa Terra Acquisition Corporation - Units,nasdaq
GTERW,Globa Terra Acquisition Corporation - Warrants,nasdaq
GTIM,Good Times Restaurants Inc. - Common Stock,nasdaq
GTLB,GitLab Inc. - Class A Common Stock,nasdaq
GTM,ZoomInfo Technologies Inc. - Common Stock,nasdaq
GTOP,Goldman Sachs Technology Opportunities ETF,nasdaq
GTOQ,Invesco High Yield Systematic Bond ETF,nasdaq
GTPE,Goldman Sachs MSCI World Private Equity Return Tracker ETF,nasdaq
GTR,WisdomTree Target Range Fund,nasdaq
GTX,Garrett Motion Inc. - Common Stock,nasdaq
GURE,"Gulf Resources, Inc. - Common Stock",nasdaq
GUSE,Goldman Sachs Enhanced U.S. Equity ETF,nasdaq
GUTS,"Fractyl Health, Inc. - Common Stock",nasdaq
GV,Visionary Holdings Inc. - Common Shares,nasdaq
GVH,Globavend Holdings Limited - Ord Shares,nasdaq
GVLE,Goldman Sachs Value Opportunities ETF,nasdaq
GWAV,"Greenwave Technology Solutions, Inc. - Common Stock",nasdaq
GWRS,"Global Water Resources, Inc. - common stock",nasdaq
GXAI,Gaxos.ai Inc. - Common Stock,nasdaq
GXDW,Global X Dorsey Wright Thematic ETF,nasdaq
GYRE,"Gyre Therapeutics, Inc. - Common Stock",nasdaq
GYRO,"Gyrodyne , LLC - Common Stock",nasdaq
HACQU,HCM IV Acquisition Corp. - Unit,nasdaq
HAFC,Hanmi Financial Corporation - Common Stock,nasdaq
HAIN,"The Hain Celestial Group, Inc. - Common Stock",nasdaq
HALO,"Halozyme Therapeutics, Inc. - Common Stock",nasdaq
HAO,Haoxi Health Technology Limited - Class A Ord Share,nasdaq
HAS,"Hasbro, Inc. - Common Stock",nasdaq
HAVA,Harvard Ave Acquisition Corporation - Class A Ordinary Share,nasdaq
HAVAR,Harvard Ave Acquisition Corporation - Rights that convert on a 1/10th of 1 basis to Class A ordinary Shares,nasdaq
HAVAU,Harvard Ave Acquisition Corporation - Unit,nasdaq
HBAN,Huntington Bancshares Incorporated - Common Stock,nasdaq
HBANL,"Huntington Bancshares Incorporated - Depositary Shares, Each Representing a 1/40th Interest in a Share of 6.875% Series J Non-Cumulative Perpetual Preferred Stock",nasdaq
HBANM,Huntington Bancshares Incorporated - Depositary Shares each representing a 1/1000th interest in a share of Huntington Series I Preferred Stock,nasdaq
HBANP,Huntington Bancshares Incorporated - Depositary Shares 4.500% Series H Non-Cumulative Perpetual Preferred Stock,nasdaq
HBANZ,"Huntington Bancshares Incorporated - Depositary Shares, Each Representing a 1/1000th Interest in a Share of 5.50% Series L Non-Cumulative Perpetual Preferred Stock",nasdaq
HBCP,"Home Bancorp, Inc. - Common Stock",nasdaq
HBDC,Hilton BDC Corporate Bond ETF,nasdaq
HBIO,"Harvard Bioscience, Inc. - Common Stock",nasdaq
HBNB,Hotel101 Global Holdings Corp. - Class A Ordinary Shares,nasdaq
HBNC,"Horizon Bancorp, Inc. - Common Stock",nasdaq
HBR,Canary HBAR ETF,nasdaq
HBT,"HBT Financial, Inc. - Common Stock",nasdaq
HCAC,Hall Chadwick Acquisition Corp. - Class A Ordinary Shares,nasdaq
HCACR,Hall Chadwick Acquisition Corp. - Rights,nasdaq
HCACU,Hall Chadwick Acquisition Corp. - Unit,nasdaq
HCAI,"Huachen AI Parking Management Technology Holding Co., Ltd. - Class A Ordinary Shares",nasdaq
HCAT,"Health Catalyst, Inc - Common stock",nasdaq
HCHL,Happy City Holdings Limited - Class A Ordinary shares,nasdaq
HCICU,Hennessy Capital Investment Corp. VIII - Units,nasdaq
HCKT,"The Hackett Group, Inc. - Common Stock",nasdaq
HCM,HUTCHMED (China) Limited - American Depositary Shares,nasdaq
HCMA,HCM III Acquisition Corp. - Class A Ordinary Share,nasdaq
HCMAU,HCM III Acquisition Corp. - Units,nasdaq
HCMAW,HCM III Acquisition Corp. - Warrants,nasdaq
HCOW,Amplify COWS Covered Call ETF,nasdaq
HCSG,"Healthcare Services Group, Inc. - Common Stock",nasdaq
HCTI,"Healthcare Triangle, Inc. - Common Stock",nasdaq
HCWB,HCW Biologics Inc. - Common Stock,nasdaq
HDL,SUPER HI INTERNATIONAL HOLDING LTD. - American Depositary Shares,nasdaq
HDSN,"Hudson Technologies, Inc. - Common Stock",nasdaq
HEAL,Global X HealthTech ETF,nasdaq
HECO,State Street Galaxy Hedged Digital Asset Ecosystem ETF,nasdaq
HELE,Helen of Troy Limited - Common Stock,nasdaq
HELP,Cybin Inc. - Common Stock,nasdaq
HEPS,D-Market Electronic Services & Trading - American Depositary Shares,nasdaq
HEQQ,JPMorgan Nasdaq Hedged Equity Laddered Overlay ETF,nasdaq
HERD,Pacer Cash Cows Fund of Funds ETF,nasdaq
HERE,Here Group Limited - American Depositary Shares,nasdaq
HERO,Global X Video Games & Esports ETF,nasdaq
HERZ,"Herzfeld Credit Income Fund, Inc.  - Closed End Fund",nasdaq
HFBL,"Home Federal Bancorp, Inc. of Louisiana - Common Stock",nasdaq
HFFG,HF Foods Group Inc. - Common Stock,nasdaq
HFSP,TradersAI Large Cap Equity & Cash ETF,nasdaq
HFWA,Heritage Financial Corporation - Common Stock,nasdaq
HGBL,Heritage Global Inc. - Common Stock,nasdaq
HHS,"Harte Hanks, Inc. - Common Stock",nasdaq
HIDE,Alpha Architect High Inflation and Deflation ETF,nasdaq
HIFS,Hingham Institution for Savings - Common Stock,nasdaq
HIHO,Highway Holdings Limited - Common Stock,nasdaq
HIMX,"Himax Technologies, Inc. - American depositary shares, each of which represents two ordinary shares.",nasdaq
HIMZ,Defiance Daily Target 2X Long HIMS ETF,nasdaq
HIND,"Vyome Holdings, Inc. - Common Stock",nasdaq
HISF,First Trust High Income Strategic Focus ETF,nasdaq
HIT,"Health In Tech, Inc. - Class A Common Stock",nasdaq
HITI,High Tide Inc. - Common Shares,nasdaq
HIVE,HIVE Digital Technologies Ltd - Common Shares,nasdaq
HKIT,Hitek Global Inc. - Class A Ordinary Share,nasdaq
HKPD,"Cellyan Biotechnology Co., Ltd  - Class A Ordinary Shares",nasdaq
HLAL,Wahed FTSE USA Shariah ETF,nasdaq
HLIT,Harmonic Inc. - Common Stock,nasdaq
HLMN,Hillman Solutions Corp. - Common Stock,nasdaq
HLNE,Hamilton Lane Incorporated - Class A Common Stock,nasdaq
HLP,Hongli Group Inc. - Ordinary Shares,nasdaq
HLXC,Helix Acquisition Corp. III - Class A Ordinary Shares,nasdaq
HMR,Heidmar Maritime Holdings Corp. - Common Stock,nasdaq
HMYY,GraniteShares YieldBoost HIMS ETF,nasdaq
HNDL,Strategy Shares Nasdaq 7HANDL Index ETF,nasdaq
HNNA,"Hennessy Advisors, Inc. - Common Stock",nasdaq
HNNAZ,"Hennessy Advisors, Inc. - 4.875% Notes due 2026",nasdaq
HNRG,Hallador Energy Company - Common Stock,nasdaq
HNST,"The Honest Company, Inc. - Common Stock",nasdaq
HNVR,"Hanover Bancorp, Inc. - Common Stock",nasdaq
HODU,Direxion Daily HOOD Bull 2X ETF,nasdaq
HOFT,Hooker Furnishings Corporation - Common Stock,nasdaq
HOLO,MicroCloud Hologram Inc. - Ordinary Shares,nasdaq
HOLOW,MicroCloud Hologram Inc. - Warrant,nasdaq
HOLX,"Hologic, Inc. - Common Stock",nasdaq
HON,Honeywell International Inc. - Common Stock,nasdaq
HOOD,"Robinhood Markets, Inc. - Class A Common Stock",nasdaq
HOOG,Leverage Shares 2X Long HOOD Daily ETF,nasdaq
HOOX,Defiance Daily Target 2X Long HOOD ETF,nasdaq
HOPE,"Hope Bancorp, Inc. - Common Stock",nasdaq
HOTH,"Hoth Therapeutics, Inc. - Common Stock",nasdaq
HOUR,"Hour Loop, Inc. - common stock",nasdaq
HOVNP,Hovnanian Enterprises Inc - Depositary Share representing 1/1000th of 7.625% Series A Preferred Stock,nasdaq
HOVR,New Horizon Aircraft Ltd. - Class A Ordinary Shares,nasdaq
HOVRW,New Horizon Aircraft Ltd. - Warrant,nasdaq
HOWL,"Werewolf Therapeutics, Inc. - Common Stock",nasdaq
HOYY,GraniteShares YieldBOOST HOOD ETF,nasdaq
HPAI,Helport AI Limited - Ordinary Shares,nasdaq
HPAIW,Helport AI Limited - Warrants,nasdaq
HPK,"HighPeak Energy, Inc. - Common Stock",nasdaq
HQ,Horizon Quantum Holdings Ltd. - Class A Ordinary Shares,nasdaq
HQGO,Hartford US Quality Growth ETF,nasdaq
HQI,"HireQuest, Inc. - Common Stock",nasdaq
HQWWW,Horizon Quantum Holdings Ltd. - Warrant,nasdaq
HQY,"HealthEquity, Inc. - Common Stock",nasdaq
HRMY,"Harmony Biosciences Holdings, Inc. - Common Stock",nasdaq
HROW,"Harrow, Inc. - Common Stock",nasdaq
HRTS,Tema Heart & Health ETF,nasdaq
HRTX,"Heron Therapeutics, Inc.   - Common Stock",nasdaq
HRZN,Horizon Technology Finance Corporation - Common Stock,nasdaq
HSAI,"Hesai Group - American Depositary Share, each ADS represents one Class B ordinary share",nasdaq
HSCS,HeartSciences Inc. - Common Stock,nasdaq
HSCSW,HeartSciences Inc. - Warrant,nasdaq
HSDT,Solana Company - Class A Common Stock,nasdaq
HSIC,"Henry Schein, Inc. - Common Stock",nasdaq
HSPT,Horizon Space Acquisition II Corp. - Ordinary share,nasdaq
HSPTR,Horizon Space Acquisition II Corp. - Right,nasdaq
HSPTU,Horizon Space Acquisition II Corp. - Units,nasdaq
HST,"Host Hotels & Resorts, Inc. - Common Stock",nasdaq
HSTM,"HealthStream, Inc. - Common Stock",nasdaq
HTBK,Heritage Commerce Corp - Common Stock,nasdaq
HTCO,High-Trend International Group - Class A Ordinary Shares,nasdaq
HTCR,"Heartcore Enterprises, Inc. - Common Stock",nasdaq
HTFL,"Heartflow, Inc. - Common Stock",nasdaq
HTHT,H World Group Limited - American Depositary Shares,nasdaq
HTLD,"Heartland Express, Inc. - Common Stock",nasdaq
HTLM,HomesToLife Ltd - Ordinary Shares,nasdaq
HTO,H2O America  - Common Stock,nasdaq
HTOO,Fusion Fuel Green PLC - Ordinary Shares,nasdaq
HTZ,"Hertz Global Holdings, Inc - Common Stock",nasdaq
HTZWW,"Hertz Global Holdings, Inc - Warrant",nasdaq
HUBC,Hub Cyber Security Ltd. - Ordinary Shares,nasdaq
HUBCW,Hub Cyber Security Ltd. - Warrant expiring 2/27/28,nasdaq
HUBCZ,Hub Cyber Security Ltd. - Warrant,nasdaq
HUBG,"Hub Group, Inc. - Class A Common Stock",nasdaq
HUDI,"Huadi International Group Co., Ltd. - Ordinary Shares",nasdaq
HUHU,HUHUTECH International Group Inc. - Ordinary Shares,nasdaq
HUIZ,Huize Holding Limited - American Depositary Shares,nasdaq
HUMA,"Humacyte, Inc. - Common Stock",nasdaq
HUMAW,"Humacyte, Inc. - Warrant",nasdaq
HURA,"TuHURA Biosciences, Inc. - Common Stock",nasdaq
HURC,"Hurco Companies, Inc. - Common Stock",nasdaq
HURN,Huron Consulting Group Inc. - Common Stock,nasdaq
HUT,Hut 8 Corp. - Common Stock,nasdaq
HUTG,Leverage Shares 2X Long HUT Daily ETF,nasdaq
HVII,Hennessy Capital Investment Corp. VII - Ordinary Shares,nasdaq
HVIIR,Hennessy Capital Investment Corp. VII - Rights,nasdaq
HVIIU,Hennessy Capital Investment Corp. VII - Unit,nasdaq
HVMC,Highview Merger Corp. - Class A Ordinary Share,nasdaq
HVMCU,Highview Merger Corp. - Units,nasdaq
HVMCW,Highview Merger Corp. - Warrants,nasdaq
HWAY,Themes US Infrastructure ETF,nasdaq
HWBK,"Hawthorn Bancshares, Inc. - Common Stock",nasdaq
HWC,Hancock Whitney Corporation - Common Stock,nasdaq
HWCPZ,Hancock Whitney Corporation - 6.25% Subordinated Notes due 2060,nasdaq
HWH,HWH International Inc. - Common Stock,nasdaq
HWKN,"Hawkins, Inc. - Common Stock",nasdaq
HWSM,Hotchkis & Wiley SMID Cap Diversified Value Fund,nasdaq
HXHX,Haoxin Holdings Limited - Class A Ordinary Shares,nasdaq
HYBI,NEOS Enhanced Income Credit Select ETF,nasdaq
HYDR,Global X Hydrogen ETF,nasdaq
HYFM,"Hydrofarm Holdings Group, Inc. - Common Stock",nasdaq
HYFT,MindWalk Holdings Corp. - Common Stock,nasdaq
HYLS,First Trust Tactical High Yield ETF,nasdaq
HYMC,Hycroft Mining Holding Corporation - Class A Common Stock,nasdaq
HYNE,"Hoyne Bancorp, Inc. - Common Stock",nasdaq
HYP,Golden Eagle Dynamic Hypergrowth ETF,nasdaq
HYPD,"Hyperion DeFi, Inc. - Common Stock",nasdaq
HYPR,"Hyperfine, Inc.  - Class A Common Stock",nasdaq
HYXF,iShares ESG Advanced High Yield Corporate Bond ETF,nasdaq
HYZD,WisdomTree Interest Rate Hedged High Yield Bond Fund,nasdaq
IAC,IAC Inc. - Common Stock,nasdaq
IACOU,Idea Acquisition Corp. - Units,nasdaq
IALT,iShares Systematic Alternatives Active ETF,nasdaq
IART,Integra LifeSciences Holdings Corporation - Common Stock,nasdaq
IBAC,IB Acquisition Corp. - Common Stock,nasdaq
IBACR,IB Acquisition Corp. - Right,nasdaq
IBAT,iShares Energy Storage & Materials ETF,nasdaq
IBB,iShares Biotechnology ETF,nasdaq
IBBQ,Invesco Nasdaq Biotechnology ETF,nasdaq
IBCP,Independent Bank Corporation - Common Stock,nasdaq
IBEX,IBEX Limited - Common Share,nasdaq
IBG,Innovation Beverage Group Limited - Ordinary Shares,nasdaq
IBGA,iShares iBonds Dec 2044 Term Treasury ETF,nasdaq
IBGB,iShares iBonds Dec 2045 Term Treasury ETF,nasdaq
IBGK,iShares iBonds Dec 2054 Term Treasury ETF,nasdaq
IBGL,iShares iBonds Dec 2055 Term Treasury ETF,nasdaq
IBIO,"iBio, Inc. - Common Stock",nasdaq
IBIT,iShares Bitcoin Trust ETF,nasdaq
IBKR,"Interactive Brokers Group, Inc. - Class A Common Stock",nasdaq
IBOC,International Bancshares Corporation - Common Stock,nasdaq
IBOT,VanEck Robotics ETF,nasdaq
IBRX,"ImmunityBio, Inc. - Common Stock",nasdaq
IBTG,iShares iBonds Dec 2026 Term Treasury ETF,nasdaq
IBTH,iShares iBonds Dec 2027 Term Treasury ETF,nasdaq
IBTI,iShares iBonds Dec 2028 Term Treasury ETF,nasdaq
IBTJ,iShares iBonds Dec 2029 Term Treasury ETF,nasdaq
IBTK,iShares iBonds Dec 2030 Term Treasury ETF,nasdaq
IBTL,iShares iBonds Dec 2031 Term Treasury ETF,nasdaq
IBTM,iShares iBonds Dec 2032 Term Treasury ETF,nasdaq
IBTO,iShares iBonds Dec 2033 Term Treasury ETF,nasdaq
IBTP,iShares iBonds Dec 2034 Term Treasury ETF,nasdaq
IBTQ,iShares iBonds Dec 2035 Term Treasury ETF,nasdaq
ICCC,ImmuCell Corporation - Common Stock,nasdaq
ICCM,IceCure Medical Ltd. - Ordinary Shares,nasdaq
ICFI,"ICF International, Inc. - Common Stock",nasdaq
ICG,Intchains Group Limited - American Depositary Shares,nasdaq
ICHR,Ichor Holdings - Ordinary Shares,nasdaq
ICLN,iShares Global Clean Energy ETF,nasdaq
ICLR,ICON plc - Ordinary Shares,nasdaq
ICMB,"Investcorp Credit Management BDC, Inc. - Common Stock",nasdaq
ICON,Icon Energy Corp. - Common stock,nasdaq
ICOP,iShares Copper and Metals Mining ETF,nasdaq
ICU,SeaStar Medical Holding Corporation - Common Stock,nasdaq
ICUCW,SeaStar Medical Holding Corporation - Warrant,nasdaq
ICUI,"ICU Medical, Inc. - Common Stock",nasdaq
IDAI,T Stamp Inc. - Class A Common Stock,nasdaq
IDCC,"InterDigital, Inc. - Common Stock",nasdaq
IDEF,iShares Defense Industrials Active ETF,nasdaq
IDN,"Intellicheck, Inc. - Common Stock",nasdaq
IDVY,First Trust International Rising Dividend Achievers ETF,nasdaq
IDXX,"IDEXX Laboratories, Inc. - Common Stock",nasdaq
IDYA,"IDEAYA Biosciences, Inc. - Common Stock",nasdaq
IEAG,Infinite Eagle Acquisition Corp. - Class A Ordinary Shares,nasdaq
IEAGR,Infinite Eagle Acquisition Corp. - Rights,nasdaq
IEAGU,Infinite Eagle Acquisition Corp. - Unit,nasdaq
IEF,iShares 7-10 Year Treasury Bond ETF,nasdaq
IEI,iShares 3-7 Year Treasury Bond ETF,nasdaq
IEP,Icahn Enterprises L.P. - Depositary Units representing Limited Partner Interests,nasdaq
IESC,"IES Holdings, Inc. - Common Stock",nasdaq
IEUS,iShares MSCI Europe Small-Cap ETF,nasdaq
IFBD,"Infobird Co., Ltd - Ordinary Shares",nasdaq
IFGL,iShares International Developed Real Estate ETF,nasdaq
IFLO,VictoryShares International Free Cash Flow ETF,nasdaq
IFRX,InflaRx N.V. - Common Stock,nasdaq
IFV,First Trust Dorsey Wright International Focus 5 ETF,nasdaq
IGAC,Invest Green Acquisition Corporation - Class A Ordinary Shares,nasdaq
IGACR,Invest Green Acquisition Corporation - Rights,nasdaq
IGACU,Invest Green Acquisition Corporation - Units,nasdaq
IGF,iShares Global Infrastructure ETF,nasdaq
IGIB,iShares 5-10 Year Investment Grade Corporate Bond ETF,nasdaq
IGIC,International General Insurance Holdings Ltd. - Ordinary Shares,nasdaq
IGOV,iShares International Treasury Bond ETF,nasdaq
IGSB,iShares 1-5 Year Investment Grade Corporate Bond ETF,nasdaq
IHRT,"iHeartMedia, Inc. - Class A Common Stock",nasdaq
III,"Information Services Group, Inc. - Common Stock",nasdaq
IIIV,"i3 Verticals, Inc. - Common Stock",nasdaq
IINN,Inspira Technologies Oxy B.H.N. Ltd. - Ordinary Shares,nasdaq
IINNW,Inspira Technologies Oxy B.H.N. Ltd. - Warrant,nasdaq
IJT,iShares S&P SmallCap 600 Growth ETF,nasdaq
IKT,"Inhibikase Therapeutics, Inc. - Common Stock",nasdaq
ILAG,Intelligent Living Application Group Inc. - Ordinary Shares,nasdaq
ILIT,iShares Lithium Miners and Producers ETF,nasdaq
ILLUU,Illumination Acquisition Corp I - Units,nasdaq
ILMN,"Illumina, Inc. - Common Stock",nasdaq
ILPT,Industrial Logistics Properties Trust - Common Shares of Beneficial Interest,nasdaq
IMA,"ImageneBio, Inc. - Common Stock",nasdaq
IMCC,IM Cannabis Corp. - Common Shares,nasdaq
IMCR,Immunocore Holdings plc - American Depositary Shares,nasdaq
IMCV,iShares Morningstar Mid-Cap Value ETF,nasdaq
IMDX,Insight Molecular Diagnostics Inc. - Common Stock,nasdaq
IMKTA,"Ingles Markets, Incorporated - Class A Common Stock",nasdaq
IMMP,Immutep Limited - American Depositary Shares,nasdaq
IMMR,Immersion Corporation - Common Stock,nasdaq
IMMX,"Immix Biopharma, Inc. - Common Stock",nasdaq
IMNM,"Immunome, Inc. - Common Stock",nasdaq
IMNN,"Imunon, Inc. - Common Stock",nasdaq
IMOM,Alpha Architect International Quantitative Momentum ETF,nasdaq
IMOS,ChipMOS TECHNOLOGIES INC. - American Depositary Shares,nasdaq
IMPP,Imperial Petroleum Inc. - Common Shares,nasdaq
IMPPP,Imperial Petroleum Inc. - 8.75% Series A Cumulative Redeemable Perpetual Preferred Shares,nasdaq
IMRN,Immuron Limited - American Depositary Shares,nasdaq
IMRX,Immuneering Corporation - Class A Common Stock,nasdaq
IMSR,Terrestrial Energy Inc. - Common Stock,nasdaq
IMSRW,Terrestrial Energy Inc. - Warrant,nasdaq
IMTE,Integrated Media Technology Limited - Ordinary Shares,nasdaq
IMTX,Immatics N.V. - Ordinary Shares,nasdaq
IMUX,"Immunic, Inc.  - Common Stock",nasdaq
IMVT,"Immunovant, Inc.  - Common Stock",nasdaq
IMXI,"International Money Express, Inc. - Common Stock",nasdaq
INAB,"IN8bio, Inc. - Common Stock",nasdaq
INAC,Indigo Acquisition Corp. - Ordinary Shares,nasdaq
INACR,Indigo Acquisition Corp. - Right,nasdaq
INACU,Indigo Acquisition Corp. - Unit,nasdaq
INBK,First Internet Bancorp - Common Stock,nasdaq
INBKZ,First Internet Bancorp - Fixed-to-Floating Rate Subordinated Notes Due 2029,nasdaq
INBS,Intelligent Bio Solutions Inc.  - Common Stock,nasdaq
INBX,"Inhibrx Biosciences, Inc. - Common Stock",nasdaq
INCR,Intercure Ltd. - ordinary shares,nasdaq
INCY,Incyte Corporation - Common Stock,nasdaq
IND,Xtrackers Nifty 500 India ETF,nasdaq
INDB,Independent Bank Corp. - Common Stock,nasdaq
INDH,WisdomTree India Hedged Equity Fund,nasdaq
INDI,"indie Semiconductor, Inc. - Class A Common Stock",nasdaq
INDP,"Indaptus Therapeutics, Inc. - Common Stock",nasdaq
INDV,"Indivior Pharmaceuticals, Inc.  - Common Stock",nasdaq
INDY,iShares India 50 ETF,nasdaq
INEO,INNEOVA Holdings Limited - Class A Ordinary Shares,nasdaq
INGN,"Inogen, Inc - Common Stock",nasdaq
INHD,Inno Holdings Inc. - Common Stock,nasdaq
INKT,"MiNK Therapeutics, Inc. - Common Stock",nasdaq
INLF,INLIF LIMITED - Class A Ordinary shares,nasdaq
INM,InMed Pharmaceuticals Inc. - Common Shares,nasdaq
INMB,INmune Bio Inc. - Common stock,nasdaq
INMD,InMode Ltd.  - Ordinary Shares,nasdaq
INNV,InnovAge Holding Corp. - Common Stock,nasdaq
INO,"Inovio Pharmaceuticals, Inc. - Common Stock",nasdaq
INOD,Innodata Inc. - Common Stock,nasdaq
INRO,iShares U.S. Industry Rotation Active ETF,nasdaq
INSE,"Inspired Entertainment, Inc. - Common Stock",nasdaq
INSG,Inseego Corp. - Common Stock,nasdaq
INSM,Insmed Incorporated - Common Stock,nasdaq
INTA,"Intapp, Inc. - Common Stock",nasdaq
INTC,Intel Corporation - Common Stock,nasdaq
INTG,The Intergroup Corporation - Common Stock,nasdaq
INTJ,Intelligent Group Limited - Class A Ordinary Shares,nasdaq
INTR,Inter & Co. Inc. - Class A Common Shares,nasdaq
INTS,"Intensity Therapeutics, Inc. - Common Stock",nasdaq
INTU,Intuit Inc. - Common Stock,nasdaq
INTW,GraniteShares 2x Long INTC Daily ETF,nasdaq
INTZ,Intrusion Inc. - Common Stock,nasdaq
INV,"Innventure, Inc. - Common Stock",nasdaq
INVA,"Innoviva, Inc. - Common Stock",nasdaq
INVE,"Identiv, Inc. - Common Stock",nasdaq
INVZ,Innoviz Technologies Ltd. - Ordinary shares,nasdaq
INVZW,Innoviz Technologies Ltd. - Warrant,nasdaq
IOBT,"IO Biotech, Inc. - Common Stock",nasdaq
IONL,GraniteShares 2x Long IONQ Daily ETF,nasdaq
IONR,ioneer Ltd - American Depositary Shares,nasdaq
IONS,"Ionis Pharmaceuticals, Inc. - Common Stock",nasdaq
IONX,Defiance Daily Target 2X Long IONQ ETF,nasdaq
IONZ,Defiance Daily Target 2x Short IONQ ETF,nasdaq
IOSP,Innospec Inc. - Common Stock,nasdaq
IOTR,iOThree Limited - Ordinary Shares,nasdaq
IOVA,"Iovance Biotherapeutics, Inc. - Common Stock",nasdaq
IOYY,GraniteShares YieldBOOST IONQ ETF,nasdaq
IPAR,"Interparfums, Inc. - Common Stock",nasdaq
IPCX,Inflection Point Acquisition Corp. III - Class A ordinary shares,nasdaq
IPCXR,Inflection Point Acquisition Corp. III - Rights,nasdaq
IPCXU,Inflection Point Acquisition Corp. III - Units,nasdaq
IPDN,"Professional Diversity Network, Inc. - Common Stock",nasdaq
IPEX,Inflection Point Acquisition Corp. - Class A Ordinary Shares,nasdaq
IPEXR,Inflection Point Acquisition Corp. - Right,nasdaq
IPEXU,Inflection Point Acquisition Corp. - Unit,nasdaq
IPGP,IPG Photonics Corporation - Common Stock,nasdaq
IPHA,Innate Pharma S.A. - American Depositary Shares,nasdaq
IPKW,Invesco International BuyBack Achievers ETF,nasdaq
IPM,Intelligent Protection Management Corp.  - Common Stock,nasdaq
IPOD,Dune Acquisition Corporation II - Class A ordinary shares,nasdaq
IPODU,Dune Acquisition Corporation II - Units,nasdaq
IPODW,Dune Acquisition Corporation II - Warrants,nasdaq
IPSC,"Century Therapeutics, Inc. - Common Stock",nasdaq
IPST,"IP Strategy Holdings, Inc. - Common Stock",nasdaq
IPW,iPower Inc. - Common Stock,nasdaq
IPWR,Ideal Power Inc. - Common Stock,nasdaq
IPX,IperionX Limited - American Depositary Share,nasdaq
IQ,"iQIYI, Inc. - American Depositary Shares",nasdaq
IQQQ,ProShares Nasdaq-100 High Income ETF,nasdaq
IQST,iQSTEL Inc. - Common Stock,nasdaq
IRD,"Opus Genetics, Inc. - Common Stock",nasdaq
IRDM,Iridium Communications Inc - Common Stock,nasdaq
IREG,Leverage Shares 2X Long IREN Daily ETF,nasdaq
IREN,IREN Limited - Ordinary Shares,nasdaq
IRHO,Iron Horse Acquisitions II Corp. - Common Stock,nasdaq
IRHOR,Iron Horse Acquisitions II Corp. - Rights,nasdaq
IRHOU,Iron Horse Acquisitions II Corp. - Units,nasdaq
IRIX,IRIDEX Corporation - Common Stock,nasdaq
IRMD,iRadimed Corporation - Common Stock,nasdaq
IRON,"Disc Medicine, Inc. - Common Stock",nasdaq
IRTC,"iRhythm Holdings, Inc.  - Common Stock",nasdaq
IRWD,"Ironwood Pharmaceuticals, Inc. - Class A Common Stock",nasdaq
ISBA,Isabella Bank Corporation - Common stock,nasdaq
ISHG,iShares 1-3 Year International Treasury Bond ETF,nasdaq
ISHP,First Trust S-Network E-Commerce ETF,nasdaq
ISPC,iSpecimen Inc. - Common Stock,nasdaq
ISPR,Ispire Technology Inc. - Common Stock,nasdaq
ISRG,"Intuitive Surgical, Inc. - Common Stock",nasdaq
ISSC,"Innovative Solutions and Support, Inc. - Common Stock",nasdaq
ISTB,iShares Core 1-5 Year USD Bond ETF,nasdaq
ISTR,Investar Holding Corporation - Common Stock,nasdaq
ISUL,GraniteShares 2x Long ISRG Daily ETF,nasdaq
ITHA,ITHAX Acquisition Corp III - Class A Ordinary Shares,nasdaq
ITHAU,ITHAX Acquisition Corp III - Units,nasdaq
ITHAW,ITHAX Acquisition Corp III - Warrants,nasdaq
ITIC,Investors Title Company - Common Stock,nasdaq
ITOC,iTonic Holdings Ltd - Class A Ordinary Shares,nasdaq
ITRI,"Itron, Inc. - Common Stock",nasdaq
ITRM,Iterum Therapeutics plc - Ordinary Share,nasdaq
ITRN,Ituran Location and Control Ltd. - Ordinary Shares,nasdaq
IUS,Invesco RAFI Strategic US ETF,nasdaq
IUSB,iShares Core Universal USD Bond ETF,nasdaq
IUSG,iShares Core S&P U.S. Growth ETF,nasdaq
IUSV,iShares Core S&P U.S. Value ETF,nasdaq
IVA,Inventiva S.A. - American Depository Shares,nasdaq
IVAL,Alpha Architect International Quantitative Value ETF,nasdaq
IVDA,"Iveda Solutions, Inc. - Common Stock",nasdaq
IVDAW,"Iveda Solutions, Inc. - Warrant",nasdaq
IVF,"INVO Fertility, Inc. - Common Stock",nasdaq
IVSI,Applied Finance IVS International Large ETF,nasdaq
IVSS,Applied Finance IVS US SMID ETF,nasdaq
IVSX,Applied Finance IVS International SMID ETF,nasdaq
IVVD,"Invivyd, Inc. - Common Stock",nasdaq
IXHL,Incannex Healthcare Inc. - Common Stock,nasdaq
IXUS,iShares Core MSCI Total International Stock ETF,nasdaq
IZEA,"IZEA Worldwide, Inc. - Common Stock",nasdaq
IZM,ICZOOM Group Inc. - Class A Ordinary Shares,nasdaq
JACK,Jack In The Box Inc. - Common Stock,nasdaq
JAGX,"Jaguar Health, Inc. - Common Stock",nasdaq
JAKK,"JAKKS Pacific, Inc. - Common Stock",nasdaq
JANX,"Janux Therapeutics, Inc. - Common Stock",nasdaq
JAPN,Horizon Kinetics Japan Owner Operator ETF,nasdaq
JAZZ,Jazz Pharmaceuticals plc - Ordinary Shares,nasdaq
JBDI,JBDI Holdings Limited - Ordinary Shares,nasdaq
JBHT,"J.B. Hunt Transport Services, Inc. - Common Stock",nasdaq
JBIO,"Jade Biosciences, Inc. - Common Stock",nasdaq
JBLU,JetBlue Airways Corporation - Common Stock,nasdaq
JBSS,"John B. Sanfilippo & Son, Inc. - Common Stock",nasdaq
JCAP,"Jefferson Capital, Inc. - Common Stock",nasdaq
JCSE,JE Cleantech Holdings Limited - Ordinary Shares,nasdaq
JCTC,Jewett-Cameron Trading Company - Common Shares,nasdaq
JD,"JD.com, Inc. - American Depositary Shares",nasdaq
JDOC,JPMorgan Healthcare Leaders ETF,nasdaq
JDZG,JIADE LIMITED - Class A Ordinary Shares,nasdaq
JEM,707 Cayman Holdings Limited - Ordinary Shares,nasdaq
JEPQ,JPMorgan Nasdaq Equity Premium Income ETF,nasdaq
JF,J and Friends Holdings Limited - American Depositary Shares,nasdaq
JFB,JFB Construction Holdings - Class A Common Stock,nasdaq
JFBR,Jeffs' Brands Ltd - Ordinary Shares,nasdaq
JFBRW,Jeffs' Brands Ltd - Warrant,nasdaq
JFIN,Jiayin Group Inc. - American Depositary Shares,nasdaq
JFU,9F Inc. - American Depositary Shares,nasdaq
JG,Aurora Mobile Limited - American Depositary Shares,nasdaq
JGLO,JPMorgan Global Select Equity ETF,nasdaq
JHAI,Janus Henderson Global Artificial Intelligence ETF,nasdaq
JIVE,JPMorgan International Value ETF,nasdaq
JJSF,J & J Snack Foods Corp. - Common Stock,nasdaq
JKHY,"Jack Henry & Associates, Inc. - Common Stock",nasdaq
JL,J-Long Group Limited - Class A Ordinary Shares,nasdaq
JLHL,Julong Holding Limited - Class A Ordinary Shares,nasdaq
JMID,Janus Henderson Mid Cap Growth Alpha ETF,nasdaq
JMSB,"John Marshall Bancorp, Inc. - Common Stock",nasdaq
JOUT,Johnson Outdoors Inc. - Class A Common Stock,nasdaq
JOYY,JOYY Inc. - American Depositary Shares,nasdaq
JPEF,JPMorgan Equity Focus ETF,nasdaq
JPY,Lazard Japanese Equity ETF,nasdaq
JRSH,"Jerash Holdings (US), Inc. - Common Stock",nasdaq
JRVR,"James River Group Holdings, Inc. - Common Stock",nasdaq
JSM,"Navient Corporation - 6% Senior Notes due December 15, 2043",nasdaq
JSMD,Janus Henderson Small/Mid Cap Growth Alpha ETF,nasdaq
JSML,Janus Henderson Small Cap Growth Alpha ETF,nasdaq
JSPR,"Jasper Therapeutics, Inc. - Class A Common Stock",nasdaq
JSPRW,"Jasper Therapeutics, Inc. - Warrant",nasdaq
JTAI,Jet.AI Inc. - Common Stock,nasdaq
JTEK,JPMorgan U.S. Tech Leaders ETF,nasdaq
JUNS,"Jupiter Neurosciences, Inc. - Common Stock",nasdaq
JVA,"Coffee Holding Co., Inc. - Common Stock",nasdaq
JWEL,Jowell Global Ltd. - Ordinary Shares,nasdaq
JXG,JX Luxventure Group Inc. - Common Stock,nasdaq
JYD,Jayud Global Logistics Limited - Class A Ordinary Shares,nasdaq
JYNT,The Joint Corp. - Common Stock,nasdaq
JZ,Jianzhi Education Technology Group Company Limited - American Depositary Shares,nasdaq
JZXN,"Jiuzi Holdings, Inc. - Ordinary Shares",nasdaq
KALA,"KALA BIO, Inc. - Common Stock",nasdaq
KALU,Kaiser Aluminum Corporation - Common Stock,nasdaq
KALV,"KalVista Pharmaceuticals, Inc. - Common Stock",nasdaq
KARO,Karooooo Ltd. - Ordinary shares,nasdaq
KAT,Scharf ETF,nasdaq
KBAB,KraneShares 2x Long BABA Daily ETF,nasdaq
KBDU,KraneShares 2x Long BIDU Daily ETF,nasdaq
KBON,Karbon Capital Partners Corp. - Class A Ordinary Shares,nasdaq
KBONU,Karbon Capital Partners Corp. - Units,nasdaq
KBONW,Karbon Capital Partners Corp. - Warrant,nasdaq
KBSX,FST Corp. - Ordinary Shares,nasdaq
KBWB,Invesco KBW Bank ETF,nasdaq
KBWD,Invesco KBW High Dividend Yield Financial ETF,nasdaq
KBWP,Invesco KBW Property & Casualty Insurance ETF,nasdaq
KBWY,Invesco KBW Premium Yield Equity REIT ETF,nasdaq
KC,Kingsoft Cloud Holdings Limited - American Depositary Shares,nasdaq
KCHV,Kochav Defense Acquisition Corp. - Class A Ordinary Shares,nasdaq
KCHVR,Kochav Defense Acquisition Corp. - Right,nasdaq
KCHVU,Kochav Defense Acquisition Corp. - Units,nasdaq
KDK,"Kodiak AI, Inc. - Common Stock",nasdaq
KDKRW,"Kodiak AI, Inc. - Warrant",nasdaq
KDP,Keurig Dr Pepper Inc. - Common Stock,nasdaq
KE,"Kimball Electronics, Inc. - Common Stock",nasdaq
KEAT,Keating Active ETF,nasdaq
KELYA,"Kelly Services, Inc. - Class A Common Stock",nasdaq
KELYB,"Kelly Services, Inc. - Class B Common Stock",nasdaq
KEQU,Kewaunee Scientific Corporation - Common Stock,nasdaq
KFFB,Kentucky First Federal Bancorp - Common Stock,nasdaq
KFII,K&F Growth Acquisition Corp. II - Class A Ordinary shares,nasdaq
KFIIR,K&F Growth Acquisition Corp. II - Rights,nasdaq
KFIIU,K&F Growth Acquisition Corp. II - Unit,nasdaq
KG,"Kestrel Group, Ltd. - Common Stock",nasdaq
KGEI,Kolibri Global Energy Inc. - Common stock,nasdaq
KHC,The Kraft Heinz Company - Common Stock,nasdaq
KIDS,OrthoPediatrics Corp. - Common Stock,nasdaq
KIDZ,"Classover Holdings, Inc. - Class B Common Stock",nasdaq
KIDZW,"Classover Holdings, Inc. - Warrants",nasdaq
KINS,"Kingstone Companies, Inc - Common Stock",nasdaq
KIQQ,KraneShares InspereX Nasdaq Dynamic Buffered High Income Index ETF,nasdaq
KITT,"Nauticus Robotics, Inc. - Common stock",nasdaq
KITTW,"Nauticus Robotics, Inc. - Warrant",nasdaq
KJD,KraneShares 2x Long JD Daily ETF,nasdaq
KLAC,KLA Corporation  - Common Stock,nasdaq
KLAG,Leverage Shares 2x Long KLAC Daily ETF,nasdaq
KLIC,"Kulicke and Soffa Industries, Inc. - Common Stock",nasdaq
KLRS,"Kalaris Therapeutics, Inc.  - Common Stock",nasdaq
KLTR,"Kaltura, Inc. - Common Stock",nasdaq
KLXE,"KLX Energy Services Holdings, Inc.  - Common Stock",nasdaq
KMB,Kimberly-Clark Corporation - Common Stock,nasdaq
KMDA,Kamada Ltd. - Ordinary Shares,nasdaq
KMLI,KraneShares 2x Long MELI Daily ETF,nasdaq
KMRK,K-Tech Solutions Company Limited - Class A Ordinary Shares,nasdaq
KMTS,"Kestra Medical Technologies, Ltd. - Common Stock",nasdaq
KNDI,"Kandi Technologies Group, Inc. - Ordinary Shares",nasdaq
KNGZ,First Trust S&P 500 Diversified Dividend Aristocrats ETF,nasdaq
KNSA,"Kiniksa Pharmaceuticals International, plc - Class A Ordinary Shares",nasdaq
KOD,Kodiak Sciences Inc - Common Stock,nasdaq
KOID,KraneShares Global Humanoid and Embodied Intelligence Index ETF,nasdaq
KOPN,Kopin Corporation - Common Stock,nasdaq
KOSS,Koss Corporation - Common Stock,nasdaq
KOYN,CSLM Digital Asset Acquisition Corp III - Class A Ordinary Shares,nasdaq
KOYNU,CSLM Digital Asset Acquisition Corp III - Units,nasdaq
KOYNW,CSLM Digital Asset Acquisition Corp III - Warrants,nasdaq
KPDD,KraneShares 2x Long PDD Daily ETF,nasdaq
KPLT,"Katapult Holdings, Inc. - Common Stock",nasdaq
KPLTW,"Katapult Holdings, Inc. - Warrant",nasdaq
KPRX,"Kiora Pharmaceuticals, Inc.  - Common Stock",nasdaq
KPTI,Karyopharm Therapeutics Inc. - Common Stock,nasdaq
KQQQ,Kurv Technology Titans Select ETF,nasdaq
KRAQ,KRAKacquisition Corp - Class A Ordinary Shares,nasdaq
KRAQU,KRAKacquisition Corp - Unit,nasdaq
KRAQW,KRAKacquisition Corp - Warrants,nasdaq
KRKR,36Kr Holdings Inc. - American Depositary Shares,nasdaq
KRMA,Global X Conscious Companies ETF,nasdaq
KRMD,"KORU Medical Systems, Inc. - Common Stock",nasdaq
KRNT,Kornit Digital Ltd. - Ordinary Shares,nasdaq
KRNY,Kearny Financial - Common Stock,nasdaq
KROP,Global X AgTech & Food Innovation ETF,nasdaq
KROS,"Keros Therapeutics, Inc. - common stock",nasdaq
KRRO,"Korro Bio, Inc. - Common Stock",nasdaq
KRT,Karat Packaging Inc. - Common Stock,nasdaq
KRUS,"Kura Sushi USA, Inc. - Class A Common Stock",nasdaq
KRYS,"Krystal Biotech, Inc. - Common Stock",nasdaq
KSCP,"Knightscope, Inc. - Class A Common Stock",nasdaq
KSPI,Joint Stock Company Kaspi.kz - American Depository Shares,nasdaq
KTCC,Key Tronic Corporation - Common Stock,nasdaq
KTOS,"Kratos Defense & Security Solutions, Inc. - Common Stock",nasdaq
KTTA,Pasithea Therapeutics Corp. - Common Stock,nasdaq
KTTAW,Pasithea Therapeutics Corp. - Warrant,nasdaq
KTWO,K2 Capital Acquisition Corporation - Class A Ordinary Share,nasdaq
KTWOR,K2 Capital Acquisition Corporation - Rights,nasdaq
KTWOU,K2 Capital Acquisition Corporation - Units,nasdaq
KURA,"Kura Oncology, Inc. - Common Stock",nasdaq
KUST,"Kustom Entertainment, Inc. - Common Stock",nasdaq
KVAC,Keen Vision Acquisition Corporation - Ordinary Shares,nasdaq
KVACU,Keen Vision Acquisition Corporation - Units,nasdaq
KVACW,Keen Vision Acquisition Corporation - Warrant,nasdaq
KVHI,"KVH Industries, Inc. - Common Stock",nasdaq
KWM,"K Wave Media, Ltd. - Ordinary Shares",nasdaq
KWMWW,"K Wave Media, Ltd. - Warrant",nasdaq
KXIN,Kaixin Holdings - Ordinary Shares,nasdaq
KYIV,Kyivstar Group Ltd. - Common Shares,nasdaq
KYIVW,Kyivstar Group Ltd. - Warrant,nasdaq
KYMR,"Kymera Therapeutics, Inc. - Common Stock",nasdaq
KYNB,"Kyntra Bio, Inc. - Common Stock",nasdaq
KYTX,"Kyverna Therapeutics, Inc. - Common Stock",nasdaq
KZIA,Kazia Therapeutics Limited - American Depositary Shares,nasdaq
KZR,"Kezar Life Sciences, Inc. - Common Stock",nasdaq
LAB,Standard BioTools Inc. - Common Stock,nasdaq
LACG,Leverage Shares 2X Long LAC Daily ETF,nasdaq
LAES,SEALSQ Corp - Ordinary Shares,nasdaq
LAFA,LaFayette Acquisition Corp. - Ordinary Share,nasdaq
LAFAR,LaFayette Acquisition Corp. - Rights,nasdaq
LAFAU,LaFayette Acquisition Corp. - Unit,nasdaq
LAKE,"Lakeland Industries, Inc. - Common Stock",nasdaq
LAMR,Lamar Advertising Company - Class A Common Stock,nasdaq
LAND,Gladstone Land Corporation - Common Stock,nasdaq
LANDO,Gladstone Land Corporation - 6.00% Series B Cumulative Redeemable Preferred Stock,nasdaq
LANDP,Gladstone Land Corporation - 6.00% Series C Cumulative Redeemable Preferred Stock,nasdaq
LARK,Landmark Bancorp Inc. - Common Stock,nasdaq
LASE,Laser Photonics Corporation - Common Stock,nasdaq
LASR,"nLIGHT, Inc. - Common Stock",nasdaq
LATA,Galata Acquisition Corp. II - Class A Ordinary Shares,nasdaq
LATAU,Galata Acquisition Corp. II - Units,nasdaq
LATAW,Galata Acquisition Corp. II - Warrant,nasdaq
LAUR,"Laureate Education, Inc. - Common Stock",nasdaq
LAWR,"Robot Consulting Co., Ltd. - ADS",nasdaq
LAYS,STKd 100% NVDA & 100% AMD ETF,nasdaq
LBGJ,Li Bang International Corporation Inc. - Class A Ordinary Shares,nasdaq
LBRDA,Liberty Broadband Corporation - Class A Common Stock,nasdaq
LBRDK,Liberty Broadband Corporation - Class C Common Stock,nasdaq
LBRDP,Liberty Broadband Corporation - Series A Cumulative Redeemable Preferred Stock,nasdaq
LBRX,LB Pharmaceuticals Inc - Common Stock,nasdaq
LBTYA,Liberty Global Ltd. - Class A Common Shares,nasdaq
LBTYB,Liberty Global Ltd. - Class B Common Shares,nasdaq
LBTYK,Liberty Global Ltd. - Class C Common Shares,nasdaq
LCCC,Lakeshore Acquisition III Corp. - Ordinary Shares,nasdaq
LCCCR,Lakeshore Acquisition III Corp. - Rights,nasdaq
LCCCU,Lakeshore Acquisition III Corp. - Unit,nasdaq
LCDL,GraniteShares 2x Long LCID Daily ETF,nasdaq
LCDS,JPMorgan Fundamental Data Science Large Core ETF,nasdaq
LCFY,Locafy Limited - Ordinary Share,nasdaq
LCFYW,Locafy Limited - Warrant,nasdaq
LCID,"Lucid Group, Inc. - Common Stock",nasdaq
LCNB,LCNB Corporation - Common Stock,nasdaq
LCUT,"Lifetime Brands, Inc. - Common Stock",nasdaq
LDEM,iShares ESG MSCI EM Leaders ETF,nasdaq
LDRX,SGI Enhanced Market Leaders ETF,nasdaq
LDSF,First Trust Low Duration Strategic Focus ETF,nasdaq
LE,"Lands' End, Inc. - Common Stock",nasdaq
LECO,"Lincoln Electric Holdings, Inc. - Common Shares",nasdaq
LEDS,SemiLEDS Corporation - Common Stock,nasdaq
LEE,"Lee Enterprises, Incorporated - Common Stock",nasdaq
LEGH,Legacy Housing Corporation - Common Stock,nasdaq
LEGN,Legend Biotech Corporation - American Depositary Shares,nasdaq
LEGR,First Trust Indxx Innovative Transaction & Process ETF,nasdaq
LENZ,"LENZ Therapeutics, Inc. - Common Stock",nasdaq
LESL,"Leslie's, Inc. - Common Stock",nasdaq
LEXI,Alexis Practical Tactical ETF,nasdaq
LEXX,Lexaria Bioscience Corp. - Common Stock,nasdaq
LFAC,Leapfrog Acquisition Corporation - Class A Ordinary Shares,nasdaq
LFACU,Leapfrog Acquisition Corporation - Units,nasdaq
LFACW,Leapfrog Acquisition Corporation - Warrants,nasdaq
LFCR,"Lifecore Biomedical, Inc. - Common Stock",nasdaq
LFMD,"LifeMD, Inc. - Common Stock",nasdaq
LFMDP,"LifeMD, Inc. - 8.875% Series A Cumulative Perpetual Preferred Stock",nasdaq
LFS,"LEIFRAS Co., Ltd. - American Depositary Shares",nasdaq
LFSC,F/m Emerald Life Sciences Innovation ETF,nasdaq
LFST,"LifeStance Health Group, Inc. - Common Stock",nasdaq
LFUS,"Littelfuse, Inc. - Common Stock",nasdaq
LFVN,Lifevantage Corporation - Common Stock,nasdaq
LFWD,Lifeward Ltd. - Ordinary Shares,nasdaq
LGCB,Linkage Global Inc - Class A Ordinary Shares,nasdaq
LGCF,Themes US Cash Flow Champions ETF,nasdaq
LGCL,Lucas GC Limited - Class A Ordinary Shares,nasdaq
LGHL,Lion Group Holding Ltd. - American Depositary Share,nasdaq
LGIH,"LGI Homes, Inc. - Common Stock",nasdaq
LGN,Legence Corp. - Class A Common stock,nasdaq
LGND,Ligand Pharmaceuticals Incorporated - Common Stock,nasdaq
LGO,Largo Inc. - Common Shares,nasdaq
LGRO,Level Four Large Cap Growth Active ETF,nasdaq
LGVN,Longeveron Inc. - Class A Common stock,nasdaq
LHAI,Linkhome Holdings Inc. - Common stock,nasdaq
LHSW,Lianhe Sowell International Group Ltd - Class A Ordinary Shares,nasdaq
LI,Li Auto Inc. - American Depositary Shares,nasdaq
LICN,Lichen International Limited - Class A Ordinary Shares,nasdaq
LIDR,"AEye, Inc. - Class A Common Stock",nasdaq
LIDRW,"AEye, Inc. - Warrant",nasdaq
LIEN,"Chicago Atlantic BDC, Inc. - Common Stock",nasdaq
LIF,"Life360, Inc. - Common Stock",nasdaq
LIFE,Ethos Technologies Inc. - Class A Common Stock,nasdaq
LILA,Liberty Latin America Ltd. - Class A Common Stock,nasdaq
LILAK,Liberty Latin America Ltd. - Class C Common Stock,nasdaq
LIMN,"Liminatus Pharma, Inc. - Class A Common Stock",nasdaq
LIMNW,"Liminatus Pharma, Inc. - Warrants",nasdaq
LIN,Linde plc - Ordinary Shares,nasdaq
LINC,Lincoln Educational Services Corporation - Common Stock,nasdaq
LIND,Lindblad Expeditions Holdings Inc.  - Common Stock,nasdaq
LINE,"Lineage, Inc. - Common Stock",nasdaq
LINK,"Interlink Electronics, Inc. - Common Stock",nasdaq
LINT,Direxion Daily INTC Bull 2X ETF,nasdaq
LIQT,"LiqTech International, Inc. - Common Stock",nasdaq
LITE,Lumentum Holdings Inc. - Common Stock,nasdaq
LITP,Sprott Lithium Miners ETF,nasdaq
LITS,"Lite Strategy, Inc. - Common Stock",nasdaq
LIVE,Live Ventures Incorporated - Common Stock,nasdaq
LIVN,LivaNova PLC - Ordinary Shares,nasdaq
LIXT,"Lixte Biotechnology Holdings, Inc. - Common Stock",nasdaq
LKFN,Lakeland Financial Corporation - Common Stock,nasdaq
LKQ,LKQ Corporation - Common Stock,nasdaq
LKSP,Lake Superior Acquisition Corp. - Class A Ordinary Shares,nasdaq
LKSPR,Lake Superior Acquisition Corp. - Rights,nasdaq
LKSPU,Lake Superior Acquisition Corp. - Units,nasdaq
LLYVA,"Liberty Live Holdings, Inc. - Series A Liberty Live Group Common Stock",nasdaq
LLYVK,"Liberty Live Holdings, Inc. - Series C Liberty Live Group Common Stock",nasdaq
LMAT,"LeMaitre Vascular, Inc. - Common Stock",nasdaq
LMB,"Limbach Holdings, Inc. - Common Stock",nasdaq
LMBS,First Trust Low Duration Opportunities ETF,nasdaq
LMFA,"LM Funding America, Inc. - Common Stock",nasdaq
LMNR,Limoneira Co - Common Stock,nasdaq
LMNX,Defiance Daily Target 2x Long LMND ETF,nasdaq
LMRI,"Lumexa Imaging Holdings, Inc. - Common Stock",nasdaq
LMTL,Direxion Daily LMT Bull 2X ETF,nasdaq
LMTS,Direxion Daily LMT Bear 1X ETF,nasdaq
LNAI,Lunai Bioworks Inc. - Common Stock,nasdaq
LNKB,"LINKBANCORP, Inc. - Common Stock",nasdaq
LNKS,Linkers Industries Limited - Class A Ordinary Shares,nasdaq
LNSR,"LENSAR, Inc. - Common Stock",nasdaq
LNT,Alliant Energy Corporation - Common Stock,nasdaq
LNTH,"Lantheus Holdings, Inc. - Common Stock",nasdaq
LNZA,"LanzaTech Global, Inc. - Common Stock",nasdaq
LNZAW,"LanzaTech Global, Inc. - Warrant",nasdaq
LOAN,"Manhattan Bridge Capital, Inc - Common Stock",nasdaq
LOBO,LOBO TECHNOLOGIES LTD. - Class A Ordinary Shares,nasdaq
LOCO,"El Pollo Loco Holdings, Inc. - Common Stock",nasdaq
LOGI,Logitech International S.A. - Registered Shares,nasdaq
LOGO,Alpha Brands Consumption Leaders ETF,nasdaq
LOKV,Live Oak Acquisition Corp. V - Class A Ordinary Shares,nasdaq
LOKVU,Live Oak Acquisition Corp. V - Units,nasdaq
LOKVW,Live Oak Acquisition Corp. V - Warrants,nasdaq
LONA,"LeonaBio, Inc. - Common Stock",nasdaq
LOOP,"Loop Industries, Inc. - Common Stock",nasdaq
LOPE,"Grand Canyon Education, Inc. - Common Stock",nasdaq
LOT,Lotus Technology Inc. - American Depositary Shares,nasdaq
LOTI,Liberty One Tactical Income ETF,nasdaq
LOTWW,Lotus Technology Inc. - Warrants,nasdaq
LOVE,The Lovesac Company - Common Stock,nasdaq
LPAA,Launch One Acquisition Corp. - Class A Ordinary Shares,nasdaq
LPAAU,Launch One Acquisition Corp. - Unit,nasdaq
LPAAW,Launch One Acquisition Corp. - Warrant,nasdaq
LPBB,Launch Two Acquisition Corp. - Class A Ordinary Shares,nasdaq
LPBBU,Launch Two Acquisition Corp. - Unit,nasdaq
LPBBW,Launch Two Acquisition Corp. - Warrant,nasdaq
LPCN,Lipocine Inc. - Common Stock,nasdaq
LPCV,Launchpad Cadenza Acquisition Corp I - Class A Ordinary Share,nasdaq
LPCVU,Launchpad Cadenza Acquisition Corp I - Unit,nasdaq
LPCVW,Launchpad Cadenza Acquisition Corp I - Warrant,nasdaq
LPLA,LPL Financial Holdings Inc. - Common Stock,nasdaq
LPRO,Open Lending Corporation - Common Stock,nasdaq
LPSN,"LivePerson, Inc. - Common Stock",nasdaq
LPTH,"LightPath Technologies, Inc. - Class A Common Stock",nasdaq
LQDA,Liquidia Corporation - Common Stock,nasdaq
LQDT,"Liquidity Services, Inc. - Common Stock",nasdaq
LRCX,Lam Research Corporation - Common Stock,nasdaq
LRE,"Lead Real Estate Co., Ltd - American Depositary Shares",nasdaq
LRGE,ClearBridge Large Cap Growth Select ETF,nasdaq
LRHC,La Rosa Holdings Corp. - Common Stock,nasdaq
LRMR,"Larimar Therapeutics, Inc. - Common Stock",nasdaq
LRND,NYLI U.S. Large Cap R&D Leaders ETF,nasdaq
LSAK,"Lesaka Technologies, Inc. - Common Stock",nasdaq
LSBK,"Lake Shore Bancorp, Inc. - Common Stock",nasdaq
LSCC,Lattice Semiconductor Corporation - Common Stock,nasdaq
LSE,"Leishen Energy Holding Co., Ltd. - Class A Ordinary Shares",nasdaq
LSH,Lakeside Holding Limited - Common Stock,nasdaq
LSTA,"Lisata Therapeutics, Inc. - Common Stock",nasdaq
LSTR,"Landstar System, Inc. - Common Stock",nasdaq
LTBR,Lightbridge Corporation - Common Stock,nasdaq
LTCC,Canary Litecoin ETF,nasdaq
LTRN,Lantern Pharma Inc. - Common Stock,nasdaq
LTRX,"Lantronix, Inc. - Common Stock",nasdaq
LTRYW,Sports Entertainment Gaming Global Corporation  - Warrant,nasdaq
LUCD,Lucid Diagnostics Inc. - Common Stock,nasdaq
LUCY,"Innovative Eyewear, Inc. - Common Stock",nasdaq
LUCYW,"Innovative Eyewear, Inc. - Warrants",nasdaq
LULG,Leverage Shares 2X Long LULU Daily ETF,nasdaq
LULU,lululemon athletica inc. - Common Stock,nasdaq
LUNG,Pulmonx Corporation - Common Stock,nasdaq
LUNR,"Intuitive Machines, Inc. - Class A Common Stock",nasdaq
LVHD,Franklin U.S. Low Volatility High Dividend Index ETF,nasdaq
LVIG,Longview Advantage Fixed Income ETF,nasdaq
LVLU,"Lulu's Fashion Lounge Holdings, Inc. - Common Stock",nasdaq
LVO,"LiveOne, Inc. - Common Stock",nasdaq
LWAC,LightWave Acquisition Corp. - Class A Ordinary Shares,nasdaq
LWACU,LightWave Acquisition Corp. - Units,nasdaq
LWACW,LightWave Acquisition Corp. - Warrants,nasdaq
LWAY,"Lifeway Foods, Inc. - Common Stock",nasdaq
LWLG,"Lightwave Logic, Inc. - Common Stock",nasdaq
LX,LexinFintech Holdings Ltd. - American Depositary Shares,nasdaq
LXEH,"Lixiang Education Holding Co., Ltd. - American Depositary Shares",nasdaq
LXEO,"Lexeo Therapeutics, Inc. - Common Stock",nasdaq
LXRX,"Lexicon Pharmaceuticals, Inc. - Common Stock",nasdaq
LYEL,"Lyell Immunopharma, Inc. - Common Stock",nasdaq
LYFT,"Lyft, Inc. - Class A Common Stock",nasdaq
LYTS,LSI Industries Inc. - Common Stock,nasdaq
LZ,"LegalZoom.com, Inc. - Common Stock",nasdaq
LZMH,LZ Technology Holdings Limited - Class B Ordinary Shares,nasdaq
MAAS,Maase Inc. - Class A Ordinary Shares,nasdaq
MAAY,GraniteShares YieldBOOST MARA ETF,nasdaq
MACI,Melar Acquisition Corp. I - Class A Ordinary Shares,nasdaq
MACIU,Melar Acquisition Corp. I - Unit,nasdaq
MACIW,Melar Acquisition Corp. I - Warrant,nasdaq
MAGH,Magnitude International Ltd - Ordinary Shares,nasdaq
MAMA,"Mama's Creations, Inc. - Common Stock",nasdaq
MAMK,MaxsMaking Inc. - Class A Ordinary Shares,nasdaq
MAMO,Massimo Group - Common Stock,nasdaq
MANH,"Manhattan Associates, Inc. - Common Stock",nasdaq
MAPS,"WM Technology, Inc. - Class A Common Stock",nasdaq
MAPSW,"WM Technology, Inc. - Warrants",nasdaq
MAR,Marriott International - Class A Common Stock,nasdaq
MARA,"MARA Holdings, Inc. - Common Stock",nasdaq
MARPS,Marine Petroleum Trust - Units of Beneficial Interest,nasdaq
MASI,Masimo Corporation - Common Stock,nasdaq
MASK,3 E Network Technology Group Ltd - Class A Ordinary Shares,nasdaq
MASS,908 Devices Inc. - Common Stock,nasdaq
MAT,"Mattel, Inc. - Common Stock",nasdaq
MATE,Man Active Trend Enhanced ETF,nasdaq
MATH,Metalpha Technology Holding Limited - Ordinary Shares,nasdaq
MATW,Matthews International Corporation - Class A Common Stock,nasdaq
MAXI,Simplify Bitcoin Strategy PLUS Income ETF,nasdaq
MAXN,"Maxeon Solar Technologies, Ltd. - Ordinary Shares",nasdaq
MAYS,"J. W. Mays, Inc. - Common Stock",nasdaq
MAZE,"Maze Therapeutics, Inc. - Common Stock",nasdaq
MB,MasterBeef Group - Ordinary Shares,nasdaq
MBAI,Check-Cap Ltd. - Ordinary Share,nasdaq
MBAV,M3-Brigade Acquisition V Corp. - Class A Ordinary shares,nasdaq
MBAVU,M3-Brigade Acquisition V Corp. - Units,nasdaq
MBAVW,M3-Brigade Acquisition V Corp. - Warrant,nasdaq
MBB,iShares MBS ETF,nasdaq
MBBC,"Marathon Bancorp, Inc. - Common Stock",nasdaq
MBIN,Merchants Bancorp - Common Stock,nasdaq
MBINL,"Merchants Bancorp - Depositary Shares, Each Representing a 1/40th Interest in a Share of 7.625% Fixed Rate Series E Non-Cumulative Perpetual Preferred Stock, without par value",nasdaq
MBINM,"Merchants Bancorp - Depositary Shares, Each Representing a 1/40th Interest in a Share of 8.25% Fixed-Rate Reset Series D Non-Cumulative Perpetual Preferred Stock",nasdaq
MBINN,Merchants Bancorp - Depositary Shares 6.00% Fixed Rate Series C Non-Cumulative Perpetual Preferred Stock,nasdaq
MBIO,"Mustang Bio, Inc. - Common Stock",nasdaq
MBLY,Mobileye Global Inc. - Class A Common Stock,nasdaq
MBNKO,"Medallion Bank - Fixed-Rate Reset Non-Cumulative Perpetual Preferred Stock, Series G, par value $1.00 per share",nasdaq
MBOT,Microbot Medical Inc.  - Common Stock,nasdaq
MBRX,"Moleculin Biotech, Inc. - Common Stock",nasdaq
MBS,Angel Oak Mortgage-Backed Securities ETF,nasdaq
MBUU,"Malibu Boats, Inc. - Common Stock",nasdaq
MBVI,M3-Brigade Acquisition VI Corp. - Class A Ordinary Shares,nasdaq
MBVIU,M3-Brigade Acquisition VI Corp. - Units,nasdaq
MBVIW,M3-Brigade Acquisition VI Corp. - Warrant,nasdaq
MBWM,Mercantile Bank Corporation - Common Stock,nasdaq
MBX,"MBX Biosciences, Inc. - Common Stock",nasdaq
MCBS,"MetroCity Bankshares, Inc. - Common Stock",nasdaq
MCDS,JPMorgan Fundamental Data Science Mid Core ETF,nasdaq
MCFT,"MasterCraft Boat Holdings, Inc. - Common Stock",nasdaq
MCGA,Yorkville Acquisition Corp. - Class A Ordinary Share,nasdaq
MCGAU,Yorkville Acquisition Corp. - Unit,nasdaq
MCGAW,Yorkville Acquisition Corp. - Warrant,nasdaq
MCHB,Mechanics Bancorp - Class A Common Stock,nasdaq
MCHI,iShares MSCI China ETF,nasdaq
MCHP,Microchip Technology Incorporated - Common Stock,nasdaq
MCHPP,Microchip Technology Incorporated - Depositary Shares Each Representing a 1/20th Interest in a Share of 7.50% Series A Mandatory Convertible Preferred Stock,nasdaq
MCHS,Matthews China Discovery Active ETF,nasdaq
MCHX,"Marchex, Inc. - Class B Common Stock",nasdaq
MCRB,"Seres Therapeutics, Inc. - Common Stock",nasdaq
MCRI,"Monarch Casino & Resort, Inc. - Common Stock",nasdaq
MCTA,Charming Medical Limited - Class A Ordinary Shares,nasdaq
MCW,"Mister Car Wash, Inc. - Common Stock",nasdaq
MDAI,"Spectral AI, Inc. - Class A Common Stock",nasdaq
MDAIW,"Spectral AI, Inc. - Warrants",nasdaq
MDB,"MongoDB, Inc. - Class A Common Stock",nasdaq
MDBH,"MDB Capital Holdings, LLC - Class A common ",nasdaq
MDCX,Medicus Pharma Ltd. - Common Stock,nasdaq
MDCXW,Medicus Pharma Ltd. - Warrant,nasdaq
MDGL,"Madrigal Pharmaceuticals, Inc. - Common Stock",nasdaq
MDIA,Mediaco Holding Inc. - Class A Common Stock,nasdaq
MDIV,Multi-Asset Diversified Income Index Fund,nasdaq
MDLN,Medline Inc. - Class A common stock,nasdaq
MDLZ,"Mondelez International, Inc. - Class A Common Stock",nasdaq
MDRR,"Medalist Diversified, Inc. - Common Stock",nasdaq
MDWD,MediWound Ltd. - Ordinary Shares,nasdaq
MDXG,"MiMedx Group, Inc - Common Stock",nasdaq
MDXH,MDxHealth SA - Ordinary Shares,nasdaq
MEDP,"Medpace Holdings, Inc. - Common Stock",nasdaq
MEDX,Horizon Kinetics Medical ETF,nasdaq
MEGL,Magic Empire Global Limited - Class A Ordinary Shares,nasdaq
MEHA,"Functional Brands, Inc. - Common Stock",nasdaq
MELI,"MercadoLibre, Inc. - Common Stock",nasdaq
MEMA,Man Active Emerging Markets Alternative ETF,nasdaq
MEMS,Matthews Emerging Markets Discovery Active ETF,nasdaq
MENS,Jyong Biotech Ltd. - Ordinary shares,nasdaq
MEOH,Methanex Corporation - Common Stock,nasdaq
MERC,Mercer International Inc. - Common Stock,nasdaq
MESH,Meshflow Acquisition Corp. - Class A Ordinary Shares,nasdaq
MESHU,Meshflow Acquisition Corp. - Units,nasdaq
MESHW,Meshflow Acquisition Corp. - Warrants,nasdaq
MESO,Mesoblast Limited - American Depositary Shares,nasdaq
META,"Meta Platforms, Inc. - Class A Common Stock",nasdaq
METC,"Ramaco Resources, Inc. - Class A Common Stock",nasdaq
METCB,"Ramaco Resources, Inc. - Class B Common Stock",nasdaq
METCI,"Ramaco Resources, Inc. - 8.250% Senior Notes due 2030",nasdaq
METCZ,"Ramaco Resources, Inc. - 8.375% Senior Notes due 2029",nasdaq
METD,Direxion Daily META Bear 1X ETF,nasdaq
METL,Sprott Active Metals & Miners ETF,nasdaq
METU,Direxion Daily META Bull 2X ETF,nasdaq
MEVO,M Evo Global Acquisition Corp II - Class A Ordinary Shares,nasdaq
MEVOU,M Evo Global Acquisition Corp II - Units,nasdaq
MEVOW,M Evo Global Acquisition Corp II - Warrants,nasdaq
MFI,mF International Limited - Class A Ordinary Shares,nasdaq
MFIC,MidCap Financial Investment Corporation - Closed End Fund,nasdaq
MFICL,MidCap Financial Investment Corporation - 8.00% Notes due 2028,nasdaq
MFIG,Motley Fool Innovative Growth ETF,nasdaq
MFIN,Medallion Financial Corp. - Common Stock,nasdaq
MFLX,First Trust Flexible Municipal High Income ETF,nasdaq
MFMO,Motley Fool Momentum Factor ETF,nasdaq
MFVL,Motley Fool Value Factor ETF,nasdaq
MGEE,MGE Energy Inc. - Common Stock,nasdaq
MGIH,Millennium Group International Holdings Limited - Ordinary Shares,nasdaq
MGN,Megan Holdings Limited - Class A Ordinary Shares,nasdaq
MGNI,"Magnite, Inc. - Common Stock",nasdaq
MGNX,"MacroGenics, Inc. - Common Stock",nasdaq
MGPI,"MGP Ingredients, Inc. - Common Stock",nasdaq
MGRC,McGrath RentCorp - Common Stock,nasdaq
MGRT,Mega Fortune Company Limited - Ordinary Shares,nasdaq
MGRX,"Mangoceuticals, Inc. - Common Stock",nasdaq
MGTX,MeiraGTx Holdings plc - Ordinary Shares,nasdaq
MGX,"Metagenomi Therapeutics, Inc. - Common Stock",nasdaq
MGYR,"Magyar Bancorp, Inc. - Common Stock",nasdaq
MIDD,The Middleby Corporation - Common Stock,nasdaq
MIGI,Mawson Infrastructure Group Inc. - Common Stock,nasdaq
MILN,Global X Millennial Consumer ETF,nasdaq
MIMI,Mint Incorporation Limited - Class A Ordinary Shares,nasdaq
MIND,"MIND Technology, Inc. - Common Stock",nasdaq
MIRA,"MIRA Pharmaceuticals, Inc. - Common Stock",nasdaq
MIRM,"Mirum Pharmaceuticals, Inc. - common stock",nasdaq
MIST,Milestone Pharmaceuticals Inc. - Common Shares,nasdaq
MITK,"Mitek Systems, Inc. - Common Stock",nasdaq
MKAM,MKAM ETF,nasdaq
MKDW,MKDWELL Tech Inc. - Ordinary Shares,nasdaq
MKDWW,MKDWELL Tech Inc. - Warrants,nasdaq
MKLY,McKinley Acquisition Corporation - Class A Ordinary Shares,nasdaq
MKLYR,McKinley Acquisition Corporation - Rights,nasdaq
MKLYU,McKinley Acquisition Corporation - Units,nasdaq
MKSI,MKS Inc. - Common Stock,nasdaq
MKTW,"MarketWise, Inc. - Class A Common Stock",nasdaq
MKTX,"MarketAxess Holdings, Inc. - Common Stock",nasdaq
MKZR,"MacKenzie Realty Capital, Inc. - Common Stock",nasdaq
MLAA,Mountain Lake Acquisition Corp. II - Class A Ordinary Shares,nasdaq
MLAAU,Mountain Lake Acquisition Corp. II - Units,nasdaq
MLAAW,Mountain Lake Acquisition Corp. II - Warrants,nasdaq
MLAB,"Mesa Laboratories, Inc. - Common Stock",nasdaq
MLAC,Mountain Lake Acquisition Corp. - Class A Ordinary Shares,nasdaq
MLACR,Mountain Lake Acquisition Corp. - Right,nasdaq
MLACU,Mountain Lake Acquisition Corp. - Units,nasdaq
MLCI,Mount Logan Capital Inc. - Common Stock,nasdaq
MLCIL,Mount Logan Capital Inc. - 8.00% Notes Due 2031,nasdaq
MLCO,Melco Resorts & Entertainment Limited - American Depositary Shares ,nasdaq
MLEC,Moolec Science SA - Ordinary Shares,nasdaq
MLECW,Moolec Science SA - Warrant,nasdaq
MLGO,"MicroAlgo, Inc. - Ordinary Shares",nasdaq
MLKN,"MillerKnoll, Inc. - Common Stock",nasdaq
MLTX,MoonLake Immunotherapeutics - Class A Ordinary Shares,nasdaq
MLYS,"Mineralys Therapeutics, Inc. - Common Stock",nasdaq
MMED,"MiniMed Group, Inc. - Common Stock",nasdaq
MMLP,Martin Midstream Partners L.P. - Common Units Representing Limited Partnership Interests,nasdaq
MMSI,"Merit Medical Systems, Inc. - Common Stock",nasdaq
MMTX,Miluna Acquisition Corp - Class A Ordinary Shares,nasdaq
MMTXU,Miluna Acquisition Corp - Units,nasdaq
MMTXW,Miluna Acquisition Corp - Warrant,nasdaq
MMYT,MakeMyTrip Limited - Ordinary Shares,nasdaq
MNDO,MIND C.T.I. Ltd. - Ordinary Shares,nasdaq
MNDR,Mobile-health Network Solutions - Class A Ordinary Shares,nasdaq
MNDY,monday.com Ltd. - Ordinary Shares,nasdaq
MNKD,MannKind Corporation - Common Stock,nasdaq
MNOV,"MediciNova, Inc. - Common Stock",nasdaq
MNPR,Monopar Therapeutics Inc. - Common Stock,nasdaq
MNRO,"Monro, Inc.  - Common Stock",nasdaq
MNSB,"MainStreet Bancshares, Inc. - Common Stock",nasdaq
MNSBP,"MainStreet Bancshares, Inc. - Depositary Shares",nasdaq
MNST,Monster Beverage Corporation - Common Stock,nasdaq
MNTK,"Montauk Renewables, Inc. - Common Stock",nasdaq
MNTS,Momentus Inc. - Class A Common Stock,nasdaq
MNTSW,Momentus Inc. - Warrant,nasdaq
MNVT,Moonvest ETF,nasdaq
MNY,MoneyHero Limited - Class A Ordinary Shares,nasdaq
MNYWW,MoneyHero Limited - Warrants,nasdaq
MNZL,Manzil Russell Halal USA Broad Market ETF,nasdaq
MOB,Mobilicom Limited - Ordinary Shares,nasdaq
MOBBW,Mobilicom Limited - Warrants,nasdaq
MOBX,"Mobix Labs, Inc. - Class A Common Stock",nasdaq
MOBXW,"Mobix Labs, Inc. - Warrants",nasdaq
MODD,"Modular Medical, Inc. - common stock",nasdaq
MODL,VictoryShares WestEnd U.S. Sector ETF,nasdaq
MOLN,Molecular Partners AG - American Depositary Shares,nasdaq
MOMO,Hello Group Inc.  - American Depositary Shares,nasdaq
MOOD,Relative Sentiment Tactical Allocation ETF,nasdaq
MORN,"Morningstar, Inc. - Common Stock",nasdaq
MOVE,Movano Inc. - Common Stock,nasdaq
MPAA,"Motorcar Parts of America, Inc. - Common Stock",nasdaq
MPB,Mid Penn Bancorp - Common Stock,nasdaq
MPG,Leverage Shares 2X Long MP Daily ETF,nasdaq
MPLT,"MapLight Therapeutics, Inc. - Common Stock",nasdaq
MPWR,"Monolithic Power Systems, Inc. - Common Stock",nasdaq
MQ,"Marqeta, Inc. - Class A Common Stock",nasdaq
MQQQ,Tradr 2X Long Innovation 100 Monthly ETF,nasdaq
MRAL,GraniteShares 2x Long MARA Daily ETF,nasdaq
MRAM,"Everspin Technologies, Inc. - Common Stock",nasdaq
MRBK,Meridian Corporation - Common Stock,nasdaq
MRCC,Monroe Capital Corporation - Closed End Fund,nasdaq
MRCY,Mercury Systems Inc - Common Stock,nasdaq
MRDN,Meridian Holdings Inc. - Common Stock,nasdaq
MREO,Mereo BioPharma Group plc - American Depositary Shares,nasdaq
MRKR,"Marker Therapeutics, Inc. - Common Stock",nasdaq
MRLN,"Merlin, Inc. - Common Stock",nasdaq
MRM,MEDIROM Healthcare Technologies Inc. - American Depositary Share,nasdaq
MRNA,"Moderna, Inc. - Common Stock",nasdaq
MRNO,Murano Global Investments PLC - Ordinary Shares,nasdaq
MRNOW,Murano Global Investments PLC - Warrants,nasdaq
MRTN,"Marten Transport, Ltd. - Common Stock",nasdaq
MRVI,"Maravai LifeSciences Holdings, Inc. - Class A common stock",nasdaq
MRVL,"Marvell Technology, Inc. - Common Stock",nasdaq
MRVU,Direxion Daily MRVL Bull 2X ETF,nasdaq
MRX,Marex Group plc - Ordinary Shares,nasdaq
MSAI,"MultiSensor AI Holdings, Inc. - Common Stock",nasdaq
MSAIW,"MultiSensor AI Holdings, Inc. - Warrants",nasdaq
MSBI,"Midland States Bancorp, Inc. - Common Stock",nasdaq
MSBIP,"Midland States Bancorp, Inc. - Depositary Shares Each Representing a 1/40th Interest in a Share of 7.750% Fixed-Rate Reset Non-Cumulative Perpetual Preferred Stock, Series A",nasdaq
MSDD,GraniteShares 2x Short MSTR Daily ETF,nasdaq
MSEX,Middlesex Water Company - Common Stock,nasdaq
MSFD,Direxion Daily MSFT Bear 1X ETF,nasdaq
MSFL,GraniteShares 2x Long MSFT Daily ETF,nasdaq
MSFT,Microsoft Corporation - Common Stock,nasdaq
MSFU,Direxion Daily MSFT Bull 2X ETF,nasdaq
MSGM,Motorsport Games Inc. - Class A Common Stock,nasdaq
MSGY,Masonglory Limited - Ordinary Shares,nasdaq
MSLE,Satellos Bioscience Inc. - Common Stock,nasdaq
MSS,Maison Solutions Inc. - Class A Common Stock,nasdaq
MST,Defiance Leveraged Long + Income MSTR ETF,nasdaq
MSTP,GraniteShares 2x Long MSTR Daily ETF,nasdaq
MSTR,Strategy Inc - Class A Common Stock,nasdaq
MSTX,Defiance Daily Target 2x Long MSTR ETF,nasdaq
MSW,Ming Shing Group Holdings Limited - Ordinary Shares,nasdaq
MTC,"MMTec, Inc. - Common Shares",nasdaq
MTCH,"Match Group, Inc. - Common Stock",nasdaq
MTEK,Maris-Tech Ltd. - ordinary shares,nasdaq
MTEKW,Maris-Tech Ltd. - Warrants,nasdaq
MTEN,Mingteng International Corporation Inc. - Class A Ordinary Shares,nasdaq
MTEX,"Mannatech, Incorporated - Common Stock",nasdaq
MTLS,Materialise NV - American Depositary Shares,nasdaq
MTRX,Matrix Service Company - Common Stock,nasdaq
MTSI,"MACOM Technology Solutions Holdings, Inc. - Common Stock",nasdaq
MTVA,MetaVia Inc.  - Common Stock,nasdaq
MTYY,GraniteShares YieldBOOST MSTR ETF,nasdaq
MU,"Micron Technology, Inc. - Common Stock",nasdaq
MUD,Direxion Daily MU Bear 1X ETF,nasdaq
MULL,GraniteShares 2x Long MU Daily ETF,nasdaq
MULT,Franklin Multisector Income ETF,nasdaq
MUU,Direxion Daily MU Bull 2X ETF,nasdaq
MUZEU,Muzero Acquisition Corp - Unit,nasdaq
MVBF,MVB Financial Corp. - Common Stock,nasdaq
MVIS,"MicroVision, Inc. - Common Stock",nasdaq
MVLL,GraniteShares 2x Long MRVL Daily ETF,nasdaq
MVST,"Microvast Holdings, Inc. - Common Stock",nasdaq
MVSTW,"Microvast Holdings, Inc. - Warrant",nasdaq
MWH,"SOLV Energy, Inc. - Class A common stock",nasdaq
MWYN,"Marwynn Holdings, Inc. - Common stock",nasdaq
MXCT,"MaxCyte, Inc. - Common Stock",nasdaq
MXL,"MaxLinear, Inc - Common Stock",nasdaq
MYCF,State Street My2026 Corporate Bond ETF,nasdaq
MYCG,State Street My2027 Corporate Bond ETF,nasdaq
MYCH,State Street My2028 Corporate Bond ETF,nasdaq
MYCI,State Street My2029 Corporate Bond ETF,nasdaq
MYCJ,State Street My2030 Corporate Bond ETF,nasdaq
MYCK,State Street My2031 Corporate Bond ETF,nasdaq
MYCL,State Street My2032 Corporate Bond ETF,nasdaq
MYCM,State Street My2033 Corporate Bond ETF,nasdaq
MYCN,State Street My2034 Corporate Bond ETF,nasdaq
MYCO,State Street My2035 Corporate Bond ETF,nasdaq
MYFW,"First Western Financial, Inc. - Common Stock",nasdaq
MYGN,"Myriad Genetics, Inc. - Common Stock",nasdaq
MYHA,State Street My2027 High Yield Corporate Bond ETF,nasdaq
MYHB,State Street My2028 High Yield Corporate Bond ETF,nasdaq
MYHC,State Street My2029 High Yield Corporate Bond ETF,nasdaq
MYHD,State Street My2030 High Yield Corporate Bond ETF,nasdaq
MYHE,State Street My2031 High Yield Corporate Bond ETF,nasdaq
MYMF,State Street My2026 Municipal Bond ETF,nasdaq
MYMG,State Street My2027 Municipal Bond ETF,nasdaq
MYMH,State Street My2028 Municipal Bond ETF,nasdaq
MYMI,State Street My2029 Municipal Bond ETF,nasdaq
MYMJ,State Street My2030 Municipal Bond ETF,nasdaq
MYMK,State Street My2031 Municipal Bond ETF,nasdaq
MYPS,"PLAYSTUDIOS, Inc.  - Class A Common Stock",nasdaq
MYPSW,"PLAYSTUDIOS, Inc.  - Warrant",nasdaq
MYRG,"MYR Group, Inc. - Common Stock",nasdaq
MYSE,"Myseum, Inc. - Common Stock",nasdaq
MYSEW,"Myseum, Inc. - Series A Warrant",nasdaq
MYSZ,"My Size, Inc. - Common Stock",nasdaq
MZTI,The Marzetti Company - Common Stock,nasdaq
NAAS,NaaS Technology Inc. - American Depositary Shares,nasdaq
NAGE,"Niagen Bioscience, Inc. - Common Stock",nasdaq
NAII,"Natural Alternatives International, Inc. - Common Stock",nasdaq
NAKA,Nakamoto Inc. - Common Stock,nasdaq
NAMI,Jinxin Technology Holding Company - American Depositary Shares,nasdaq
NAMM,Namib Minerals - Ordinary Shares,nasdaq
NAMMW,Namib Minerals - Warrants,nasdaq
NAMS,NewAmsterdam Pharma Company N.V. - Ordinary Shares,nasdaq
NAMSW,NewAmsterdam Pharma Company N.V. - Warrant,nasdaq
NATH,"Nathan's Famous, Inc. - Common Stock",nasdaq
NATO,Themes Transatlantic Defense ETF,nasdaq
NATR,"Nature's Sunshine Products, Inc. - Common Stock",nasdaq
NAUT,"Nautilus Biotechnology, Inc. - Common Stock",nasdaq
NAVI,Navient Corporation - Common Stock,nasdaq
NAVN,"Navan, Inc. - Class A Common Stock",nasdaq
NB,NioCorp Developments Ltd. - Common Stock,nasdaq
NBBK,"NB Bancorp, Inc. - Common Stock",nasdaq
NBIG,Leverage Shares 2X Long NBIS Daily ETF,nasdaq
NBIL,GraniteShares 2x Long NBIS Daily ETF,nasdaq
NBIS,Nebius Group N.V. - Class A Ordinary Shares,nasdaq
NBIX,"Neurocrine Biosciences, Inc. - Common Stock",nasdaq
NBN,Northeast Bank - Common Stock,nasdaq
NBP,NovaBridge Biosciences - American Depositary Shares,nasdaq
NBRGU,Newbridge Acquisition Limited - Unit,nasdaq
NBTB,NBT Bancorp Inc. - Common Stock,nasdaq
NBTX,Nanobiotix S.A. - ADSs,nasdaq
NCEL,NewcelX Ltd. - Ordinary Shares,nasdaq
NCEW,New Century Logistics (BVI) Limited - Ordinary Shares,nasdaq
NCI,Neo-Concept International Group Holdings Limited - Class A Ordinary Shares,nasdaq
NCIQ,Hashdex Nasdaq CME Crypto Index ETF,nasdaq
NCMI,"National CineMedia, Inc. - Common Stock",nasdaq
NCNA,NuCana plc - American Depositary Shares,nasdaq
NCNO,"nCino, Inc. - Common Stock",nasdaq
NCPB,Nuveen Core Plus Bond ETF,nasdaq
NCPL,Netcapital Inc. - Common Stock,nasdaq
NCPLW,Netcapital Inc. - warrants,nasdaq
NCRA,"Nocera, Inc. - common stock",nasdaq
NCSM,"NCS Multistage Holdings, Inc. - Common Stock",nasdaq
NCT,Intercont (Cayman) Limited - Class A Ordinary shares,nasdaq
NCTY,The9 Limited - American Depository Shares,nasdaq
NDAA,Ned Davis Research 360 Dynamic Allocation ETF,nasdaq
NDAQ,"Nasdaq, Inc. - Common Stock",nasdaq
NDLS,Noodles & Company - Class A Common Stock,nasdaq
NDRA,ENDRA Life Sciences Inc. - Common Stock,nasdaq
NDSN,Nordson Corporation - Common Stock,nasdaq
NECB,"NorthEast Community Bancorp, Inc. - Common Stock",nasdaq
NEGG,"Newegg Commerce, Inc. - Common Shares",nasdaq
NEMG,Leverage Shares 2x Long NEM Daily ETF,nasdaq
NEO,"NeoGenomics, Inc. - Common Stock",nasdaq
NEOG,Neogen Corporation - Common Stock,nasdaq
NEON,Neonode Inc. - Common Stock,nasdaq
NEOV,NeoVolta Inc. - Common Stock,nasdaq
NEOVW,NeoVolta Inc. - Warrant,nasdaq
NEPH,"Nephros, Inc. - Common Stock",nasdaq
NERV,"Minerva Neurosciences, Inc - Common Stock",nasdaq
NESR,National Energy Services Reunited Corp - Ordinary Shares,nasdaq
NETG,Leverage Shares 2X Long NET Daily ETF,nasdaq
NEUP,Neuphoria Therapeutics Inc. - Common Stock,nasdaq
NEWT,"NewtekOne, Inc. - Common Stock",nasdaq
NEWTG,"NewtekOne, Inc. - 8.50% Fixed Rate Senior Notes due 2029",nasdaq
NEWTH,"NewtekOne, Inc. - 8.625% Fixed Rate Senior Notes due 2029",nasdaq
NEWTI,"NewtekOne, Inc. - 8.00% Fixed Rate Senior Notes due 2028",nasdaq
NEWTO,"NewtekOne, Inc. - 8.50% Fixed Rate Senior Notes due 2031",nasdaq
NEWTP,"NewtekOne, Inc. - Depositary Shares, Each Representing a 1/40th Interest in a Share of 8.500% Fixed Rate Reset Non-Cumulative Perpetual Preferred Stock, Series B",nasdaq
NEWZ,StockSnips AI-Powered Sentiment US All Cap ETF,nasdaq
NEXM,NexMetals Mining Corp. - Common Stock,nasdaq
NEXN,Nexxen International Ltd. - Ordinary Shares,nasdaq
NEXT,NextDecade Corporation - Common Stock,nasdaq
NFBK,"Northfield Bancorp, Inc. - Common Stock",nasdaq
NFE,New Fortress Energy Inc. - Class A Common Stock,nasdaq
NFLX,"Netflix, Inc. - Common Stock",nasdaq
NFRX,Harrison Street Infrastructure Active ETF,nasdaq
NFTY,First Trust India Nifty 50 Equal Weight ETF,nasdaq
NFXL,Direxion Daily NFLX Bull 2X ETF,nasdaq
NFXS,Direxion Daily NFLX Bear 1X ETF,nasdaq
NGEN,NervGen Pharma Corp. - Common stock,nasdaq
NGNE,Neurogene Inc. - Common Stock,nasdaq
NHIC,NewHold Investment Corp III - Class A Ordinary shares,nasdaq
NHICU,NewHold Investment Corp III - Units,nasdaq
NHICW,NewHold Investment Corp III - Warrants,nasdaq
NHPAP,"National Healthcare Properties, Inc. - 7.375% Series A Cumulative Redeemable Perpetual Preferred Stock",nasdaq
NHPBP,"National Healthcare Properties, Inc. - 7.125% Series B Cumulative Redeemable Perpetual Preferred Stock",nasdaq
NHTC,Natural Health Trends Corp. - Commn Stock,nasdaq
NICE,NICE Ltd - American Depositary Shares each representing one Ordinary Share,nasdaq
NIKL,Sprott Nickel Miners ETF,nasdaq
NIOBW,NioCorp Developments Ltd. - Warrant,nasdaq
NIOG,Leverage Shares 2X Long NIO Daily ETF,nasdaq
NIPG,NIP Group Inc. - American Depositary Shares,nasdaq
NIU,Niu Technologies - American Depositary Shares,nasdaq
NIVF,NewGenIvf Group Limited - Class A Ordinary Shares,nasdaq
NIVFW,NewGenIvf Group Limited - Warrants,nasdaq
NIXT,Research Affiliates Deletions ETF,nasdaq
NIXX,"Nixxy, Inc. - Common Stock",nasdaq
NIXXW,"Nixxy, Inc. - Warrant",nasdaq
NKLR,Terra Innovatum Global N.V. - Ordinary shares,nasdaq
NKSH,"National Bankshares, Inc. - Common Stock",nasdaq
NKTR,Nektar Therapeutics - Common Stock,nasdaq
NKTX,"Nkarta, Inc. - Common Stock",nasdaq
NMFC,New Mountain Finance Corporation - Common Stock,nasdaq
NMFCZ,New Mountain Finance Corporation - 8.250% Notes due 2028,nasdaq
NMIH,NMI Holdings Inc - Common Stock,nasdaq
NMP,NMP Acquisition Corp. - Class A Ordinary Shares,nasdaq
NMPAR,NMP Acquisition Corp. - Right,nasdaq
NMPAU,NMP Acquisition Corp. - Units,nasdaq
NMRA,"Neumora Therapeutics, Inc. - Common Stock",nasdaq
NMRK,"Newmark Group, Inc. - Class A Common Stock",nasdaq
NMTC,NeuroOne Medical Technologies Corporation - Common Stock,nasdaq
NN,NextNav Inc. - Common stock,nasdaq
NNAVW,NextNav Inc. - Warrant,nasdaq
NNBR,"NN, Inc. - Common Stock",nasdaq
NNDM,Nano Dimension Ltd. - American Depositary Shares,nasdaq
NNE,Nano Nuclear Energy Inc. - common stock,nasdaq
NNNN,Anbio Biotechnology - Class A Ordinary Shares,nasdaq
NNOX,NANO-X IMAGING LTD - Ordinary Shares,nasdaq
NODK,"NI Holdings, Inc. - Common Stock",nasdaq
NOEM,CO2 Energy Transition Corp. - Common Stock,nasdaq
NOEMR,CO2 Energy Transition Corp. - Right,nasdaq
NOEMU,CO2 Energy Transition Corp. - Unit,nasdaq
NOEMW,CO2 Energy Transition Corp. - Warrant,nasdaq
NOMA,NOMADAR Corp. - Class A Common Stock,nasdaq
NOTV,"Inotiv, Inc. - Common Stock",nasdaq
NOVT,Novanta Inc. - Common Shares,nasdaq
NOVTU,Novanta Inc. - Tangible Equity Units,nasdaq
NOWL,GraniteShares 2x Long NOW Daily ETF,nasdaq
NPAC,New Providence Acquisition Corp. III - Ordinary Shares,nasdaq
NPACU,New Providence Acquisition Corp. III - Units,nasdaq
NPACW,New Providence Acquisition Corp. III - Warrants,nasdaq
NPCE,"Neuropace, Inc. - Common Stock",nasdaq
NPFI,Nuveen Preferred and Income ETF,nasdaq
NPT,Texxon Holding Limited - Ordinary shares,nasdaq
NRC,National Research Corporation - Common Stock,nasdaq
NRDS,"NerdWallet, Inc. - Class A Common Stock",nasdaq
NRES,Xtrackers RREEF Global Natural Resources ETF,nasdaq
NRIM,Northrim BanCorp Inc - Common Stock,nasdaq
NRIX,"Nurix Therapeutics, Inc. - Common stock",nasdaq
NRSN,NeuroSense Therapeutics Ltd. - Ordinary Shares,nasdaq
NRSNW,NeuroSense Therapeutics Ltd. - Warrant,nasdaq
NRXP,"NRX Pharmaceuticals, Inc. - Common Stock",nasdaq
NRXPW,"NRX Pharmaceuticals, Inc. - Warrant",nasdaq
NSCR,Nuveen Sustainable Core ETF,nasdaq
NSI,National Security Emerging Markets Index ETF,nasdaq
NSIT,"Insight Enterprises, Inc. - Common Stock",nasdaq
NSPR,InspireMD Inc. - Common Stock,nasdaq
NSSC,"NAPCO Security Technologies, Inc. - Common Stock",nasdaq
NSTS,"NSTS Bancorp, Inc. - Common Stock",nasdaq
NSYS,Nortech Systems Incorporated - Common Stock,nasdaq
NTAP,"NetApp, Inc. - Common Stock",nasdaq
NTCL,NETCLASS TECHNOLOGY INC - Class A Ordinary Shares,nasdaq
NTCT,"NetScout Systems, Inc. - Common Stock",nasdaq
NTES,"NetEase, Inc. - American Depositary Shares, each representing 5 ordinary shares",nasdaq
NTGR,"NETGEAR, Inc. - Common Stock",nasdaq
NTHI,"NeOnc Technologies Holdings, Inc. - Common Stock",nasdaq
NTIC,Northern Technologies International Corporation - Common Stock,nasdaq
NTLA,"Intellia Therapeutics, Inc. - Common Stock",nasdaq
NTNX,"Nutanix, Inc. - Class A Common Stock",nasdaq
NTRA,"Natera, Inc. - Common Stock",nasdaq
NTRB,Nutriband Inc. - Common Stock,nasdaq
NTRBW,Nutriband Inc. - Warrant,nasdaq
NTRP,"NextTrip, Inc. - Common Stock",nasdaq
NTRS,Northern Trust Corporation - Common Stock,nasdaq
NTRSO,"Northern Trust Corporation - Depositary Shares Each Representing a 1/1,000th Interest in a Share of Series E Non-Cumulative Perpetual Preferred Stock",nasdaq
NTSK,"Netskope, Inc. - Class A Common Stock",nasdaq
NTWK,NETSOL Technologies Inc. - Common Stock,nasdaq
NTWO,Newbury Street II Acquisition Corp - Class A Ordinary Shares,nasdaq
NTWOU,Newbury Street II Acquisition Corp - Unit,nasdaq
NTWOW,Newbury Street II Acquisition Corp - Warrant,nasdaq
NUAI,"New Era Energy & Digital, Inc. - Common Stock",nasdaq
NUAIW,"New Era Energy & Digital, Inc. - Warrants",nasdaq
NUCL,Eagle Nuclear Energy Corp. - Common stock,nasdaq
NUCLW,Eagle Nuclear Energy Corp. - Warrants,nasdaq
NUG,Leverage Shares 2X Long NU Daily ETF,nasdaq
NUGY,GraniteShares YieldBOOST Gold Miners ETF,nasdaq
NUSB,Nuveen Ultra Short Income ETF,nasdaq
NUTR,Nusatrip Incorporated - Common Stock,nasdaq
NUTX,Nutex Health Inc. - Common Stock,nasdaq
NUVL,"Nuvalent, Inc. - Class A Common Stock",nasdaq
NUWE,"Nuwellis, Inc. - Common Stock",nasdaq
NVA,Nova Minerals Limited - American Depositary Shares,nasdaq
NVAWW,Nova Minerals Limited - Warrant,nasdaq
NVAX,"Novavax, Inc. - Common Stock",nasdaq
NVCR,NovoCure Limited - Ordinary Shares,nasdaq
NVCT,"Nuvectis Pharma, Inc. - Common Stock",nasdaq
NVD,GraniteShares 2x Short NVDA Daily ETF,nasdaq
NVDA,NVIDIA Corporation - Common Stock,nasdaq
NVDD,Direxion Daily NVDA Bear 1X ETF,nasdaq
NVDG,Leverage Shares 2X Long NVDA Daily ETF,nasdaq
NVDL,GraniteShares 2x Long NVDA Daily ETF,nasdaq
NVDS,Tradr 1.5X Short NVDA Daily ETF,nasdaq
NVDU,Direxion Daily NVDA Bull 2X ETF,nasdaq
NVEC,NVE Corporation - Common Stock,nasdaq
NVMI,Nova Ltd. - Ordinary Shares,nasdaq
NVNI,Nvni Group Limited - Ordinary Shares,nasdaq
NVNIW,Nvni Group Limited - Warrants,nasdaq
NVNO,enVVeno Medical Corporation - Common Stock,nasdaq
NVTS,Navitas Semiconductor Corporation - Common Stock,nasdaq
NVVE,Nuvve Holding Corp. - Common Stock,nasdaq
NVX,NOVONIX Limited - American Depository Shares,nasdaq
NVYY,GraniteShares YieldBOOST NVDA ETF,nasdaq
NWBI,"Northwest Bancshares, Inc. - Common Stock",nasdaq
NWE,"NorthWestern Energy Group, Inc.  - Common Stock",nasdaq
NWFL,Norwood Financial Corp. - Common Stock,nasdaq
NWGL,CL Workshop Group Limited - American Depositary Shares,nasdaq
NWL,Newell Brands Inc. - Common Stock,nasdaq
NWPX,"NWPX Infrastructure, Inc. - Common Stock",nasdaq
NWS,News Corporation - Class B Common Stock,nasdaq
NWSA,News Corporation - Class A Common Stock,nasdaq
NWTG,"Newton Golf Company, Inc. - Common Stock",nasdaq
NXGL,"NexGel, Inc - Common Stock",nasdaq
NXGLW,"NexGel, Inc - Warrant",nasdaq
NXL,"Nexalin Technology, Inc. - Common Stock",nasdaq
NXPI,NXP Semiconductors N.V. - Common Stock,nasdaq
NXPL,NextPlat Corp - Common Stock,nasdaq
NXPLW,NextPlat Corp - Warrants,nasdaq
NXST,"Nexstar Media Group, Inc. - Common Stock",nasdaq
NXT,Nextpower Inc. - Class A Common Stock,nasdaq
NXTC,"NextCure, Inc. - Common Stock",nasdaq
NXTG,First Trust Indxx NextG ETF,nasdaq
NXTS,Nexentis Technologies Inc. - Common Stock,nasdaq
NXTT,Next Technology Holding Inc. - Ordinary Shares,nasdaq
NXXT,"NextNRG, Inc. - Common Stock",nasdaq
NYAX,Nayax Ltd. - Ordinary Shares,nasdaq
NYXH,Nyxoah SA - Ordinary Shares,nasdaq
NZAC,State Street SPDR MSCI ACWI Climate Paris Aligned ETF,nasdaq
NZUS,State Street SPDR MSCI USA Climate Paris Aligned ETF,nasdaq
OABI,"OmniAb, Inc. - Common Stock",nasdaq
OABIW,"OmniAb, Inc. - Warrant",nasdaq
OACC,Oaktree Acquisition Corp. III Life Sciences - Class A Ordinary Share,nasdaq
OACCU,Oaktree Acquisition Corp. III Life Sciences - Unit,nasdaq
OACCW,Oaktree Acquisition Corp. III Life Sciences - Warrant,nasdaq
OAKU,Oak Woods Acquisition Corporation - Class A Ordinary Shares,nasdaq
OAKUR,Oak Woods Acquisition Corporation - Right,nasdaq
OAKUU,Oak Woods Acquisition Corporation - Unit,nasdaq
OAKUW,Oak Woods Acquisition Corporation - Warrant,nasdaq
OBA,Oxley Bridge Acquisition Limited - Class A Ordinary Shares,nasdaq
OBAI,"Our Bond, Inc. - Common Stock",nasdaq
OBAWU,Oxley Bridge Acquisition Limited - Unit,nasdaq
OBAWW,Oxley Bridge Acquisition Limited - Warrants,nasdaq
OBIL,US Treasury 12 Month Bill ETF,nasdaq
OBIO,"Orchestra BioMed Holdings, Inc. - Ordinary Shares",nasdaq
OBT,"Orange County Bancorp, Inc. - Common Stock",nasdaq
OBTC,Osprey Bitcoin Trust,nasdaq
OCC,Optical Cable Corporation - Common Stock,nasdaq
OCCI,"OFS Credit Company, Inc. - Closed End Fund",nasdaq
OCCIM,"OFS Credit Company, Inc. - 7.875% Series F Term Preferred Stock",nasdaq
OCCIN,"OFS Credit Company, Inc. - 5.25% Series E Term Preferred Stock Due 2026",nasdaq
OCCIO,"OFS Credit Company, Inc. - 6.125% Series C Term Preferred Stock",nasdaq
OCFC,OceanFirst Financial Corp. - Common Stock,nasdaq
OCG,Oriental Culture Holding LTD - Ordinary Shares,nasdaq
OCGN,"Ocugen, Inc. - Common Stock",nasdaq
OCS,Oculis Holding AG - Ordinary shares,nasdaq
OCSAW,Oculis Holding AG - Warrants,nasdaq
OCSL,Oaktree Specialty Lending Corporation - Closed End Fund,nasdaq
OCUL,"Ocular Therapeutix, Inc. - Common Stock",nasdaq
ODD,ODDITY Tech Ltd. - Class A Ordinary Shares,nasdaq
ODDS,Pacer BlueStar Digital Entertainment ETF,nasdaq
ODFL,"Old Dominion Freight Line, Inc. - Common Stock",nasdaq
ODVWZ,Osisko Development Corp. - Warrant,nasdaq
ODYS,Odysight.ai Inc. - Common Stock,nasdaq
OESX,"Orion Energy Systems, Inc. - Common Stock",nasdaq
OFAL,OFA Group - Class A Ordinary Shares,nasdaq
OFIX,Orthofix Medical Inc.  - Common Stock,nasdaq
OFLX,"Omega Flex, Inc. - Common Stock",nasdaq
OFS,OFS Capital Corporation - Closed End Fund,nasdaq
OFSSH,OFS Capital Corporation - 4.95% Notes due 2028,nasdaq
OFSSO,OFS Capital Corporation - 7.50% Notes due 2028,nasdaq
OGI,Organigram Global Inc. - Common Shares,nasdaq
OIM,OneIM Acquisition Corp. - Class A Ordinary Shares,nasdaq
OIMAU,OneIM Acquisition Corp. - Units,nasdaq
OIMAW,OneIM Acquisition Corp. - Warrant,nasdaq
OIO,OIO Group - Ordinary Shares,nasdaq
OIOWW,OIO Group - Warrants,nasdaq
OKLL,Defiance Daily Target 2x Long OKLO ETF,nasdaq
OKTA,"Okta, Inc. - Class A Common Stock",nasdaq
OKTG,Leverage Shares 2X Long OKTA Daily ETF,nasdaq
OKUR,"OnKure Therapeutics, Inc. - Class A Common Stock",nasdaq
OKYO,OKYO Pharma Limited - Ordinary Shares,nasdaq
OLB,"The OLB Group, Inc. - Common Stock",nasdaq
OLED,Universal Display Corporation - Common Stock,nasdaq
OLLI,"Ollie's Bargain Outlet Holdings, Inc. - Common Stock",nasdaq
OLMA,"Olema Pharmaceuticals, Inc. - Common Stock",nasdaq
OLOX,Olenox Industries Inc. - Common Stock,nasdaq
OLPX,"Olaplex Holdings, Inc. - Common Stock",nasdaq
OM,"Outset Medical, Inc. - Common Stock",nasdaq
OMAB,Grupo Aeroportuario del Centro Norte S.A.B. de C.V. - American Depositary Shares each representing 8 Series B shares,nasdaq
OMCL,"Omnicell, Inc. - Common Stock",nasdaq
OMDA,"Omada Health, Inc. - Common Stock",nasdaq
OMER,Omeros Corporation - Common Stock,nasdaq
OMEX,"Odyssey Marine Exploration, Inc. - Common Stock",nasdaq
OMH,Ohmyhome Limited - Class A Ordinary Shares,nasdaq
OMSE,OMS Energy Technologies Inc. - Ordinary Shares,nasdaq
ON,ON Semiconductor Corporation - Common Stock,nasdaq
ONB,Old National Bancorp - Common Stock,nasdaq
ONBPO,"Old National Bancorp - Depositary Shares, Each Representing a 1/40th Interest in a Share of Series C Preferred Stock",nasdaq
ONBPP,"Old National Bancorp - Depositary Shares, Each Representing a 1/40th Interest in a Share of Series A Preferred Stock",nasdaq
ONC,BeOne Medicines Ltd. - American Depositary Shares,nasdaq
ONCH,1RT Acquisition Corp. - Class A Ordinary Share,nasdaq
ONCHU,1RT Acquisition Corp. - Units,nasdaq
ONCHW,1RT Acquisition Corp. - Warrant,nasdaq
ONCO,"Onconetix, Inc.  - Common Stock",nasdaq
ONCY,Oncolytics Biotech Inc. - Common Shares,nasdaq
ONDG,Leverage Shares 2X Long ONDS Daily ETF,nasdaq
ONDS,Ondas Inc - Common Stock,nasdaq
ONEG,OneConstruction Group Limited - Ordinary Shares,nasdaq
ONEQ,Fidelity Nasdaq Composite Index ETF,nasdaq
ONEW,OneWater Marine Inc. - Class A Common Stock,nasdaq
ONFO,Onfolio Holdings Inc. - Common Stock,nasdaq
ONFOW,Onfolio Holdings Inc. - Warrant,nasdaq
ONMD,OneMedNet Corp - Class A Common Stock,nasdaq
ONMDW,OneMedNet Corp - Warrant,nasdaq
OOQB,One One Nasdaq-100 and Bitcoin ETF,nasdaq
OOSB,One One S&P 500 and Bitcoin ETF,nasdaq
OPAL,OPAL Fuels Inc. - Class A Common Stock,nasdaq
OPBK,OP Bancorp - Common Stock,nasdaq
OPCH,"Option Care Health, Inc. - Common Stock",nasdaq
OPEG,Leverage Shares 2X Long OPEN Daily ETF,nasdaq
OPEN,Opendoor Technologies Inc  - Common Stock,nasdaq
OPENL,"Opendoor Technologies Inc  - Series A Warrants, each whole warrant exercisable to purchase one share of Common Stock at an exercise price of $13.00 per warrant",nasdaq
OPENW,"Opendoor Technologies Inc  - Series K Warrants, each whole warrant exercisable to purchase one share of Common Stock at an exercise price of $9.00 per warrant",nasdaq
OPENZ,"Opendoor Technologies Inc  - Series Z Warrants, each whole warrant exercisable to purchase one share of Common Stock at an exercise price of $17.00 per warrant",nasdaq
OPK,"Opko Health, Inc. - Common Stock",nasdaq
OPPJ,WisdomTree Japan Opportunities Fund,nasdaq
OPRA,Opera Limited - American Depositary Shares,nasdaq
OPRT,Oportun Financial Corporation - common stock,nasdaq
OPRX,OptimizeRx Corporation - Common Stock,nasdaq
OPTX,"Syntec Optics Holdings, Inc. - Class A Common Stock",nasdaq
OPTXW,"Syntec Optics Holdings, Inc. - Warrant",nasdaq
OPTZ,Optimize Strategy Index ETF,nasdaq
OPXS,"Optex Systems Holdings, Inc. - Common Stock",nasdaq
ORBS,Eightco Holdings Inc. - Common Stock,nasdaq
ORCS,Direxion Daily ORCL Bear 1X ETF,nasdaq
ORCU,Direxion Daily ORCL Bull 2X ETF,nasdaq
ORCX,Defiance Daily Target 2X Long ORCL ETF,nasdaq
ORGN,"Origin Materials, Inc. - Class A Common Stock",nasdaq
ORGNW,"Origin Materials, Inc. - Warrant",nasdaq
ORGO,Organogenesis Holdings Inc.  - Class A ,nasdaq
ORIC,"Oric Pharmaceuticals, Inc. - Common Stock",nasdaq
ORIO,Orion Digital Corp. - Common Shares,nasdaq
ORIQ,Origin Investment Corp I - Ordinary Shares,nasdaq
ORIQU,Origin Investment Corp I - Units,nasdaq
ORIQW,Origin Investment Corp I - Redeemable Warrant,nasdaq
ORIS,Oriental Rise Holdings Limited - Ordinary Shares,nasdaq
ORKA,"Oruka Therapeutics, Inc. - Common Stock",nasdaq
ORKT,Orangekloud Technology Inc. - Class A Ordinary Shares,nasdaq
ORLG,Leverage Shares 2X Long ORLY Daily ETF,nasdaq
ORLY,"O'Reilly Automotive, Inc. - Common Stock",nasdaq
ORMP,Oramed Pharmaceuticals Inc. - Common Stock,nasdaq
ORR,Militia Long/Short Equity ETF,nasdaq
ORRF,"Orrstown Financial Services, Inc. - Common Stock",nasdaq
OS,"OneStream, Inc. - Class A Common Stock",nasdaq
OSBC,"Old Second Bancorp, Inc. - Common Stock",nasdaq
OSCG,Leverage Shares 2X Long OSCR Daily ETF,nasdaq
OSCX,Defiance Daily Target 2x Long OSCR ETF,nasdaq
OSIS,"OSI Systems, Inc. - Common Stock",nasdaq
OSPN,OneSpan Inc. - Common Stock,nasdaq
OSRH,"OSR Holdings, Inc. - Common Stock",nasdaq
OSRHW,"OSR Holdings, Inc. - Warrant",nasdaq
OSS,"One Stop Systems, Inc. - Common Stock",nasdaq
OST,"Ostin Technology Group Co., Ltd. - Class A Ordinary Shares",nasdaq
OSUR,"OraSure Technologies, Inc. - Common Stock",nasdaq
OSW,OneSpaWorld Holdings Limited - Common Shares,nasdaq
OTEX,Open Text Corporation - Common Shares,nasdaq
OTGA,OTG Acquisition Corp. I - Class A Ordinary Share,nasdaq
OTGAU,OTG Acquisition Corp. I - Unit,nasdaq
OTGAW,OTG Acquisition Corp. I - Warrants,nasdaq
OTGL,OTG Latin America ETF,nasdaq
OTLK,"Outlook Therapeutics, Inc. - Common Stock",nasdaq
OTLY,Oatly Group AB - American Depositary Shares,nasdaq
OTTR,Otter Tail Corporation - Common Stock,nasdaq
OUST,"Ouster, Inc. - Common Stock",nasdaq
OVBC,Ohio Valley Banc Corp. - Common Stock,nasdaq
OVID,Ovid Therapeutics Inc. - Common Stock,nasdaq
OVLY,Oak Valley Bancorp (CA) - Common Stock,nasdaq
OWLS,OBOOK Holdings Inc. - Class A Common Shares,nasdaq
OXBR,Oxbridge Re Holdings Limited - Ordinary Shares,nasdaq
OXBRW,Oxbridge Re Holdings Limited - Warrant,nasdaq
OXLC,Oxford Lane Capital Corp. - Closed End Fund,nasdaq
OXLCG,Oxford Lane Capital Corp. - 7.95% Notes due 2032,nasdaq
OXLCI,Oxford Lane Capital Corp. - 8.75% Notes due 2030,nasdaq
OXLCL,Oxford Lane Capital Corp. - 6.75% Notes due 2031,nasdaq
OXLCN,Oxford Lane Capital Corp. - 7.125% Series 2029 Term Preferred Stock,nasdaq
OXLCO,"Oxford Lane Capital Corp. - Preferred Stock Shares, 6.00% Series 2029",nasdaq
OXLCP,Oxford Lane Capital Corp. - 6.25% Series 2027 Term Preferred Shares,nasdaq
OXLCZ,Oxford Lane Capital Corp. - 5.00% Notes due 2027,nasdaq
OXSQ,Oxford Square Capital Corp. - Closed End Fund,nasdaq
OXSQG,Oxford Square Capital Corp. - 5.50% Notes due 2028,nasdaq
OXSQH,Oxford Square Capital Corp. - 7.75% Notes due 2030,nasdaq
OYSE,Oyster Enterprises II Acquisition Corp - Class A Ordinary Shares,nasdaq
OYSER,Oyster Enterprises II Acquisition Corp - Rights,nasdaq
OYSEU,Oyster Enterprises II Acquisition Corp - Units,nasdaq
OZEM,Roundhill GLP-1 & Weight Loss ETF,nasdaq
OZK,Bank OZK - Common Stock,nasdaq
OZKAP,Bank OZK - 4.625% Series A Non-Cumulative Perpetual Preferred Stock,nasdaq
PAA,"Plains All American Pipeline, L.P. - Common Units representing Limited Partner Interests",nasdaq
PAACU,Proem Acquisition Corp I - Units,nasdaq
PABD,iShares Paris-Aligned Climate Optimized MSCI World ex USA ETF,nasdaq
PABU,iShares Paris-Aligned Climate Optimized MSCI USA ETF,nasdaq
PACB,"Pacific Biosciences of California, Inc. - Common Stock",nasdaq
PACH,Pioneer Acquisition I Corp - Class A Ordinary Shares,nasdaq
PACHU,Pioneer Acquisition I Corp - Units,nasdaq
PACHW,Pioneer Acquisition I Corp - Warrants,nasdaq
PAGP,"Plains GP Holdings, L.P. - Class A Shares representing limited partner interests",nasdaq
PAHC,Phibro Animal Health Corporation - Class A Common Stock,nasdaq
PAL,"Proficient Auto Logistics, Inc. - Common Stock",nasdaq
PALD,Direxion Daily PANW Bear 1X ETF,nasdaq
PALI,"Palisade Bio, Inc. - Common Stock",nasdaq
PALOU,Paloma Acquisition Corp I - Units,nasdaq
PALU,Direxion Daily PANW Bull 2X ETF,nasdaq
PAMT,PAMT CORP - Common Stock,nasdaq
PANG,Leverage Shares 2X Long PANW Daily ETF,nasdaq
PANL,Pangaea Logistics Solutions Ltd. - Common Stock,nasdaq
PANW,"Palo Alto Networks, Inc. - Common Stock",nasdaq
PARK,"Park Dental Partners, Inc. - Common Stock",nasdaq
PASG,"Passage Bio, Inc. - Common Stock",nasdaq
PASW,"Ping An Biomedical Co., Ltd. - Ordinary Shares",nasdaq
PATK,"Patrick Industries, Inc. - Common Stock",nasdaq
PATN,Pacer Nasdaq International Patent Leaders ETF,nasdaq
PAVM,PAVmed Inc. - Common Stock,nasdaq
PAVS,Paranovus Entertainment Technology Ltd. - Class A Ordinary Shares,nasdaq
PAX,Patria Investments Limited - Class A Common Shares,nasdaq
PAYO,Payoneer Global Inc. - Common Stock,nasdaq
PAYP,PayPay Corporation - American Depository Shares,nasdaq
PAYS,"Paysign, Inc. - Common Stock",nasdaq
PAYX,"Paychex, Inc. - Common Stock",nasdaq
PBEU,Portfolio Building Block European Banks Index ETF,nasdaq
PBFS,"Pioneer Bancorp, Inc. - Common Stock",nasdaq
PBHC,"Pathfinder Bancorp, Inc. - Common Stock",nasdaq
PBM,Psyence Biomedical Ltd. - Common Shares,nasdaq
PBMWW,Psyence Biomedical Ltd. - Warrant,nasdaq
PBOG,Portfolio Building Block Integrated Oil and Gas and Exploration and Production Index ETF,nasdaq
PBPH,Portfolio Building Block World Pharma and Biotech Index ETF,nasdaq
PBQQ,PGIM Laddered Nasdaq-100 Buffer 12 ETF,nasdaq
PBRG,Leverage Shares 2X Long PBR Daily ETF,nasdaq
PBYI,Puma Biotechnology Inc - Common Stock,nasdaq
PC,Premium Catering (Holdings) Limited - Ordinary Shares,nasdaq
PCAP,ProCap Acquisition Corp - Class A Ordinary Shares,nasdaq
PCAPU,ProCap Acquisition Corp - Unit,nasdaq
PCAPW,ProCap Acquisition Corp - Warrant,nasdaq
PCAR,PACCAR Inc. - Common Stock,nasdaq
PCB,PCB Bancorp - Common Stock,nasdaq
PCLA,PicoCELA Inc. - American Depositary Shares,nasdaq
PCMM,BondBloxx Private Credit CLO ETF,nasdaq
PCRX,"Pacira BioSciences, Inc. - Common Stock",nasdaq
PCSA,"Processa Pharmaceuticals, Inc. - Common Stock",nasdaq
PCSC,Perceptive Capital Solutions Corp - Class A Ordinary Shares,nasdaq
PCT,"PureCycle Technologies, Inc. - Common stock",nasdaq
PCTTU,"PureCycle Technologies, Inc. - Unit",nasdaq
PCTTW,"PureCycle Technologies, Inc. - Warrant",nasdaq
PCTY,Paylocity Holding Corporation - Common Stock,nasdaq
PCVX,"Vaxcyte, Inc. - Common Stock",nasdaq
PCYO,Pure Cycle Corporation - Common Stock,nasdaq
PDBA,Invesco Agriculture Commodity Strategy No K-1 ETF,nasdaq
PDBC,Invesco Optimum Yield Diversified Commodity Strategy No K-1 ETF,nasdaq
PDC,Perpetuals.com Ltd - American Depositary Shares,nasdaq
PDD,PDD Holdings Inc. - American Depositary Shares,nasdaq
PDDL,GraniteShares 2x Long PDD Daily ETF,nasdaq
PDEX,"Pro-Dex, Inc. - Common Stock",nasdaq
PDFS,"PDF Solutions, Inc. - Common Stock",nasdaq
PDLB,"Ponce Financial Group, Inc. - Common Stock",nasdaq
PDP,Invesco Dorsey Wright Momentum ETF,nasdaq
PDSB,PDS Biotechnology Corporation - Common Stock,nasdaq
PDYN,Palladyne AI Corp. - Common stock,nasdaq
PDYNW,Palladyne AI Corp. - Warrant,nasdaq
PEBK,"Peoples Bancorp of North Carolina, Inc. - Common Stock",nasdaq
PEBO,Peoples Bancorp Inc. - Common Stock,nasdaq
PECO,"Phillips Edison & Company, Inc. - Common Stock",nasdaq
PEGA,Pegasystems Inc. - Common Stock,nasdaq
PELI,Pelican Acquisition Corporation - Ordinary Shares,nasdaq
PELIR,Pelican Acquisition Corporation - Right,nasdaq
PELIU,Pelican Acquisition Corporation - Unit,nasdaq
PENG,"Penguin Solutions, Inc. - Common Stock",nasdaq
PENN,"PENN Entertainment, Inc. - Common Stock",nasdaq
PEP,"PepsiCo, Inc. - Common Stock",nasdaq
PEPG,PepGen Inc. - Common Stock,nasdaq
PEPS,Parametric Equity Plus ETF,nasdaq
PERI,Perion Network Ltd - Ordinary Shares,nasdaq
PESI,"Perma-Fix Environmental Services, Inc. - Common Stock",nasdaq
PETS,"PetMed Express, Inc. - Common Stock",nasdaq
PETZ,"TDH Holdings, Inc. - Common Shares",nasdaq
PEY,Invesco High Yield Equity Dividend Achievers ETF,nasdaq
PEZ,Invesco Dorsey Wright Consumer Cyclicals Momentum ETF,nasdaq
PFAI,Pinnacle Food Group Limited - Class A Common Shares,nasdaq
PFBC,Preferred Bank - Common Stock,nasdaq
PFDE,Pathfinder Disciplined US Equity ETF,nasdaq
PFF,iShares Preferred and Income Securities ETF,nasdaq
PFG,Principal Financial Group Inc - Common Stock,nasdaq
PFI,Invesco Dorsey Wright Financial Momentum ETF,nasdaq
PFIS,Peoples Financial Services Corp.  - Common Stock,nasdaq
PFM,Invesco Dividend Achievers ETF,nasdaq
PFOE,Pathfinder Focused Opportunities ETF,nasdaq
PFSA,"Profusa, Inc. - Common Stock",nasdaq
PFX,PhenixFIN Corporation  - Common Stock,nasdaq
PFXNZ,PhenixFIN Corporation  - 5.25% Notes due 2028,nasdaq
PGAC,Pantages Capital Acquisition Corporation - Class A Ordinary Shares,nasdaq
PGACR,Pantages Capital Acquisition Corporation - Right,nasdaq
PGACU,Pantages Capital Acquisition Corporation - Unit,nasdaq
PGC,Peapack-Gladstone Financial Corporation - Common Stock,nasdaq
PGEN,"Precigen, Inc. - Common Stock",nasdaq
PGJ,Invesco Golden Dragon China ETF,nasdaq
PGNY,"Progyny, Inc. - Common Stock",nasdaq
PGY,Pagaya Technologies Ltd. - Class A Ordinary Shares,nasdaq
PGYWW,Pagaya Technologies Ltd. - Warrants,nasdaq
PHAR,"Pharming Group N.V. - ADS, each representing 10 ordinary shares",nasdaq
PHAT,"Phathom Pharmaceuticals, Inc. - Common Stock",nasdaq
PHIO,Phio Pharmaceuticals Corp. - Common Stock,nasdaq
PHO,Invesco Water Resources ETF,nasdaq
PHOE,Phoenix Asia Holdings Limited - Ordinary Shares,nasdaq
PHUN,"Phunware, Inc. - Common Stock",nasdaq
PHVS,Pharvaris N.V. - Ordinary Shares,nasdaq
PI,"Impinj, Inc. - Common Stock",nasdaq
PICS,PicS N.V. - Class A Common Shares,nasdaq
PID,Invesco International Dividend Achievers ETF,nasdaq
PIE,Invesco Dorsey Wright Emerging Markets Momentum ETF,nasdaq
PIII,P3 Health Partners Inc. - Class A Common Stock,nasdaq
PIIIW,P3 Health Partners Inc. - Warrant,nasdaq
PIO,Invesco Global Water ETF,nasdaq
PIZ,Invesco Dorsey Wright Developed Markets Momentum ETF,nasdaq
PKBK,"Parke Bancorp, Inc. - Common Stock",nasdaq
PKOH,Park-Ohio Holdings Corp. - Common Stock,nasdaq
PKW,Invesco BuyBack Achievers ETF,nasdaq
PLAB,"Photronics, Inc. - Common Stock",nasdaq
PLAY,"Dave & Buster's Entertainment, Inc. - Common Stock",nasdaq
PLBC,Plumas Bancorp - Common Stock,nasdaq
PLBL,Polibeli Group Ltd - Class A Ordinary Shares,nasdaq
PLBY,"Playboy, Inc. - Common Stock",nasdaq
PLCE,"Children's Place, Inc. (The) - Common Stock",nasdaq
PLMK,Plum Acquisition Corp. IV - Class A Ordinary Shares,nasdaq
PLMKU,Plum Acquisition Corp. IV - Unit,nasdaq
PLMKW,Plum Acquisition Corp. IV - Warrants,nasdaq
PLMR,"Palomar Holdings, Inc. - Common stock",nasdaq
PLPC,Preformed Line Products Company - Common Stock,nasdaq
PLRX,"Pliant Therapeutics, Inc. - Common Stock",nasdaq
PLRZ,Polyrizon Ltd. - Ordinary Shares,nasdaq
PLSE,"Pulse Biosciences, Inc - Common Stock",nasdaq
PLSM,Pulsenmore Ltd. - Ordinary Shares,nasdaq
PLTD,Direxion Daily PLTR Bear 1X ETF,nasdaq
PLTG,Leverage Shares 2X Long PLTR Daily ETF,nasdaq
PLTK,Playtika Holding Corp. - Common Stock,nasdaq
PLTR,Palantir Technologies Inc. - Class A Common Stock,nasdaq
PLTS,Platinum Analytics Cayman Limited - Class A Ordinary Shares,nasdaq
PLTU,Direxion Daily PLTR Bull 2X ETF,nasdaq
PLTZ,Defiance Daily Target 2x Short PLTR ETF,nasdaq
PLUG,"Plug Power, Inc. - Common Stock",nasdaq
PLUL,Leverage Shares 2X Long PLUG Daily ETF,nasdaq
PLUR,Pluri Inc. - Common Stock,nasdaq
PLUS,ePlus inc. - Common Stock,nasdaq
PLUT,Plutus Financial Group Limited - Ordinary Shares,nasdaq
PLXS,Plexus Corp. - Common Stock,nasdaq
PLYX,"Polaryx Therapeutics, Inc. - Common Stock",nasdaq
PLYY,GraniteShares YieldBOOST PLTR ETF,nasdaq
PMAX,Powell Max Limited - Class A Ordinary Shares,nasdaq
PMBS,PIMCO Mortgage-Backed Securities Active Exchange-Traded Fund,nasdaq
PMCB,"PharmaCyte  Biotech, Inc. - Common Stock",nasdaq
PMEC,Primech Holdings Ltd. - Ordinary Shares,nasdaq
PMN,ProMIS Neurosciences Inc. - Common Shares,nasdaq
PMTR,Perimeter Acquisition Corp. I - Class A Ordinary Shares,nasdaq
PMTRU,Perimeter Acquisition Corp. I - Unit,nasdaq
PMTRW,Perimeter Acquisition Corp. I - Warrant,nasdaq
PMTS,CPI Card Group Inc. - Common Stock,nasdaq
PMVP,"PMV Pharmaceuticals, Inc. - Common Stock",nasdaq
PN,Skycorp Solar Group Limited - Ordinary Shares,nasdaq
PNBK,Patriot National Bancorp Inc. - Common Stock,nasdaq
PNQI,Invesco Nasdaq Internet ETF,nasdaq
PNRG,PrimeEnergy Resources Corporation - Common Stock,nasdaq
PNTG,"The Pennant Group, Inc. - Common Stock",nasdaq
POCI,"Precision Optics Corporation, Inc. - Common stock",nasdaq
PODC,"PodcastOne, Inc. - Common Stock",nasdaq
PODD,Insulet Corporation - Common Stock,nasdaq
POET,POET Technologies Inc. - Common Shares,nasdaq
POLA,"Polar Power, Inc. - Common Stock",nasdaq
POLE,Andretti Acquisition Corp. II - Class A Ordinary Shares,nasdaq
POLEU,Andretti Acquisition Corp. II - Unit,nasdaq
POLEW,Andretti Acquisition Corp. II - Warrant,nasdaq
POM,POMDOCTOR LIMITED - American Depositary Shares,nasdaq
PONOU,"Pono Capital Four, Inc. - Units",nasdaq
PONY,Pony AI Inc. - American Depositary Shares,nasdaq
POOL,Pool Corporation - Common Stock,nasdaq
POWI,"Power Integrations, Inc. - Common Stock",nasdaq
POWL,"Powell Industries, Inc. - Common Stock",nasdaq
POWW,Outdoor Holding Company - Common Stock,nasdaq
POWWP,Outdoor Holding Company - 8.75% Series A Cumulative Redeemable Perpetual Preferred Stock,nasdaq
PPBT,Purple Biotech Ltd. - American Depositary Shares,nasdaq
PPC,Pilgrim's Pride Corporation - Common Stock,nasdaq
PPCB,"Propanc Biopharma, Inc. - Common Stock",nasdaq
PPH,VanEck Pharmaceutical ETF,nasdaq
PPHC,"Public Policy Holding Company, Inc. - Common Stock",nasdaq
PPI,Astoria Real Assets ETF,nasdaq
PPIH,"Perma-Pipe International Holdings, Inc. - Common Stock",nasdaq
PPSI,"Pioneer Power Solutions, Inc. - Common Stock",nasdaq
PPTA,Perpetua Resources Corp. - Common Shares,nasdaq
PQAP,PGIM Nasdaq-100 Buffer 12 ETF - April,nasdaq
PQJA,PGIM Nasdaq-100 Buffer 12 ETF - January,nasdaq
PQJL,PGIM Nasdaq-100 Buffer 12 ETF - July,nasdaq
PQOC,PGIM Nasdaq-100 Buffer 12 ETF - October,nasdaq
PRAA,"PRA Group, Inc. - Common Stock",nasdaq
PRAX,"Praxis Precision Medicines, Inc. - Common Stock",nasdaq
PRCH,"Porch Group, Inc. - Common Stock",nasdaq
PRCT,PROCEPT BioRobotics Corporation - Common Stock,nasdaq
PRDO,Perdoceo Education Corporation - Common Stock,nasdaq
PRE,Prenetics Global Limited - Class A Ordinary Share,nasdaq
PRENW,Prenetics Global Limited - Warrant,nasdaq
PRFX,PRF Technologies Ltd. - Ordinary Shares,nasdaq
PRFZ,Invesco RAFI US 1500 Small-Mid ETF,nasdaq
PRGS,Progress Software Corporation - Common Stock,nasdaq
PRHI,"Presurance Holdings, Inc. - Common Stock",nasdaq
PRHIZ,"Presurance Holdings, Inc. - 9.75% Senior Unsecured Notes due 2028",nasdaq
PRLD,Prelude Therapeutics Incorporated - Common Stock,nasdaq
PRME,"Prime Medicine, Inc. - Common Stock",nasdaq
PRMR,PeakShares RMR Prime Equity ETF,nasdaq
PRN,Invesco Dorsey Wright Industrials Momentum ETF,nasdaq
PROF,Profound Medical Corp. - common stock,nasdaq
PROK,ProKidney Corp. - Class A Ordinary Shares,nasdaq
PROP,Prairie Operating Co. - Common Stock,nasdaq
PROV,"Provident Financial Holdings, Inc. - Common Stock",nasdaq
PRPL,"Purple Innovation, Inc. - Common Stock",nasdaq
PRPO,"Precipio, Inc. - Common Stock",nasdaq
PRQR,ProQR Therapeutics N.V. - Ordinary Shares,nasdaq
PRSO,Peraso Inc. - Common Stock,nasdaq
PRTA,Prothena Corporation plc - Ordinary Shares,nasdaq
PRTC,PureTech Health plc - American Depositary Shares,nasdaq
PRTH,"Priority Technology Holdings, Inc. - Common Stock",nasdaq
PRTS,"CarParts.com, Inc. - Common Stock",nasdaq
PRVA,"Privia Health Group, Inc. - Common Stock",nasdaq
PRZO,ParaZero Technologies Ltd. - Ordinary Shares,nasdaq
PSC,Principal U.S. Small-Cap ETF,nasdaq
PSCC,Invesco S&P SmallCap Consumer Staples ETF,nasdaq
PSCD,Invesco S&P SmallCap Consumer Discretionary ETF,nasdaq
PSCE,Invesco S&P SmallCap Energy ETF,nasdaq
PSCF,Invesco S&P SmallCap Financials ETF,nasdaq
PSCH,Invesco S&P SmallCap Health Care ETF,nasdaq
PSCI,Invesco S&P SmallCap Industrials ETF,nasdaq
PSCM,Invesco S&P SmallCap Materials ETF,nasdaq
PSCT,Invesco S&P SmallCap Information Technology ETF,nasdaq
PSCU,Invesco S&P SmallCap Utilities & Communication Services ETF,nasdaq
PSEC,Prospect Capital Corporation - Closed End Fund,nasdaq
PSET,Principal Quality ETF,nasdaq
PSHG,Performance Shipping Inc. - Common Shares,nasdaq
PSIG,PS International Group Ltd. - Ordinary Shares,nasdaq
PSIX,"Power Solutions International, Inc. - Common Stock",nasdaq
PSKY,Paramount Skydance Corporation - Class B Common Stock,nasdaq
PSL,Invesco Dorsey Wright Consumer Staples Momentum ETF,nasdaq
PSMT,"PriceSmart, Inc. - Common Stock",nasdaq
PSNL,"Personalis, Inc. - Common Stock",nasdaq
PSNY,Polestar Automotive Holding UK Limited - Class A ADS,nasdaq
PSNYW,Polestar Automotive Holding UK Limited - Class C-1 ADS (ADW),nasdaq
PSTR,PeakShares Sector Rotation ETF,nasdaq
PSTV,"PLUS THERAPEUTICS, Inc. - Common Stock",nasdaq
PSWD,Xtrackers Cybersecurity Select Equity ETF,nasdaq
PTC,PTC Inc. - Common Stock,nasdaq
PTCT,"PTC Therapeutics, Inc. - Common Stock",nasdaq
PTEN,"Patterson-UTI Energy, Inc. - Common Stock",nasdaq
PTF,Invesco Dorsey Wright Technology Momentum ETF,nasdaq
PTGX,"Protagonist Therapeutics, Inc. - Common Stock",nasdaq
PTH,Invesco Dorsey Wright Healthcare Momentum ETF,nasdaq
PTIR,GraniteShares 2x Long PLTR Daily ETF,nasdaq
PTLE,PTL LTD - Class A Ordinary Shares,nasdaq
PTLO,Portillo's Inc. - Class A Common Stock,nasdaq
PTNM,Pitanium Limited - Class A Ordinary Shares,nasdaq
PTNQ,Pacer Trendpilot 100 ETF,nasdaq
PTON,"Peloton Interactive, Inc. - Common Stock",nasdaq
PTOR,Praetorian Acquisition Corp. - Class A Ordinary Shares,nasdaq
PTORU,Praetorian Acquisition Corp. - Units,nasdaq
PTORW,Praetorian Acquisition Corp. - Warrant,nasdaq
PTRN,Pattern Group Inc. - Series A Common Stock,nasdaq
PUBM,"PubMatic, Inc. - Class A Common Stock",nasdaq
PUI,Invesco Dorsey Wright Utilities Momentum ETF,nasdaq
PULM,"Pulmatrix, Inc. - Common Stock",nasdaq
PURR,Hyperliquid Strategies Inc - Common Stock,nasdaq
PVLA,"Palvella Therapeutics, Inc. - Common Stock",nasdaq
PWP,Perella Weinberg Partners - Class A Common Stock,nasdaq
PWRD,TCW Transform Systems ETF,nasdaq
PXI,Invesco Dorsey Wright Energy Momentum ETF,nasdaq
PXLW,"Pixelworks, Inc. - Common Stock",nasdaq
PXS,Pyxis Tankers Inc. - Common Stock,nasdaq
PY,Principal Value ETF,nasdaq
PYPD,PolyPid Ltd. - Ordinary Shares,nasdaq
PYPG,Leverage Shares 2X Long PYPL Daily ETF,nasdaq
PYPL,"PayPal Holdings, Inc. - Common Stock",nasdaq
PYXS,"Pyxis Oncology, Inc. - Common Stock",nasdaq
PYZ,Invesco Dorsey Wright Basic Materials Momentum ETF,nasdaq
PZZA,"Papa John's International, Inc. - Common Stock",nasdaq
QABA,First Trust NASDAQ ABA Community Bank Index Fund,nasdaq
QALT,SEI DBi Multi-Strategy Alternative ETF,nasdaq
QAT,iShares MSCI Qatar ETF,nasdaq
QB,ProShares Nasdaq-100 Dynamic Buffer ETF,nasdaq
QBIG,Invesco Top QQQ ETF,nasdaq
QBTZ,Defiance Daily Target 2x Short QBTS ETF,nasdaq
QBUF,Innovator Nasdaq-100 10 Buffer ETF Quarterly,nasdaq
QBY,GraniteShares YieldBoost QBTS ETF,nasdaq
QCLN,First Trust NASDAQ Clean Edge Green Energy Index Fund,nasdaq
QCLR,Global X NASDAQ 100 Collar 95-110 ETF,nasdaq
QCLS,"Q/C Technologies, Inc. - Common Stock",nasdaq
QCMD,Direxion Daily QCOM Bear 1X ETF,nasdaq
QCML,GraniteShares 2x Long QCOM Daily ETF,nasdaq
QCMU,Direxion Daily QCOM Bull 2X ETF,nasdaq
QCOM,QUALCOMM Incorporated - Common Stock,nasdaq
QCRH,"QCR Holdings, Inc. - Common Stock",nasdaq
QDEL,QuidelOrtho Corporation - Common Stock,nasdaq
QDTY,YieldMax Nasdaq 100 0DTE Covered Call Strategy ETF,nasdaq
QETA,Quetta Acquisition Corporation - Common Stock,nasdaq
QETAR,Quetta Acquisition Corporation - Right,nasdaq
QETAU,Quetta Acquisition Corporation - Unit,nasdaq
QEW,Invesco QQQ Equal Weight ETF,nasdaq
QFIN,"Qfin Holdings, Inc.  - American Depositary Shares",nasdaq
QGRD,Horizon Nasdaq-100 Defined Risk ETF,nasdaq
QH,Quhuo Limited - American Depository Shares,nasdaq
QHDG,Innovator Hedged Nasdaq-100 ETF,nasdaq
QLDY,Defiance Nasdaq 100 LightningSpread Income ETF,nasdaq
QLYS,"Qualys, Inc. - Common Stock",nasdaq
QMCO,Quantum Corporation - Common Stock,nasdaq
QMID,WisdomTree U.S. MidCap Quality Growth Fund,nasdaq
QMMM,QMMM Holdings Limited - Class A Ordinary Shares,nasdaq
QMOM,Alpha Architect U.S. Quantitative Momentum ETF,nasdaq
QNCX,"Quince Therapeutics, Inc. - Common Stock",nasdaq
QNRX,"Quoin Pharmaceuticals, Ltd. - American Depositary Shares",nasdaq
QNST,"QuinStreet, Inc. - Common Stock",nasdaq
QNTM,Quantum Biopharma Ltd. - Class B Subordinate Voting Shares,nasdaq
QNXT,iShares Nasdaq-100 ex Top 30 ETF,nasdaq
QOWZ,Invesco Nasdaq Free Cash Flow Achievers ETF,nasdaq
QPUX,Defiance 2X Daily Long Pure Quantum ETF,nasdaq
QQA,Invesco QQQ Income Advantage ETF,nasdaq
QQDN,ProShares UltraShort QQQ Mega,nasdaq
QQEW,First Trust Nasdaq-100 Select Equal Weight ETF,nasdaq
QQHG,Invesco QQQ Hedged Advantage ETF,nasdaq
QQLV,Invesco QQQ Low Volatility ETF,nasdaq
QQMG,Invesco ESG NASDAQ 100 ETF,nasdaq
QQQ,"Invesco QQQ Trust, Series 1",nasdaq
QQQA,ProShares Nasdaq-100 Dorsey Wright Momentum ETF,nasdaq
QQQE,Direxion NASDAQ-100 Equal Weighted Index ETF,nasdaq
QQQG,Pacer Nasdaq 100 Top 50 Cash Cows Growth Leaders ETF,nasdaq
QQQH,NEOS Nasdaq-100 Hedged Equity Income ETF,nasdaq
QQQI,NEOS Nasdaq 100 High Income ETF,nasdaq
QQQJ,Invesco NASDAQ Next Gen 100 ETF,nasdaq
QQQM,Invesco NASDAQ 100 ETF,nasdaq
QQQP,Tradr 2X Long Innovation 100 Quarterly ETF,nasdaq
QQQS,Invesco NASDAQ Future Gen 200 ETF,nasdaq
QQQT,Defiance Nasdaq 100 Income Target ETF,nasdaq
QQQX,Nuveen NASDAQ 100 Dynamic Overwrite Fund - Closed End Fund,nasdaq
QQQY,Defiance Nasdaq 100 Weekly Distribution ETF,nasdaq
QQUP,ProShares Ultra QQQ Mega,nasdaq
QQWZ,Pacer Cash COWZ 100-Nasdaq 100 Rotator ETF,nasdaq
QQXL,ProShares Ultra QQQ Top 30,nasdaq
QQXT,First Trust NASDAQ-100 Ex-Technology Sector Index Fund,nasdaq
QRHC,Quest Resource Holding Corporation - Common Stock,nasdaq
QRMI,Global X NASDAQ 100 Risk Managed Income ETF,nasdaq
QRVO,"Qorvo, Inc. - Common Stock",nasdaq
QS,QuantumScape Corporation - Common Stock,nasdaq
QSEA,Quartzsea Acquisition Corporation - Ordinary Shares,nasdaq
QSEAR,Quartzsea Acquisition Corporation - Rights,nasdaq
QSEAU,Quartzsea Acquisition Corporation - Units,nasdaq
QSI,Quantum-Si Incorporated - Class A Common Stock,nasdaq
QSIAW,Quantum-Si Incorporated - Warrant,nasdaq
QSIX,Pacer Metaurus Nasdaq 100 Dividend Multiplier 600 ETF,nasdaq
QSML,WisdomTree U.S. SmallCap Quality Growth Fund,nasdaq
QTEC,First Trust NASDAQ-100-Technology Sector Index Fund,nasdaq
QTI,"QT Imaging Holdings, Inc. - Common Stock",nasdaq
QTOP,iShares Nasdaq Top 30 Stocks ETF,nasdaq
QTR,Global X NASDAQ 100 Tail Risk ETF,nasdaq
QTRX,Quanterix Corporation - Common Stock,nasdaq
QTTB,Q32 Bio Inc. - Common Stock,nasdaq
QTUM,Defiance Quantum ETF,nasdaq
QUBT,Quantum Computing Inc. - Common Stock,nasdaq
QUCY,Mainz Biomed N.V. - Ordinary Shares,nasdaq
QUIK,QuickLogic Corporation - Common Stock,nasdaq
QUMS,Quantumsphere Acquisition Corp. - Ordinary Shares,nasdaq
QUMSR,Quantumsphere Acquisition Corp. - Rights,nasdaq
QUMSU,Quantumsphere Acquisition Corp. - Units,nasdaq
QURE,uniQure N.V. - Ordinary Shares,nasdaq
QVAL,Alpha Architect U.S. Quantitative Value ETF,nasdaq
QVCGA,"QVC Group, Inc. - Series A Common Stock",nasdaq
QVCGP,"QVC Group, Inc. - 8.0% Fixed Rate Cumulative Redeemable Preferred Stock",nasdaq
QXQ,SGI Enhanced Nasdaq-100 ETF,nasdaq
QYLD,Global X NASDAQ 100 Covered Call ETF,nasdaq
QYLG,Global X Nasdaq 100 Covered Call & Growth ETF,nasdaq
RAA,SMI 3Fourteen REAL Asset Allocation ETF,nasdaq
RAAQ,Real Asset Acquisition Corp. - Class A Ordinary Share,nasdaq
RAAQU,Real Asset Acquisition Corp. - Unit,nasdaq
RAAQW,Real Asset Acquisition Corp. - Warrants,nasdaq
RADX,Radiopharm Theranostics Limited - American Depositary Shares,nasdaq
RAIL,"Freightcar America, Inc. - Common Stock",nasdaq
RAIN,"Rain Enhancement Technologies Holdco, Inc. - Class A Common Stock",nasdaq
RAINW,"Rain Enhancement Technologies Holdco, Inc. - Warrants",nasdaq
RAND,Rand Capital Corporation - Closed End Fund,nasdaq
RANG,Range Capital Acquisition Corp. - Ordinary Shares,nasdaq
RANGR,Range Capital Acquisition Corp. - Rights,nasdaq
RANGU,Range Capital Acquisition Corp. - Units,nasdaq
RANI,"Rani Therapeutics Holdings, Inc. - Class A Common Stock",nasdaq
RAPP,"Rapport Therapeutics, Inc. - Common Stock",nasdaq
RARE,Ultragenyx Pharmaceutical Inc. - Common Stock,nasdaq
RAUS,RACWI US ETF,nasdaq
RAVE,"Rave Restaurant Group, Inc. - Common Stock",nasdaq
RAY,Raytech Holding Limited - Ordinary Shares,nasdaq
RAYA,Erayak Power Solution Group Inc. - Class A Ordinary Shares,nasdaq
RBB,RBB Bancorp - Common Stock,nasdaq
RBBN,Ribbon Communications Inc.  - Common Stock,nasdaq
RBCAA,"Republic Bancorp, Inc. - Class A Common Stock",nasdaq
RBIL,F/m Ultrashort Treasury Inflation-Protected Security (TIPS) ETF,nasdaq
RBKB,"Rhinebeck Bancorp, Inc. - Common Stock",nasdaq
RBNE,Robin Energy Ltd. - Common Stock,nasdaq
RCAT,"Red Cat Holdings, Inc. - Common Stock",nasdaq
RCAX,Defiance Daily Target 2x Long RCAT ETF,nasdaq
RCEL,"Avita Medical, Inc. - Common Stock",nasdaq
RCGE,RockCreek Global Equality ETF,nasdaq
RCKT,"Rocket Pharmaceuticals, Inc. - Common Stock",nasdaq
RCKTW,"Rocket Pharmaceuticals, Inc. - Warrant",nasdaq
RCKY,"Rocky Brands, Inc. - Common Stock",nasdaq
RCMT,"RCM Technologies, Inc. - Common Stock",nasdaq
RCON,"Recon Technology, Ltd. - Class A Ordinary Shares",nasdaq
RCT,RedCloud Holdings plc - Ordinary Shares,nasdaq
RDAC,Rising Dragon Acquisition Corp. - Ordinary Shares,nasdaq
RDACR,Rising Dragon Acquisition Corp. - Rights,nasdaq
RDACU,Rising Dragon Acquisition Corp. - Unit,nasdaq
RDAG,Republic Digital Acquisition Company - Class A Ordinary Shares,nasdaq
RDAGU,Republic Digital Acquisition Company - Unit,nasdaq
RDAGW,Republic Digital Acquisition Company - Warrants,nasdaq
RDCM,Radcom Ltd. - Ordinary Shares,nasdaq
RDGT,"Ridgetech, Inc. - Ordinary Shares",nasdaq
RDHL,Redhill Biopharma Ltd. - American Depositary Shares,nasdaq
RDI,Reading International Inc - Class A Non-voting Common Stock,nasdaq
RDIB,Reading International Inc - Class B Voting Common Stock,nasdaq
RDNT,"RadNet, Inc. - Common Stock",nasdaq
RDNW,"RideNow Group, Inc. - Class B Common Stock",nasdaq
RDTL,GraniteShares 2x Long RDDT Daily ETF,nasdaq
RDTY,YieldMax R2000 0DTE Covered Strategy ETF,nasdaq
RDVT,"Red Violet, Inc. - Common Stock ",nasdaq
RDVY,First Trust Rising Dividend Achievers ETF,nasdaq
RDWR,Radware Ltd. - Ordinary Shares,nasdaq
RDZN,"Roadzen, Inc. - Ordinary Shares",nasdaq
RDZNW,"Roadzen, Inc. - Warrants",nasdaq
REAI,Intelligent Real Estate ETF,nasdaq
REAL,"The RealReal, Inc. - Common Stock",nasdaq
REAX,"The Real Brokerage, Inc. - Common Shares",nasdaq
REBN,"Reborn Coffee, Inc. - Common Stock",nasdaq
RECT,Rectitude Holdings Ltd - Ordinary Shares,nasdaq
REE,REE Automotive Ltd. - Class A Ordinary Shares,nasdaq
REFI,"Chicago Atlantic Real Estate Finance, Inc. - Common Stock",nasdaq
REFR,Research Frontiers Incorporated - Common Stock,nasdaq
REG,Regency Centers Corporation - Common Stock,nasdaq
REGCO,Regency Centers Corporation - 5.875% Series B Cumulative Redeemable Preferred Stock,nasdaq
REGCP,Regency Centers Corporation - 6.25% Series A Cumulative Redeemable Preferred Stock,nasdaq
REGN,"Regeneron Pharmaceuticals, Inc. - Common Stock",nasdaq
REIT,ALPS Active REIT ETF,nasdaq
REKR,"Rekor Systems, Inc. - Common Stock",nasdaq
RELL,"Richardson Electronics, Ltd. - Common Stock",nasdaq
RELY,"Remitly Global, Inc. - Common stock",nasdaq
REMG,Russell Investments Emerging Markets Equity ETF,nasdaq
RENT,"Rent the Runway, Inc. - Class A Common Stock",nasdaq
RENX,RenX Enterprises Corp. - Common Stock,nasdaq
REPL,"Replimune Group, Inc. - Common Stock",nasdaq
RETO,"ReTo Eco-Solutions, Inc. - Class A Shares",nasdaq
REVB,"Revelation Biosciences, Inc. - Common Stock",nasdaq
REVBW,"Revelation Biosciences, Inc. - Warrant",nasdaq
REYN,Reynolds Consumer Products Inc. - Common Stock,nasdaq
RFAI,RF Acquisition Corp II - Ordinary Shares,nasdaq
RFAIR,RF Acquisition Corp II - Right,nasdaq
RFAIU,RF Acquisition Corp II - Unit,nasdaq
RFAM,RF Acquisition Corp III - Ordinary Shares,nasdaq
RFAMR,RF Acquisition Corp III - Rights,nasdaq
RFAMU,RF Acquisition Corp III - Units,nasdaq
RFDI,First Trust RiverFront Dynamic Developed International ETF,nasdaq
RFEM,First Trust RiverFront Dynamic Emerging Markets ETF,nasdaq
RFIL,"RF Industries, Ltd. - Common Stock",nasdaq
RGC,Regencell Bioscience Holdings Limited - Ordinary Shares,nasdaq
RGCO,RGC Resources Inc. - Common Stock,nasdaq
RGEN,Repligen Corporation - Common Stock,nasdaq
RGLD,"Royal Gold, Inc. - Common Stock",nasdaq
RGLO,Russell Investments Global Equity ETF,nasdaq
RGNX,REGENXBIO Inc. - Common Stock,nasdaq
RGP,"Resources Connection, Inc. - Common Stock",nasdaq
RGS,Regis Corporation - Common Stock,nasdaq
RGTI,"Rigetti Computing, Inc.  - Common stock",nasdaq
RGTIW,"Rigetti Computing, Inc.  - Redeemable warrants, each whole warrant exercisable for one Class A ordinary share at an exercise price of $11.50",nasdaq
RGTX,Defiance Daily Target 2X Long RGTI ETF,nasdaq
RGTZ,Defiance Daily Target 2x Short RGTI ETF,nasdaq
RGYY,GraniteShares YieldBoost RGTI ETF,nasdaq
RIBB,Ribbon Acquisition Corp - Class A Ordinary Shares,nasdaq
RIBBR,Ribbon Acquisition Corp - Rights,nasdaq
RIBBU,Ribbon Acquisition Corp - Unit,nasdaq
RICK,"RCI Hospitality Holdings, Inc. - Common Stock",nasdaq
RIFR,Russell Investments Global Infrastructure ETF,nasdaq
RIGL,"Rigel Pharmaceuticals, Inc. - Common Stock",nasdaq
RILY,"BRC Group Holdings, Inc. - Common Stock",nasdaq
RILYG,"BRC Group Holdings, Inc. - 5.00% Senior Notes due 2026",nasdaq
RILYK,"BRC Group Holdings, Inc. - 5.50% Senior Notes Due 2026",nasdaq
RILYL,"BRC Group Holdings, Inc. - Depositary Shares, each representing a 1/1000th fractional interest in a share of Series B Cumulative Perpetual Preferred Stock",nasdaq
RILYN,"BRC Group Holdings, Inc. - 6.50% Senior Notes Due 2026",nasdaq
RILYP,"BRC Group Holdings, Inc. - Depositary Shares, each representing a 1/1000th fractional interest in a share of Series A Cumulative Perpetual Preferred Stock",nasdaq
RILYT,"BRC Group Holdings, Inc. - 6.00% Senior Notes Due 2028",nasdaq
RILYZ,"BRC Group Holdings, Inc. - 5.25% Senior Notes due 2028",nasdaq
RIME,"Algorhythm Holdings, Inc. - Common Stock",nasdaq
RING,iShares MSCI Global Gold Miners ETF,nasdaq
RINT,Russell Investments International Developed Equity ETF,nasdaq
RIOT,"Riot Platforms, Inc. - Common Stock",nasdaq
RITR,Reitar Logtech Holdings Limited - Ordinary shares,nasdaq
RIVN,"Rivian Automotive, Inc. - Class A Common Stock",nasdaq
RJET,Republic Airways Holdings Inc. - Common Stock,nasdaq
RKDA,"Arcadia Biosciences, Inc. - Common Stock",nasdaq
RKLB,Rocket Lab Corporation - Common Stock,nasdaq
RKLX,Defiance Daily Target 2X Long RKLB ETF,nasdaq
RKLZ,Defiance Daily Target 2x Short RKLB ETF,nasdaq
RKNG,Defiance Retail Kings ETF,nasdaq
RLAY,"Relay Therapeutics, Inc. - Common Stock",nasdaq
RLMD,"Relmada Therapeutics, Inc. - Common Stock",nasdaq
RLYB,Rallybio Corporation - Common Stock,nasdaq
RMBI,"Richmond Mutual Bancorporation, Inc. - Common Stock",nasdaq
RMBS,"Rambus, Inc. - Common Stock",nasdaq
RMCF,"Rocky Mountain Chocolate Factory, Inc. - Common Stock",nasdaq
RMCO,Royalty Management Holding Corporation - Class A Common Stock,nasdaq
RMCOW,Royalty Management Holding Corporation - Warrant,nasdaq
RMNI,"Rimini Street, Inc. - Common Stock",nasdaq
RMR,The RMR Group Inc. - Class A Common Stock,nasdaq
RMSG,Real Messenger Corporation - Ordinary Shares,nasdaq
RMSGW,Real Messenger Corporation - Warrants,nasdaq
RMTI,"Rockwell Medical, Inc. - Common Stock",nasdaq
RNA,"Atrium Therapeutics, Inc. - Common Stock",nasdaq
RNAC,"Cartesian Therapeutics, Inc. - Common Stock",nasdaq
RNAZ,"TransCode Therapeutics, Inc. - Common Stock",nasdaq
RNEM,Emerging Markets Equity Select ETF,nasdaq
RNGT,Range Capital Acquisition Corp II - Class A Ordinary Shares,nasdaq
RNGTU,Range Capital Acquisition Corp II - Units,nasdaq
RNGTW,Range Capital Acquisition Corp II - Warrants,nasdaq
RNIN,Bushido Capital US SMID Cap Equity ETF,nasdaq
RNRG,Global X Renewable Energy Producers ETF,nasdaq
RNTX,"Rein Therapeutics, Inc. - Common Stock",nasdaq
RNW,ReNew Energy Global plc - Class A Shares,nasdaq
RNWWW,ReNew Energy Global plc - Warrant,nasdaq
RNXT,"RenovoRx, Inc. - Common Stock",nasdaq
ROAD,"Construction Partners, Inc. - Common Stock",nasdaq
ROBT,First Trust Nasdaq Artificial Intelligence and Robotics ETF,nasdaq
ROC,Rank One Computing Corporation - Common stock,nasdaq
ROCK,"Gibraltar Industries, Inc. - Common Stock",nasdaq
ROCQ,JPMorgan Nasdaq Equity Premium Yield ETF,nasdaq
ROCY,JPMorgan Equity Premium Yield ETF,nasdaq
ROE,Astoria US Equal Weight Quality Kings ETF,nasdaq
ROIV,Roivant Sciences Ltd. - Common Shares,nasdaq
ROKU,"Roku, Inc. - Class A Common Stock",nasdaq
ROMA,Roma Green Finance Limited - Class A Ordinary Shares,nasdaq
ROOT,"Root, Inc. - Common Stock",nasdaq
ROP,"Roper Technologies, Inc. - Common Stock",nasdaq
ROST,"Ross Stores, Inc. - Common Stock",nasdaq
RPAY,Repay Holdings Corporation - Class A Common Stock,nasdaq
RPD,"Rapid7, Inc. - Common Stock",nasdaq
RPGL,Republic Power Group Limited - Class A Ordinary Shares,nasdaq
RPID,"Rapid Micro Biosystems, Inc. - Class A Common Stock",nasdaq
RPRX,Royalty Pharma plc - Class A Ordinary Shares,nasdaq
RR,Richtech Robotics Inc. - Class B Common Stock,nasdaq
RRBI,"Red River Bancshares, Inc. - Common Stock",nasdaq
RRGB,"Red Robin Gourmet Burgers, Inc. - Common Stock",nasdaq
RRR,"Red Rock Resorts, Inc. - Class A Common Stock",nasdaq
RSSS,"Research Solutions, Inc - Common Stock",nasdaq
RSVR,"Reservoir Media, Inc.. - Common Stock",nasdaq
RSVRW,"Reservoir Media, Inc.. - Warrant",nasdaq
RTAC,Renatus Tactical Acquisition Corp I - Class A Ordinary Shares,nasdaq
RTACU,Renatus Tactical Acquisition Corp I - Unit,nasdaq
RTACW,Renatus Tactical Acquisition Corp I - Warrant,nasdaq
RTH,VanEck Retail ETF,nasdaq
RTXG,Leverage Shares 2X Long RTX Daily ETF,nasdaq
RTYY,GraniteShares YieldBoost RIOT ETF,nasdaq
RUBI,Rubico Inc. - Common Stock,nasdaq
RUM,Rumble Inc. - Class A Common Stock,nasdaq
RUMBW,Rumble Inc. - Warrant,nasdaq
RUN,Sunrun Inc. - Common Stock,nasdaq
RUNN,Running Oak Efficient Growth ETF,nasdaq
RUSC,Russell Investments U.S. Small Cap Equity ETF,nasdaq
RUSHA,"Rush Enterprises, Inc. - Class A Common Stock",nasdaq
RUSHB,"Rush Enterprises, Inc. - Class B Common Stock",nasdaq
RVMD,"Revolution Medicines, Inc. - Common Stock",nasdaq
RVMDW,"Revolution Medicines, Inc. - Warrant",nasdaq
RVNL,GraniteShares 2x Long RIVN Daily ETF,nasdaq
RVPH,"Reviva Pharmaceuticals Holdings, Inc. - Common Stock",nasdaq
RVSB,Riverview Bancorp Inc - Common Stock,nasdaq
RVSN,Rail Vision Ltd. - Ordinary Shares,nasdaq
RVSNW,Rail Vision Ltd. - Warrant,nasdaq
RVYL,Ryvyl Inc. - Common Stock,nasdaq
RWAY,Runway Growth Finance Corp. - Common Stock,nasdaq
RWAYI,Runway Growth Finance Corp. - 7.25% Notes due 2031,nasdaq
RWAYL,Runway Growth Finance Corp. - 7.50% Notes due 2027,nasdaq
RXRX,"Recursion Pharmaceuticals, Inc. - Class A Common Stock",nasdaq
RXST,"RxSight, Inc. - Common Stock",nasdaq
RXT,"Rackspace Technology, Inc. - Common Stock",nasdaq
RYAAY,"Ryanair Holdings plc - American Depositary Shares, each representing five Ordinary Shares",nasdaq
RYET,Ruanyun Edai Technology Inc. - Ordinary shares,nasdaq
RYM,"RYTHM, Inc. - Common Stock",nasdaq
RYOJ,"rYojbaba Co., Ltd. - Common Shares",nasdaq
RYTM,"Rhythm Pharmaceuticals, Inc. - Common Stock",nasdaq
RZLT,"Rezolute, Inc. - Common Stock (NV)",nasdaq
RZLV,Rezolve AI PLC - Ordinary Shares,nasdaq
RZLVW,Rezolve AI PLC - Warrants,nasdaq
SAAQ,Space Asset Acquisition Corp. - Class A Ordinary Shares,nasdaq
SAAQU,Space Asset Acquisition Corp. - Units,nasdaq
SAAQW,Space Asset Acquisition Corp. - Warrants,nasdaq
SABR,Sabre Corporation - Common Stock,nasdaq
SABS,"SAB Biotherapeutics, Inc. - Common Stock",nasdaq
SABSW,"SAB Biotherapeutics, Inc. - Warrant",nasdaq
SAFT,"Safety Insurance Group, Inc. - Common Stock",nasdaq
SAFX,"XCF Global, Inc. - Class A Common Stock",nasdaq
SAGT,SAGTEC GLOBAL LIMITED - Class A Ordinary shares,nasdaq
SAIA,"Saia, Inc. - Common Stock",nasdaq
SAIC,Science Applications International Corporation - Common Stock,nasdaq
SAIH,SAIHEAT Limited - Class A Ordinary Shares,nasdaq
SAIHW,SAIHEAT Limited - Warrant,nasdaq
SAIL,"SailPoint, Inc. - Common Stock",nasdaq
SAMG,Silvercrest Asset Management Group Inc. - Common Stock,nasdaq
SANA,"Sana Biotechnology, Inc. - Common Stock",nasdaq
SANG,Sangoma Technologies Corporation - Common Shares,nasdaq
SANM,Sanmina Corporation - Common Stock,nasdaq
SARK,Tradr 1X Short Innovation Daily ETF,nasdaq
SATA,"Strive, Inc. - Variable Rate Series A Perpetual Preferred Stock",nasdaq
SATG,Leverage Shares 2X Long SATS Daily ETF,nasdaq
SATL,Satellogic Inc. - Class A Common Stock,nasdaq
SATLW,Satellogic Inc. - Warrant,nasdaq
SATS,EchoStar Corporation - Common stock,nasdaq
SBAC,SBA Communications Corporation - Class A Common Stock,nasdaq
SBC,SBC Medical Group Holdings Incorporated - Common Stock,nasdaq
SBCF,Seacoast Banking Corporation of Florida - Common Stock,nasdaq
SBCWW,SBC Medical Group Holdings Incorporated - Warrants,nasdaq
SBET,"Sharplink, Inc. - Common Stock",nasdaq
SBFG,"SB Financial Group, Inc. - Common Stock",nasdaq
SBFM,Sunshine Biopharma Inc. - Common stock,nasdaq
SBFMW,Sunshine Biopharma Inc. - Warrant,nasdaq
SBGI,"Sinclair, Inc. - Class A Common Stock",nasdaq
SBLK,Star Bulk Carriers Corp. - Common Shares,nasdaq
SBLX,"StableX Technologies, Inc. - Common Stock",nasdaq
SBRA,"Sabra Health Care REIT, Inc. - Common Stock",nasdaq
SBU,Leverage Shares 2X Long SBUX Daily ETF,nasdaq
SBUX,Starbucks Corporation - Common Stock,nasdaq
SCAG,Scage Future - American Depositary Shares,nasdaq
SCAGW,Scage Future - Warrants,nasdaq
SCDS,JPMorgan Fundamental Data Science Small Core ETF,nasdaq
SCHL,Scholastic Corporation - Common Stock,nasdaq
SCII,SC II Acquisition Corp. - Class A ordinary share,nasdaq
SCIIR,SC II Acquisition Corp. - Rights,nasdaq
SCIIU,SC II Acquisition Corp. - Units,nasdaq
SCKT,"Socket Mobile, Inc. - Common Stock",nasdaq
SCLS,Stoneport Advisors Commodity Long Short ETF,nasdaq
SCLX,Scilex Holding Company - Common Stock,nasdaq
SCLXW,Scilex Holding Company - Warrant,nasdaq
SCNI,Scinai Immunotherapeutics Ltd. - American Depositary Shares,nasdaq
SCNX,"Scienture Holdings, Inc. - Common Stock",nasdaq
SCOR,"comScore, Inc. - Common Stock",nasdaq
SCPQ,Social Commerce Partners Corporation - Class A Ordinary Shares,nasdaq
SCPQU,Social Commerce Partners Corporation - Unit,nasdaq
SCPQW,Social Commerce Partners Corporation - Warrant,nasdaq
SCSC,"ScanSource, Inc. - Common Stock",nasdaq
SCVL,"Shoe Carnival, Inc. - Common Stock",nasdaq
SCWO,374Water Inc. - common stock,nasdaq
SCYX,"SCYNEXIS, Inc. - Common Stock",nasdaq
SCZ,iShares MSCI EAFE Small-Cap ETF,nasdaq
SCZM,Santacruz Silver Mining Ltd. - Common Shares,nasdaq
SDA,SunCar Technology Group Inc. - Ordinary Shares,nasdaq
SDAWW,SunCar Technology Group Inc. - Warrant,nasdaq
SDG,iShares MSCI Global Sustainable Development Goals ETF,nasdaq
SDGR,"Schrodinger, Inc. - Common Stock",nasdaq
SDHI,Siddhi Acquisition Corp - Class A Common stock,nasdaq
SDHIR,Siddhi Acquisition Corp - Right,nasdaq
SDHIU,Siddhi Acquisition Corp - Unit,nasdaq
SDM,Smart Digital Group Limited - Ordinary Shares,nasdaq
SDOT,Sadot Group Inc. - Common Stock,nasdaq
SDSI,American Century Short Duration Strategic Income ETF,nasdaq
SDST,Stardust Power Inc. - Common Stock,nasdaq
SDSTW,Stardust Power Inc. - Warrant,nasdaq
SDTY,YieldMax S&P 500 0DTE Covered Call Strategy ETF,nasdaq
SDVY,First Trust SMID Cap Rising Dividend Achievers ETF,nasdaq
SEAT,Vivid Seats Inc. - Class A common stock,nasdaq
SEATW,Vivid Seats Inc. - Warrant,nasdaq
SEDG,"SolarEdge Technologies, Inc. - Common Stock",nasdaq
SEED,Origin Agritech Limited - Ordinary Shares,nasdaq
SEEM,SEI Select Emerging Markets Equity ETF,nasdaq
SEER,"Seer, Inc. - Class A Common Stock",nasdaq
SEGG,Sports Entertainment Gaming Global Corporation  - Common Stock,nasdaq
SEIC,SEI Investments Company - Common Stock,nasdaq
SEIE,SEI Select International Equity ETF,nasdaq
SEIS,SEI Select Small Cap ETF,nasdaq
SELF,"Global Self Storage, Inc. - Common Stock",nasdaq
SELX,Semilux International Ltd. - Ordinary Shares,nasdaq
SEMY,GraniteShares YieldBOOST Semiconductor ETF,nasdaq
SENEA,Seneca Foods Corp. - Class A Common Stock,nasdaq
SENEB,Seneca Foods Corp. - Class B Common Stock,nasdaq
SENS,"Senseonics Holdings, Inc. - Common Stock",nasdaq
SEPN,"Septerna, Inc. - Common Stock",nasdaq
SERA,"Sera Prognostics, Inc. - Class A Common Stock",nasdaq
SERV,Serve Robotics Inc. - Common Stock,nasdaq
SETM,Sprott Critical Materials ETF,nasdaq
SEV,Aptera Motors Corp. - Class B Common Stock,nasdaq
SEVN,Seven Hills Realty Trust  - Common Stock,nasdaq
SEZL,Sezzle Inc. - Common Stock,nasdaq
SFBC,"Sound Financial Bancorp, Inc. - Common Stock",nasdaq
SFD,"Smithfield Foods, Inc. - Common Stock",nasdaq
SFHG,Samfine Creation Holdings Group Limited - Class A Ordinary Share,nasdaq
SFIX,"Stitch Fix, Inc. - Class A Common Stock",nasdaq
SFLO,VictoryShares Small Cap Free Cash Flow ETF,nasdaq
SFM,"Sprouts Farmers Market, Inc. - Common Stock",nasdaq
SFNC,Simmons First National Corporation - Common Stock,nasdaq
SFST,"Southern First Bancshares, Inc. - Common Stock",nasdaq
SFWL,Shengfeng Development Limited - Class A Ordinary Shares,nasdaq
SGA,"Saga Communications, Inc. - Class A Common Stock",nasdaq
SGC,"Superior Group of Companies, Inc. - Common Stock",nasdaq
SGHT,"Sight Sciences, Inc. - Common Stock",nasdaq
SGLY,Singularity Future Technology Ltd. - Common Stock,nasdaq
SGML,Sigma Lithium Corporation - common shares,nasdaq
SGMO,"Sangamo Therapeutics, Inc. - Common Stock",nasdaq
SGMT,Sagimet Biosciences Inc. - Series A Common Stock,nasdaq
SGP,"SpyGlass Pharma, Inc. - Common Stock",nasdaq
SGRP,"SPAR Group, Inc. - Common Stock",nasdaq
SGRY,"Surgery Partners, Inc. - Common Stock",nasdaq
SHAZ,"SharonAI Holdings, Inc. - Class A Common Stock",nasdaq
SHBI,"Shore Bancshares, Inc. - Common Stock",nasdaq
SHC,Sotera Health Company - Common Stock,nasdaq
SHEN,Shenandoah Telecommunications Co - Common Stock,nasdaq
SHFS,"SHF Holdings, Inc. - Class A Common Stock",nasdaq
SHFSW,"SHF Holdings, Inc. - Warrants",nasdaq
SHIM,Shimmick Corporation - Common Stock,nasdaq
SHIP,Seanergy Maritime Holdings Corp. - Common Stock,nasdaq
SHLS,"Shoals Technologies Group, Inc. - Class A Common Stock",nasdaq
SHMD,SCHMID Group N.V. - Class A Ordinary Shares,nasdaq
SHMDW,SCHMID Group N.V. - Warrants,nasdaq
SHOO,"Steven Madden, Ltd. - Common Stock",nasdaq
SHOP,Shopify Inc. - Class A Subordinate Voting Shares,nasdaq
SHPD,Direxion Daily SHOP Bear 1X ETF,nasdaq
SHPH,"Shuttle Pharmaceuticals Holdings, Inc. - common stock",nasdaq
SHPU,Direxion Daily SHOP Bull 2X ETF,nasdaq
SHRY,First Trust Bloomberg Shareholder Yield ETF,nasdaq
SHY,iShares 1-3 Year Treasury Bond ETF,nasdaq
SIBN,"SI-BONE, Inc. - Common Stock",nasdaq
SIDU,"Sidus Space, Inc. - Class A Common Stock",nasdaq
SIEB,Siebert Financial Corp. - Common Stock,nasdaq
SIFY,Sify Technologies Limited - American Depository Shares,nasdaq
SIGA,SIGA Technologies Inc. - Common Stock,nasdaq
SIGI,"Selective Insurance Group, Inc. - Common Stock",nasdaq
SIGIP,"Selective Insurance Group, Inc. - Depositary Shares, each representing a 1/1,000th interest in a share of 4.60% Non-Cumulative Preferred Stock, Series B",nasdaq
SILC,Silicom Ltd - Ordinary Shares,nasdaq
SILO,"Silo Pharma, Inc. - Common Stock",nasdaq
SIMA,SIM Acquisition Corp. I - Class A Ordinary Shares,nasdaq
SIMAU,SIM Acquisition Corp. I - Unit,nasdaq
SIMAW,SIM Acquisition Corp. I - Warrant,nasdaq
SIMO,"Silicon Motion Technology Corporation - American Depositary Shares, each representing four ordinary shares",nasdaq
SINT,"SiNtx Technologies, Inc. - Common Stock",nasdaq
SION,"Sionna Therapeutics, Inc. - Common Stock",nasdaq
SIRI,SiriusXM Holdings Inc. - Common Stock,nasdaq
SITM,SiTime Corporation - Common Stock,nasdaq
SIXG,Defiance Connective Technologies ETF,nasdaq
SJ,Scienjoy Holding Corporation - Class A Ordinary Shares,nasdaq
SJCP,SanJac Alpha Core Plus Bond ETF,nasdaq
SJLD,SanJac Alpha Low Duration ETF,nasdaq
SKBL,Skyline Builders Group Holding Limited - Class A Ordinary Shares,nasdaq
SKIN,The Beauty Health Company - Class A Common Stock,nasdaq
SKK,SKK Holdings Limited - Class A Ordinary Shares,nasdaq
SKOR,FlexShares Credit-Scored US Corporate Bond Index Fund,nasdaq
SKRE,Tuttle Capital Daily 2X Inverse Regional Banks ETF,nasdaq
SKWD,"Skyward Specialty Insurance Group, Inc. - Common Stock",nasdaq
SKYE,"Skye Bioscience, Inc. - Common Stock",nasdaq
SKYQ,Sky Quarry Inc. - Common Stock,nasdaq
SKYT,"SkyWater Technology, Inc. - Common Stock",nasdaq
SKYU,ProShares Ultra Cloud Computing,nasdaq
SKYW,"SkyWest, Inc. - Common Stock",nasdaq
SKYX,SKYX Platforms Corp. - Common Stock,nasdaq
SKYY,First Trust Cloud Computing ETF,nasdaq
SLAB,"Silicon Laboratories, Inc. - Common Stock",nasdaq
SLDB,Solid Biosciences Inc. - Common Stock,nasdaq
SLDE,"Slide Insurance Holdings, Inc. - Common Stock",nasdaq
SLDP,"Solid Power, Inc. - Class A Common Stock",nasdaq
SLDPW,"Solid Power, Inc. - Warrant",nasdaq
SLE,"Super League Enterprise, Inc. - Common Stock",nasdaq
SLGB,Smart Logistics Global Limited - Ordinary Shares,nasdaq
SLGL,Sol-Gel Technologies Ltd. - Ordinary Shares,nasdaq
SLM,SLM Corporation - Common Stock,nasdaq
SLMBP,"SLM Corporation - Floating Rate Non-Cumulative Preferred Stock, Series B",nasdaq
SLMT,Brera Holdings PLC - Class B Ordinary Shares,nasdaq
SLN,Silence Therapeutics Plc - American Depository Share,nasdaq
SLNG,"Stabilis Solutions, Inc. - Common Stock",nasdaq
SLNH,"Soluna Holdings, Inc. - Common Stock",nasdaq
SLNHP,"Soluna Holdings, Inc. - 9.0% Series A Cumulative Perpetual Preferred Stock",nasdaq
SLNO,"Soleno Therapeutics, Inc. - Common Stock",nasdaq
SLP,"Simulations Plus, Inc. - Common Stock",nasdaq
SLQD,iShares 0-5 Year Investment Grade Corporate Bond ETF,nasdaq
SLRC,SLR Investment Corp. - Closed End Fund,nasdaq
SLS,"SELLAS Life Sciences Group, Inc.  - Common Stock",nasdaq
SLSN,"Solesence, Inc. - Common stock",nasdaq
SLVO,"ETRACS Silver Shares Covered Call ETNs due April 21, 2033",nasdaq
SLVR,Sprott Silver Miners & Physical Silver ETF,nasdaq
SLXN,Silexion Therapeutics Corp - Ordinary Shares,nasdaq
SLXNW,Silexion Therapeutics Corp - Warrant,nasdaq
SMBC,"Southern Missouri Bancorp, Inc. - Common Stock",nasdaq
SMCF,Themes US Small Cap Cash Flow Champions ETF,nasdaq
SMCI,"Super Micro Computer, Inc. - Common Stock",nasdaq
SMCL,GraniteShares 2x Long SMCI Daily ETF,nasdaq
SMCO,Hilton Small-MidCap Opportunity ETF,nasdaq
SMCX,Defiance Daily Target 2X Long SMCI ETF,nasdaq
SMCZ,Defiance Daily Target 2X Short SMCI ETF,nasdaq
SMH,VanEck Semiconductor ETF,nasdaq
SMHX,VanEck Fabless Semiconductor ETF,nasdaq
SMID,Smith-Midland Corporation - Common Stock,nasdaq
SMMT,Summit Therapeutics Inc.  - Common Stock,nasdaq
SMOM,Symmetry Panoramic Sector Momentum ETF,nasdaq
SMPL,The Simply Good Foods Company - Common Stock,nasdaq
SMRI,Bushido Capital US Equity ETF,nasdaq
SMSI,"Smith Micro Software, Inc. - Common Stock",nasdaq
SMST,Defiance Daily Target 2x Short MSTR ETF,nasdaq
SMTC,Semtech Corporation - Common Stock,nasdaq
SMTI,Sanara MedTech Inc. - Common Stock,nasdaq
SMTK,"SmartKem, Inc. - Common Stock",nasdaq
SMX,SMX (Security Matters) Public Limited Company - Ordinary Shares,nasdaq
SMXT,Solarmax Technology Inc. - Common Stock,nasdaq
SMXWW,SMX (Security Matters) Public Limited Company - Warrant,nasdaq
SMYY,GraniteShares YieldBOOST SMCI ETF,nasdaq
SNAG,Leverage Shares 2x Long SNAP Daily ETF,nasdaq
SNAL,"Snail, Inc. - Class A Common Stock",nasdaq
SNBR,Sleep Number Corporation - Common Stock,nasdaq
SNCY,"Sun Country Airlines Holdings, Inc. - Common Stock",nasdaq
SND,"Smart Sand, Inc. - Common Stock",nasdaq
SNDK,Sandisk Corporation - Common Stock,nasdaq
SNDL,SNDL Inc. - Common Shares,nasdaq
SNDX,"Syndax Pharmaceuticals, Inc. - Common Stock",nasdaq
SNES,"SenesTech, Inc. - Common Stock",nasdaq
SNEX,StoneX Group Inc. - Common Stock,nasdaq
SNFCA,Security National Financial Corporation - Class A Common Stock,nasdaq
SNGX,"Soligenix, Inc. - Common Stock",nasdaq
SNOA,"Sonoma Pharmaceuticals, Inc. - Common Stock",nasdaq
SNPS,"Synopsys, Inc. - Common Stock",nasdaq
SNSE,"Sensei Biotherapeutics, Inc. - Common Stock",nasdaq
SNSR,Global X Internet of Things ETF,nasdaq
SNT,Senstar Technologies Corporation - Common Shares,nasdaq
SNTG,Sentage Holdings Inc. - Class A Ordinary Shares,nasdaq
SNTI,"Senti Biosciences, Inc.  - Common Stock",nasdaq
SNWV,"SANUWAVE Health, Inc. - Common Stock",nasdaq
SNY,Sanofi - American Depositary Shares,nasdaq
SNYR,Synergy CHC Corp. - Common Stock,nasdaq
SOBR,"SOBR Safe, Inc. - Common Stock",nasdaq
SOCA,Solarius Capital Acquisition Corp. - Class A Ordinary Share,nasdaq
SOCAU,Solarius Capital Acquisition Corp. - Units,nasdaq
SOCAW,Solarius Capital Acquisition Corp. - Warrant,nasdaq
SOCL,Global X Social Media ETF,nasdaq
SOFA,Direxion Daily SOFI Bull 2X ETF,nasdaq
SOFI,"SoFi Technologies, Inc.  - Common Stock",nasdaq
SOFX,Defiance Daily Target 2X Long SOFI ETF,nasdaq
SOGP,Sound Group Inc. - American Depositary Shares,nasdaq
SOHOB,Sotherly Hotels Inc. - 8.0% Series B Cumulative Redeemable Perpetual Preferred Stock,nasdaq
SOHON,Sotherly Hotels Inc. - 8.25% Series D Cumulative Redeemable Perpetual Preferred Stock,nasdaq
SOHOO,Sotherly Hotels Inc. - 7.875% Series C Cumulative Redeemable Perpetual Preferred Stock,nasdaq
SOHU,Sohu.com Limited  - American Depositary Shares,nasdaq
SOLC,Canary Marinade Solana ETF,nasdaq
SOLS,Solstice Advanced Materials Inc. - Common Stock,nasdaq
SOLT,2x Solana ETF,nasdaq
SOLZ,Solana ETF,nasdaq
SONM,"DNA X, Inc. - Common Stock",nasdaq
SONO,"Sonos, Inc. - Common Stock",nasdaq
SOPA,Society Pass Incorporated - Common Stock,nasdaq
SOPH,SOPHiA GENETICS SA - Ordinary Shares,nasdaq
SORA,AsiaStrategy - Ordinary Shares,nasdaq
SORN,Soren Acquisition Corp. - Class A Ordinary Shares,nasdaq
SORNU,Soren Acquisition Corp. - Unit,nasdaq
SORNW,Soren Acquisition Corp. - Warrant,nasdaq
SOTK,Sono-Tek Corporation - Common Stock,nasdaq
SOUN,"SoundHound AI, Inc. - Class A Common Stock",nasdaq
SOUNW,"SoundHound AI, Inc. - Warrant",nasdaq
SOUX,Defiance Daily Target 2X Long SOUN ETF,nasdaq
SOWG,Sow Good Inc. - Common Stock,nasdaq
SOXQ,Invesco PHLX Semiconductor ETF,nasdaq
SOXX,iShares PHLX SOX Semiconductor Sector Index Fund,nasdaq
SPAI,Safe Pro Group Inc. - Common Stock,nasdaq
SPAM,Themes Cybersecurity ETF,nasdaq
SPAQ,Horizon Kinetics SPAC Active ETF,nasdaq
SPBC,Simplify US Equity PLUS Bitcoin Strategy ETF,nasdaq
SPCB,"SuperCom, Ltd. - Ordinary Shares",nasdaq
SPCT,Liberty One Spectrum ETF,nasdaq
SPCX,SPAC and New Issue ETF,nasdaq
SPEG,Silver Pegasus Acquisition Corp - Class A Ordinary Shares,nasdaq
SPEGR,Silver Pegasus Acquisition Corp - Rights,nasdaq
SPEGU,Silver Pegasus Acquisition Corp - Unit,nasdaq
SPFI,"South Plains Financial, Inc. - Common Stock",nasdaq
SPHL,Springview Holdings Ltd - Ordinary shares,nasdaq
SPIT,F/m Emerald Special Situations ETF,nasdaq
SPKL,Spark I Acquisition Corp. - Class A Ordinary Share,nasdaq
SPKLU,Spark I Acquisition Corp. - Unit,nasdaq
SPKLW,Spark I Acquisition Corp. - Warrant,nasdaq
SPOG,Leverage Shares 2X Long SPOT Daily ETF,nasdaq
SPOK,"Spok Holdings, Inc. - Common Stock",nasdaq
SPPL,SIMPPLE LTD. - Ordinary Shares,nasdaq
SPRB,"Spruce Biosciences, Inc. - Common Stock",nasdaq
SPRC,SciSparc Ltd. - Ordinary Shares,nasdaq
SPRO,"Spero Therapeutics, Inc. - Common Stock",nasdaq
SPRX,Spear Alpha ETF,nasdaq
SPRY,"ARS Pharmaceuticals, Inc. - Common Stock",nasdaq
SPSC,"SPS Commerce, Inc. - Common Stock",nasdaq
SPT,"Sprout Social, Inc - Class A Common Stock",nasdaq
SPWH,"Sportsman's Warehouse Holdings, Inc. - Common Stock",nasdaq
SPWR,SunPower Inc. - Common Stock,nasdaq
SPWRW,SunPower Inc. - Warrant,nasdaq
SPXD,Xtrackers S&P 500 Diversified Sector Weight ETF,nasdaq
SPYQ,Tradr 2X Long SPY Quarterly ETF,nasdaq
SQFT,"Presidio Property Trust, Inc. - Class A Common Stock",nasdaq
SQFTP,"Presidio Property Trust, Inc. - 9.375% Series D Cumulative Redeemable Perpetual Preferred Stock, $0.01 par value per share",nasdaq
SQFTW,"Presidio Property Trust, Inc. - Series A Common Stock Purchase Warrants",nasdaq
SQLV,Royce Quant Small-Cap Quality Value ETF,nasdaq
SQQQ,ProShares UltraPro Short QQQ,nasdaq
SQS,Sapient Quality Select ETF,nasdaq
SRAD,Sportradar Group AG - Class A Ordinary Shares,nasdaq
SRBK,"SR Bancorp, Inc. - Common stock",nasdaq
SRCE,1st Source Corporation - Common Stock,nasdaq
SRET,Global X SuperDividend REIT ETF,nasdaq
SRPT,"Sarepta Therapeutics, Inc. - Common Stock",nasdaq
SRRK,Scholar Rock Holding Corporation - Common Stock,nasdaq
SRTA,"Strata Critical Medical, Inc. - Class A Common Stock",nasdaq
SRTAW,"Strata Critical Medical, Inc. - Warrants",nasdaq
SRTS,"Sensus Healthcare, Inc. - Common Stock",nasdaq
SRZN,"Surrozen, Inc. - Common Stock",nasdaq
SRZNW,"Surrozen, Inc. - Warrant",nasdaq
SSAC,SPACSphere Acquisition Corp. - Class A Ordinary Shares,nasdaq
SSACR,SPACSphere Acquisition Corp. - Rights,nasdaq
SSACU,SPACSphere Acquisition Corp. - Unit,nasdaq
SSACW,SPACSphere Acquisition Corp. - Warrant,nasdaq
SSBI,Summit State Bank - Common Stock,nasdaq
SSEA,Starry Sea Acquisition Corp - Ordinary Shares,nasdaq
SSEAR,Starry Sea Acquisition Corp - Rights,nasdaq
SSEAU,Starry Sea Acquisition Corp - Unit,nasdaq
SSII,SS Innovations International Inc. - Common Stock,nasdaq
SSM,Sono Group N.V. - Ordinary Shares,nasdaq
SSNC,"SS&C Technologies Holdings, Inc. - Common Stock",nasdaq
SSP,E.W. Scripps Company (The) - Class A Common Stock,nasdaq
SSRM,SSR Mining Inc. - Common Stock,nasdaq
SSS,CYBER HORNET S&P 500 and Solana 75/25 Strategy ETF,nasdaq
SSSS,SuRo Capital Corp. - Closed End Fund,nasdaq
SSSSL,SuRo Capital Corp. - 6.00% Notes due 2026,nasdaq
SSTI,"SoundThinking, Inc. - Common Stock",nasdaq
SSYS,"Stratasys, Ltd. - Common Stock",nasdaq
STAA,STAAR Surgical Company - Common Stock,nasdaq
STAK,STAK Inc. - Class A Ordinary Shares,nasdaq
STBA,"S&T Bancorp, Inc. - Common Stock",nasdaq
STEP,StepStone Group Inc. - Class A Common Stock,nasdaq
STEX,Streamex Corp. - Common Stock,nasdaq
STFS,Star Fashion Culture Holdings Limited - Class A Ordinary Shares,nasdaq
STGW,Stagwell Inc. - Class A Common Stock,nasdaq
STHO,Star Holdings - Shares of Beneficial Interest,nasdaq
STI,"Solidion Technology, Inc. - Common Stock",nasdaq
STIM,"Neuronetics, Inc. - Common Stock",nasdaq
STKE,Sol Strategies Inc. - Common Shares,nasdaq
STKH,Steakholder Foods Ltd. - American Depositary Shares,nasdaq
STKL,"SunOpta, Inc. - Common Stock",nasdaq
STKS,"The ONE Group Hospitality, Inc. - Common Stock",nasdaq
STLD,"Steel Dynamics, Inc. - Common Stock",nasdaq
STNC,Hennessy Sustainable ETF,nasdaq
STNE,StoneCo Ltd. - Class A Common Share,nasdaq
STOK,"Stoke Therapeutics, Inc. - Common Stock",nasdaq
STRA,"Strategic Education, Inc. - Common Stock",nasdaq
STRC,Strategy Inc - Variable Rate Series A Perpetual Stretch Preferred Stock,nasdaq
STRD,Strategy Inc - 10.00% Series A Perpetual Stride Preferred Stock,nasdaq
STRF,Strategy Inc - 10.00% Series A Perpetual Strife Preferred Stock,nasdaq
STRK,Strategy Inc - 8.00% Series A Perpetual Strike Preferred Stock,nasdaq
STRL,"Sterling Infrastructure, Inc. - Common Stock",nasdaq
STRO,"Sutro Biopharma, Inc. - Common Stock",nasdaq
STRR,"Star Equity Holdings, Inc. - Common Stock",nasdaq
STRRP,"Star Equity Holdings, Inc. - 10% Series A Cumulative Perpetual Preferred Stock",nasdaq
STRS,Stratus Properties Inc. - Common Stock,nasdaq
STRT,STRATTEC SECURITY CORPORATION - Common Stock,nasdaq
STRZ,Starz Entertainment Corp. - Common Shares,nasdaq
STSS,Sharps Technology Inc. - Common Stock,nasdaq
STSSW,Sharps Technology Inc. - Warrant,nasdaq
STTK,"Shattuck Labs, Inc. - Common Stock",nasdaq
STX,Seagate Technology Holdings PLC - Ordinary Shares (Ireland),nasdaq
SUGP,SU Group Holdings Limited - Class A Ordinary Shares,nasdaq
SUIG,Sui Group Holdings Limited - Common Stock,nasdaq
SUIS,Canary Staked SUI ETF,nasdaq
SUMAU,SUMA Acquisition Corporation - Units,nasdaq
SUNE,"SUNation Energy, Inc. - Common Stock",nasdaq
SUNS,"Sunrise Realty Trust, Inc. - Common Stock",nasdaq
SUPN,"Supernus Pharmaceuticals, Inc. - Common Stock",nasdaq
SUPP,TCW Transform Supply Chain ETF,nasdaq
SUPX,SuperX AI Technology Limited - Ordinary Shares,nasdaq
SURG,"SurgePays, Inc. - Common Stock",nasdaq
SUSB,iShares ESG Aware 1-5 Year USD Corporate Bond ETF,nasdaq
SUSC,iShares ESG Aware USD Corporate Bond ETF,nasdaq
SUSL,iShares ESG MSCI USA Leaders ETF,nasdaq
SUUN,PowerBank Corporation - Common Stock,nasdaq
SVA,"Sinovac Biotech, Ltd. - Ordinary Shares (Antigua/Barbudo)",nasdaq
SVAC,Spring Valley Acquisition Corp. III - Class A Ordinary Shares,nasdaq
SVACU,Spring Valley Acquisition Corp. III - Unit,nasdaq
SVACW,Spring Valley Acquisition Corp. III - Warrant,nasdaq
SVAQ,Silicon Valley Acquisition Corp. - Class A Ordinary Shares,nasdaq
SVAQU,Silicon Valley Acquisition Corp. - Units,nasdaq
SVAQW,Silicon Valley Acquisition Corp. - Warrants,nasdaq
SVC,Service Properties Trust - Shares of Beneficial Interest,nasdaq
SVCC,Stellar V Capital Corp. - Class A Ordinary Shares,nasdaq
SVCCU,Stellar V Capital Corp. - Unit,nasdaq
SVCCW,Stellar V Capital Corp. - Warrant,nasdaq
SVCO,"Silvaco Group, Inc. - Common Stock",nasdaq
SVIV,Spring Valley Acquisition Corp. IV - Class A Ordinary Shares,nasdaq
SVIVU,Spring Valley Acquisition Corp. IV - Units,nasdaq
SVIVW,Spring Valley Acquisition Corp. IV - Warrants,nasdaq
SVRA,"Savara, Inc. - Common Stock",nasdaq
SVRE,SaverOne 2014 Ltd. - American Depositary Shares,nasdaq
SVREW,SaverOne 2014 Ltd. - Warrant,nasdaq
SVRN,OceanPal Inc. - Common Stock,nasdaq
SWAG,"Stran & Company, Inc. - Common Stock",nasdaq
SWAGW,"Stran & Company, Inc. - Warrant",nasdaq
SWBI,"Smith & Wesson Brands, Inc. - Common Stock",nasdaq
SWIM,"Latham Group, Inc. - Common Stock",nasdaq
SWKH,SWK Holdings Corporation - Common Stock,nasdaq
SWKHL,SWK Holdings Corporation - 9.00% Senior Notes due 2027,nasdaq
SWKS,"Skyworks Solutions, Inc. - Common Stock",nasdaq
SWMR,"Swarmer, Inc - common stock",nasdaq
SWP,SWP Growth & Income ETF,nasdaq
SWVL,Swvl Holdings Corp - Ordinary Shares,nasdaq
SWVLW,Swvl Holdings Corp - Warrant,nasdaq
SXTC,"China SXT Pharmaceuticals, Inc. - Common Stock",nasdaq
SXTP,"60 Degrees Pharmaceuticals, Inc. - Common Stock",nasdaq
SXTPW,"60 Degrees Pharmaceuticals, Inc. - Warrant",nasdaq
SY,So-Young International Inc. - American Depository Shares,nasdaq
SYBT,"Stock Yards Bancorp, Inc. - Common Stock",nasdaq
SYM,Symbotic Inc. - Class A Common Stock,nasdaq
SYNA,Synaptics Incorporated - Common Stock,nasdaq
SYPR,"Sypris Solutions, Inc. - Common Stock",nasdaq
SYRE,"Spyre Therapeutics, Inc. - Common Stock",nasdaq
SYZ,Lazard US Systematic Small Cap Equity ETF,nasdaq
SZZL,Sizzle Acquisition Corp. II - Class A ordinary shares,nasdaq
SZZLR,Sizzle Acquisition Corp. II - Right,nasdaq
SZZLU,Sizzle Acquisition Corp. II - Unit,nasdaq
TACH,Titan Acquisition Corp. - Class A Ordinary Shares,nasdaq
TACHU,Titan Acquisition Corp. - Units,nasdaq
TACHW,Titan Acquisition Corp. - Warrants,nasdaq
TACO,Berto Acquisition Corp. - Ordinary Shares,nasdaq
TACOU,Berto Acquisition Corp. - unit,nasdaq
TACOW,Berto Acquisition Corp. - Warrant,nasdaq
TACT,TransAct Technologies Incorporated - Common Stock,nasdaq
TALK,"Talkspace, Inc. - Common Stock",nasdaq
TALKW,"Talkspace, Inc. - Warrant",nasdaq
TANH,Tantech Holdings Ltd. - Class A Common Shares,nasdaq
TAOP,Taoping Inc. - Ordinary Shares,nasdaq
TAOX,Tao Synergies Inc. - Common Stock,nasdaq
TARA,"Protara Therapeutics, Inc.  - Common Stock",nasdaq
TARK,Tradr 2X Long Innovation ETF,nasdaq
TARS,"Tarsus Pharmaceuticals, Inc. - Common Stock",nasdaq
TASK,"TaskUs, Inc. - Class A Common Stock",nasdaq
TATT,TAT Technologies Ltd. - Ordinary Shares,nasdaq
TAVI,Tavia Acquisition Corp. - Ordinary Shares,nasdaq
TAVIR,Tavia Acquisition Corp. - Right,nasdaq
TAVIU,Tavia Acquisition Corp. - Unit,nasdaq
TAX,Cambria Tax Aware ETF,nasdaq
TAXE,Intermediate Municipal Income ETF,nasdaq
TAXI,Northern Trust Intermediate Tax-Exempt Bond ETF,nasdaq
TAXS,Northern Trust Short-Term Tax-Exempt Bond ETF,nasdaq
TAXT,Northern Trust Tax-Exempt Bond ETF,nasdaq
TAYD,"Taylor Devices, Inc. - Common Stock",nasdaq
TBBK,"The Bancorp, Inc. - Common Stock",nasdaq
TBCH,Turtle Beach Corporation - Common Stock,nasdaq
TBH,"Brag House Holdings, Inc. - Common Stock",nasdaq
TBHC,"The Brand House Collective, Inc - Common Stock",nasdaq
TBIL,F/m US Treasury 3 Month Bill Fund,nasdaq
TBLA,Taboola.com Ltd. - Ordinary Shares,nasdaq
TBLAW,Taboola.com Ltd. - Warrant,nasdaq
TBLD,Thornburg Income Builder Opportunities Trust - Closed End Fund,nasdaq
TBMC,Trailblazer Merger Corporation I - Class A Common Stock,nasdaq
TBMCR,Trailblazer Merger Corporation I - Rights,nasdaq
TBPH,"Theravance Biopharma, Inc. - Ordinary Shares",nasdaq
TBRG,"TruBridge, Inc. - Common Stock",nasdaq
TC,Token Cat Limited - American Depositary Shares,nasdaq
TCBI,"Texas Capital Bancshares, Inc. - Common Stock",nasdaq
TCBIO,"Texas Capital Bancshares, Inc. - Depositary Shares 5.75% Fixed Rate Non-Cumulative Perpetual Preferred Stock Series B",nasdaq
TCBK,TriCo Bancshares - Common Stock,nasdaq
TCBS,"Texas Community Bancshares, Inc. - Common Stock",nasdaq
TCHI,iShares MSCI China Multisector Tech ETF,nasdaq
TCMD,"Tactile Systems Technology, Inc. - Common Stock",nasdaq
TCOM,Trip.com Group Limited - American Depositary Shares,nasdaq
TCPC,BlackRock TCP Capital Corp. - Closed End Fund,nasdaq
TCRT,"Alaunos Therapeutics, Inc. - Common Stock",nasdaq
TCRX,"TScan Therapeutics, Inc. - Common Stock",nasdaq
TCX,Tucows Inc. - Common Stock,nasdaq
TDAC,Translational Development Acquisition Corp. - Ordinary Shares,nasdaq
TDACU,Translational Development Acquisition Corp. - Units,nasdaq
TDACW,Translational Development Acquisition Corp. - Warrants,nasdaq
TDI,Touchstone Dynamic International ETF,nasdaq
TDIC,Dreamland Limited - Class A Ordinary Shares,nasdaq
TDIV,First Trust NASDAQ Technology Dividend Index Fund,nasdaq
TDOG,21shares Dogecoin ETF,nasdaq
TDOT,21shares Polkadot ETF,nasdaq
TDSB,ETC Cabana Target Beta ETF,nasdaq
TDSC,ETC Cabana Target Drawdown 10 ETF,nasdaq
TDTH,Trident Digital Tech Holdings Ltd - American Depository Shares,nasdaq
TDUP,ThredUp Inc. - Class A Common Stock,nasdaq
TDWD,Tailwind 2.0 Acquisition Corp. - Class A Ordinary Shares,nasdaq
TDWDR,Tailwind 2.0 Acquisition Corp. - Rights,nasdaq
TDWDU,Tailwind 2.0 Acquisition Corp. - Unit,nasdaq
TEAD,Teads Holding Co. - Common Stock,nasdaq
TEAM,Atlassian Corporation  - Class A Common Stock,nasdaq
TECH,Bio-Techne Corp - Common Stock,nasdaq
TECX,"Tectonic Therapeutic, Inc. - Common Stock",nasdaq
TEKX,State Street Galaxy Transformative Tech Accelerators ETF,nasdaq
TEKY,Lazard Next Gen Technologies ETF,nasdaq
TELA,"TELA Bio, Inc. - Common stock",nasdaq
TELO,"Telomir Pharmaceuticals, Inc. - Common Stock",nasdaq
TEM,"Tempus AI, Inc. - Class A Common Stock",nasdaq
TENB,"Tenable Holdings, Inc. - Common Stock",nasdaq
TENX,"Tenax Therapeutics, Inc. - Common Stock",nasdaq
TER,"Teradyne, Inc. - Common Stock",nasdaq
TERG,Leverage Shares 2X Long TER Daily ETF,nasdaq
TERN,"Terns Pharmaceuticals, Inc. - Common Stock",nasdaq
TEXN,iShares Texas Equity ETF,nasdaq
TEXX,Horizon Kinetics Texas ETF,nasdaq
TFNS,T. Rowe Price Financials ETF,nasdaq
TFSL,TFS Financial Corporation - Common Stock,nasdaq
TGHL,The GrowHub Limited - Class A Ordinary Shares,nasdaq
TGL,Treasure Global Inc. - Common Stock,nasdaq
TGTX,"TG Therapeutics, Inc. - Common Stock",nasdaq
TH,Target Hospitality Corp. - Common Stock,nasdaq
THCH,TH International Limited - Ordinary shares,nasdaq
THFF,First Financial Corporation  - Common Stock,nasdaq
THH,TryHard Holdings Limited - Ordinary Shares,nasdaq
THMZ,Lazard Equity Megatrends ETF,nasdaq
THRM,Gentherm Inc - Common Stock,nasdaq
THRV,Prospera Income ETF,nasdaq
THRY,"Thryv Holdings, Inc. - Common Stock",nasdaq
THYM,T. Rowe Price High Income Municipal ETF,nasdaq
TIGO,Millicom International Cellular S.A. - Common Stock,nasdaq
TIGR,UP Fintech Holding Limited - American Depositary Shares representing fifteen Class A Ordinary Shares,nasdaq
TIL,"Instil Bio, Inc. - Common Stock",nasdaq
TILE,"Interface, Inc. - Common Stock",nasdaq
TIPT,Tiptree Inc. - Common Stock,nasdaq
TITN,Titan Machinery Inc. - Common Stock,nasdaq
TIVC,"Tivic Health Systems, Inc. - Common stock",nasdaq
TJGC,TJGC Group Limited - ordinary shares,nasdaq
TKLF,"Tokyo Lifestyle Co., Ltd. - American Depositary Shares",nasdaq
TKNO,"Alpha Teknova, Inc. - Common Stock",nasdaq
TLA,GraniteShares Autocallable TSLA ETF,nasdaq
TLF,"Tandy Leather Factory, Inc. - common stock",nasdaq
TLG,Touchstone Large Company Growth ETF,nasdaq
TLIH,Ten-League International Holdings Limited - Ordinary Shares,nasdaq
TLN,Talen Energy Corporation - Common Stock,nasdaq
TLNC,Talon Capital Corp. - Class A Ordinary Shares,nasdaq
TLNCU,Talon Capital Corp. - Units,nasdaq
TLNCW,Talon Capital Corp. - Warrants,nasdaq
TLPH,"Talphera, Inc. - Common Stock",nasdaq
TLRY,"Tilray Brands, Inc. - Common Stock",nasdaq
TLS,Telos Corporation - Common Stock,nasdaq
TLSA,Tiziana Life Sciences Ltd - Common Shares,nasdaq
TLSI,"TriSalus Life Sciences, Inc. - Common Stock",nasdaq
TLSIW,"TriSalus Life Sciences, Inc. - Warrant",nasdaq
TLT,iShares 20+ Year Treasury Bond ETF,nasdaq
TLX,Telix Pharmaceuticals Limited - American Depositary Shares,nasdaq
TMB,Thornburg Multi Sector Bond ETF,nasdaq
TMC,TMC the metals company Inc. - Common Stock,nasdaq
TMCI,"Treace Medical Concepts, Inc. - Common Stock",nasdaq
TMCWW,TMC the metals company Inc. - Warrant,nasdaq
TMDX,"TransMedics Group, Inc. - Common Stock",nasdaq
TMED,T. Rowe Price Health Care ETF,nasdaq
TMET,iShares Transition-Enabling Metals ETF,nasdaq
TMNL,T. Rowe Price Long Municipal Income ETF,nasdaq
TMNS,T. Rowe Price Short Municipal Income ETF,nasdaq
TMSF,T. Rowe Price Multi-Sector Income ETF,nasdaq
TMTSU,Spartacus Acquisition Corp. II - Unit,nasdaq
TMUS,"T-Mobile US, Inc. - Common Stock",nasdaq
TMUSI,"T-Mobile US, Inc. - 5.500% Senior Notes due June 2070",nasdaq
TMUSL,"T-Mobile US, Inc. - 6.250% Senior Notes due 2069",nasdaq
TMUSZ,"T-Mobile US, Inc. - 5.500% Senior Notes due March 2070",nasdaq
TNDM,"Tandem Diabetes Care, Inc. - Common Stock",nasdaq
TNGX,"Tango Therapeutics, Inc. - Common Stock",nasdaq
TNMG,TNL Mediagene - Ordinary Shares,nasdaq
TNON,"Tenon Medical, Inc. - Common Stock",nasdaq
TNONW,"Tenon Medical, Inc. - Warrant",nasdaq
TNXP,Tonix Pharmaceuticals Holding Corp. - Common Stock,nasdaq
TNXT,T. Rowe Price Innovation Leaders ETF,nasdaq
TNYA,"Tenaya Therapeutics, Inc. - Common Stock",nasdaq
TOI,"The Oncology Institute, Inc. - Common Stock",nasdaq
TOIIW,"The Oncology Institute, Inc. - Warrant",nasdaq
TOMZ,"TOMI Environmental Solutions, Inc. - Common Stock",nasdaq
TONX,TON Strategy Company - Common Stock,nasdaq
TOP,TOP Financial Group Limited - Class A Ordinary Shares,nasdaq
TORO,Toro Corp. - Common stock,nasdaq
TOUR,Tuniu Corporation - American Depositary Shares,nasdaq
TOWN,Towne Bank - Common Stock,nasdaq
TOYO,"TOYO Co., Ltd - Ordinary Shares",nasdaq
TPCS,TechPrecision Corporation - Common stock,nasdaq
TPG,TPG Inc. - Class A Common Stock,nasdaq
TPGXL,TPG Inc. - 6.950% Fixed-Rate Junior Subordinated Notes due 2064,nasdaq
TPLS,Thornburg Core Plus Bond ETF,nasdaq
TPST,"Tempest Therapeutics, Inc. - Common Stock",nasdaq
TQQQ,ProShares UltraPro QQQ,nasdaq
TQQY,GraniteShares YieldBOOST QQQ ETF,nasdaq
TRAW,"Traws Pharma, Inc. - Common Stock",nasdaq
TRBF,Angel Oak Total Return ETF,nasdaq
TRDA,"Entrada Therapeutics, Inc. - Common Stock",nasdaq
TREE,"LendingTree, Inc. - Common Stock",nasdaq
TRGSU,TRG Latin America Acquisitions Corp. - Units,nasdaq
TRI,Thomson Reuters Corp - Common Shares,nasdaq
TRIB,Trinity Biotech plc - American Depositary Shares,nasdaq
TRIN,Trinity Capital Inc. - Common Stock,nasdaq
TRINI,Trinity Capital Inc. - 7.875% Notes Due 2029,nasdaq
TRINZ,Trinity Capital Inc. - 7.875% Notes due 2029,nasdaq
TRIP,"TripAdvisor, Inc. - Common Stock",nasdaq
TRMB,Trimble Inc. - Common Stock,nasdaq
TRMD,TORM plc - Class A Common Stock,nasdaq
TRMK,Trustmark Corporation - Common Stock,nasdaq
TRNR,Interactive Strength Inc. - Common Stock,nasdaq
TRNS,"Transcat, Inc. - Common Stock",nasdaq
TRON,Tron Inc. - Common Stock,nasdaq
TROO,"TROOPS, Inc.  - Ordinary Shares",nasdaq
TROW,"T. Rowe Price Group, Inc. - Common Stock",nasdaq
TRS,TriMas Corporation - Common Stock,nasdaq
TRSG,Tungray Technologies Inc - Class A Ordinary Shares,nasdaq
TRST,TrustCo Bank Corp NY - Common Stock,nasdaq
TRUC,VanEck Communication Services TruSector ETF,nasdaq
TRUD,VanEck Consumer Discretionary TruSector ETF,nasdaq
TRUG,"TruGolf Holdings, Inc. - Class A Common Stock",nasdaq
TRUP,"Trupanion, Inc. - Common Stock",nasdaq
TRUT,VanEck Technology TruSector ETF,nasdaq
TRVG,trivago N.V. - American Depositary Shares,nasdaq
TRVI,"Trevi Therapeutics, Inc. - Common Stock",nasdaq
TSAT,Telesat Corporation - Class A Common Shares and Class B Variable Voting Shares,nasdaq
TSBK,"Timberland Bancorp, Inc. - Common Stock",nasdaq
TSCM,TimesSquare Quality Mid Cap Growth ETF,nasdaq
TSCO,Tractor Supply Company - Common Stock,nasdaq
TSDD,GraniteShares 2x Short TSLA Daily ETF,nasdaq
TSEL,Touchstone Sands Capital US Select Growth ETF,nasdaq
TSEM,Tower Semiconductor Ltd. - Ordinary Shares,nasdaq
TSHA,"Taysha Gene Therapies, Inc. - Common Stock",nasdaq
TSL,GraniteShares 1.25x Long TSLA Daily ETF,nasdaq
TSLA,"Tesla, Inc.  - Common Stock",nasdaq
TSLG,Leverage Shares 2X Long TSLA Daily ETF,nasdaq
TSLL,Direxion Daily TSLA Bull 2X ETF,nasdaq
TSLQ,Tradr 2X Short TSLA Daily ETF,nasdaq
TSLR,GraniteShares 2x Long TSLA Daily ETF,nasdaq
TSLS,Direxion Daily TSLA Bear 1X ETF,nasdaq
TSMG,Leverage Shares 2X Long TSM Daily ETF,nasdaq
TSMU,GraniteShares 2x Long TSM Daily ETF,nasdaq
TSMX,Direxion Daily TSM Bull 2X ETF,nasdaq
TSMZ,Direxion Daily TSM Bear 1X ETF,nasdaq
TSPY,TappAlpha SPY Growth & Daily Income ETF,nasdaq
TSSI,"TSS, Inc. - Common Stock",nasdaq
TSUI,21Shares Sui ETF,nasdaq
TSYX,TSPY Lift ETF,nasdaq
TSYY,GraniteShares YieldBOOST TSLA ETF,nasdaq
TTAN,"ServiceTitan, Inc. - Class A Common Stock",nasdaq
TTD,"The Trade Desk, Inc. - Class A Common Stock",nasdaq
TTEC,"TTEC Holdings, Inc. - Common Stock",nasdaq
TTEK,"Tetra Tech, Inc. - Common Stock",nasdaq
TTEQ,T. Rowe Price Technology ETF,nasdaq
TTGT,"TechTarget, Inc. - Common Stock",nasdaq
TTMI,"TTM Technologies, Inc. - Common Stock",nasdaq
TTRX,Turn Therapeutics Inc. - Common Stock,nasdaq
TTWO,"Take-Two Interactive Software, Inc. - Common Stock",nasdaq
TUG,STF Tactical Growth ETF,nasdaq
TUGN,STF Tactical Growth & Income ETF,nasdaq
TULP,"Bloomia Holdings, Inc. - Common Stock",nasdaq
TUR,iShares MSCI Turkey ETF,nasdaq
TURB,"Turbo Energy, S.A. - American Depositary Shares",nasdaq
TURF,T. Rowe Price Natural Resources ETF,nasdaq
TUSK,"Mammoth Energy Services, Inc. - Common Stock",nasdaq
TVA,Texas Ventures Acquisition III Corp - Class A Ordinary Share,nasdaq
TVACU,Texas Ventures Acquisition III Corp - Unit,nasdaq
TVACW,Texas Ventures Acquisition III Corp - Warrants,nasdaq
TVAI,Thayer Ventures Acquisition Corporation II - Class A Ordinary Shares,nasdaq
TVAIR,Thayer Ventures Acquisition Corporation II - Rights,nasdaq
TVAIU,Thayer Ventures Acquisition Corporation II - Unit,nasdaq
TVGN,Tevogen Bio Holdings Inc. - Common Stock,nasdaq
TVGNW,Tevogen Bio Holdings Inc. - Warrant,nasdaq
TVRD,"Tvardi Therapeutics, Inc. - Common Stock",nasdaq
TVTX,"Travere Therapeutics, Inc. - Common Stock",nasdaq
TW,Tradeweb Markets Inc. - Class A Common Stock,nasdaq
TWAV,"TaoWeave, Inc. - Common Stock",nasdaq
TWFG,"TWFG, Inc. - Common Stock",nasdaq
TWG,Top Wealth Group Holding Limited - Class A Ordinary Shares,nasdaq
TWIN,"Twin Disc, Incorporated - Common Stock",nasdaq
TWLV,Twelve Seas Investment Company III - Class A Ordinary Shares,nasdaq
TWLVR,Twelve Seas Investment Company III - Rights,nasdaq
TWLVU,Twelve Seas Investment Company III - Units,nasdaq
TWST,Twist Bioscience Corporation - Common Stock,nasdaq
TXG,"10x Genomics, Inc. - Common Stock",nasdaq
TXMD,"TherapeuticsMD, Inc. - Common Stock",nasdaq
TXN,Texas Instruments Incorporated - Common Stock,nasdaq
TXRH,"Texas Roadhouse, Inc. - Common Stock",nasdaq
TXUE,Thornburg International Equity ETF,nasdaq
TXUG,Thornburg International Growth Fund ETF,nasdaq
TXXD,21Shares 2x Long Dogecoin ETF,nasdaq
TXXS,21Shares 2x Long Sui ETF,nasdaq
TYGO,"Tigo Energy, Inc. - Common Stock",nasdaq
TYRA,"Tyra Biosciences, Inc. - Common Stock",nasdaq
TZOO,Travelzoo - Common Stock,nasdaq
UAE,iShares MSCI UAE ETF,nasdaq
UAL,"United Airlines Holdings, Inc. - Common Stock",nasdaq
UBCP,"United Bancorp, Inc. - Common Stock",nasdaq
UBFO,United Security Bancshares - Common Stock,nasdaq
UBND,VictoryShares Core Plus Bond ETF,nasdaq
UBRL,GraniteShares 2x Long UBER Daily ETF,nasdaq
UBSI,"United Bankshares, Inc. - Common Stock",nasdaq
UBXG,U-BX Technology Ltd. - Class A Ordinary Shares,nasdaq
UCAR,U Power Limited - Class A Ordinary Shares,nasdaq
UCFI,CN Healthy Food Tech Group Corp. - Common Stock,nasdaq
UCFIW,CN Healthy Food Tech Group Corp. - Warrant,nasdaq
UCL,uCloudlink Group Inc. - American Depositary Shares,nasdaq
UCRD,VictoryShares Corporate Bond ETF,nasdaq
UCTT,"Ultra Clean Holdings, Inc. - Common Stock",nasdaq
UCYB,ProShares Ultra Nasdaq Cybersecurity,nasdaq
UDMY,"Udemy, Inc. - Common Stock",nasdaq
UECG,Leverage Shares 2x Long UEC Daily ETF,nasdaq
UEIC,Universal Electronics Inc. - Common Stock,nasdaq
UEVM,VictoryShares Emerging Markets Value Momentum ETF,nasdaq
UFCS,"United Fire Group, Inc - Common Stock",nasdaq
UFG,Uni-Fuels Holdings Limited - Class A Ordinary Shares,nasdaq
UFIV,US Treasury 5 Year Note ETF,nasdaq
UFO,Procure Space ETF,nasdaq
UFPI,"UFP Industries, Inc. - Common Stock",nasdaq
UFPT,"UFP Technologies, Inc. - Common Stock",nasdaq
UG,"United-Guardian, Inc. - Common Stock",nasdaq
UGRO,"urban-gro, Inc. - Common Stock",nasdaq
UHG,"United Homes Group, Inc - Class A Common Stock",nasdaq
UHGWW,"United Homes Group, Inc - Warrant",nasdaq
UITB,VictoryShares Core Intermediate Bond ETF,nasdaq
UIVM,VictoryShares International Value Momentum ETF,nasdaq
UK,Ucommune International Ltd  - Ordinary Shares,nasdaq
ULBI,Ultralife Corporation - Common Stock,nasdaq
ULCC,"Frontier Group Holdings, Inc. - Common Stock",nasdaq
ULH,"Universal Logistics Holdings, Inc. - Common Stock",nasdaq
ULTA,"Ulta Beauty, Inc. - Common Stock",nasdaq
ULTI,REX IncomeMax Option Strategy ETF,nasdaq
ULVM,VictoryShares US Value Momentum ETF,nasdaq
UMBF,UMB Financial Corporation - Common Stock,nasdaq
UMBFO,"UMB Financial Corporation - Depositary Shares Each Representing a 1/400th Interest in a Share of 7.750% Fixed-Rate Reset Non-Cumulative Perpetual Preferred Stock, Series B",nasdaq
UMMA,Wahed Dow Jones Islamic World ETF,nasdaq
UNB,"Union Bankshares, Inc. - Common Stock",nasdaq
UNCY,"Unicycive Therapeutics, Inc. - Common Stock",nasdaq
UNHG,Leverage Shares 2X Long UNH Daily ETF,nasdaq
UNIT,Uniti Group Inc. - Common Stock,nasdaq
UNIY,WisdomTree Voya Yield Enhanced USD Universal Bond Fund,nasdaq
UNTY,"Unity Bancorp, Inc. - Common Stock",nasdaq
UONE,"Urban One, Inc.  - Class A Common Stock",nasdaq
UONEK,"Urban One, Inc.  - Class D Common Stock",nasdaq
UPB,"Upstream Bio, Inc. - Common Stock",nasdaq
UPBD,"Upbound Group, Inc. - Common Stock",nasdaq
UPC,Universe Pharmaceuticals Inc - Class A Ordinary Shares,nasdaq
UPGR,Xtrackers US Green Infrastructure Select Equity ETF,nasdaq
UPLD,"Upland Software, Inc. - Common Stock",nasdaq
UPSG,Leverage Shares 2X Long UPS Daily ETF,nasdaq
UPST,"Upstart Holdings, Inc. - Common stock",nasdaq
UPWK,Upwork Inc. - Common Stock,nasdaq
UPXI,"Upexi, Inc. - Common Stock",nasdaq
URBN,"Urban Outfitters, Inc. - Common Stock",nasdaq
URGN,UroGen Pharma Ltd. - Ordinary Shares,nasdaq
URNJ,Sprott Junior Uranium Miners ETF,nasdaq
UROY,Uranium Royalty Corp. - Common Stock,nasdaq
USAF,Atlas America Fund,nasdaq
USAR,"USA Rare Earth, Inc. - Common Stock",nasdaq
USAU,U.S. Gold Corp. - Common Stock,nasdaq
USCB,"USCB Financial Holdings, Inc.  - Class A Common Stock",nasdaq
USCL,iShares Climate Conscious & Transition MSCI USA ETF,nasdaq
USDX,SGI Enhanced Core ETF,nasdaq
USEA,United Maritime Corporation - Common Stock,nasdaq
USEG,U.S. Energy Corp. - Common Stock,nasdaq
USFI,BrandywineGLOBAL - U.S. Fixed Income ETF,nasdaq
USGG,Leverage Shares 2X Long USAR Daily ETF,nasdaq
USGO,U.S. GoldMining Inc. - Common stock,nasdaq
USGOW,U.S. GoldMining Inc. - Warrant,nasdaq
USIG,iShares Broad USD Investment Grade Corporate Bond ETF,nasdaq
USIN,WisdomTree 7-10 Year Laddered Treasury Fund,nasdaq
USIO,"Usio, Inc. - Common Stock",nasdaq
USLM,"United States Lime & Minerals, Inc. - Common Stock",nasdaq
USMC,Principal U.S. Mega-Cap ETF,nasdaq
USOI,"ETRACS Crude Oil Shares Covered Call ETNs due April 24, 2037",nasdaq
USOY,Defiance Oil Enhanced Options Income ETF,nasdaq
USRD,Themes US R&D Champions ETF,nasdaq
USSH,WisdomTree 1-3 Year Laddered Treasury Fund,nasdaq
USTB,VictoryShares Short-Term Bond ETF,nasdaq
USVM,VictoryShares US Small Mid Cap Value Momentum ETF,nasdaq
USVN,US Treasury 7 Year Note ETF,nasdaq
USXF,iShares ESG Advanced MSCI USA ETF,nasdaq
UTEN,US Treasury 10 Year Note ETF,nasdaq
UTHR,United Therapeutics Corporation - Common Stock,nasdaq
UTHY,US Treasury 30 Year Bond ETF,nasdaq
UTMD,"Utah Medical Products, Inc. - Common Stock",nasdaq
UTRE,US Treasury 3 Year Note ETF,nasdaq
UTSI,UTStarcom Holdings Corp - Ordinary Shares,nasdaq
UTWO,US Treasury 2 Year Note ETF,nasdaq
UTWY,US Treasury 20 Year Bond ETF,nasdaq
UUUG,Leverage Shares 2X Long UUUU Daily ETF,nasdaq
UVSP,Univest Financial Corporation - Common Stock,nasdaq
UXIN,Uxin Limited - American Depositary Shares,nasdaq
UYLD,Angel Oak UltraShort Income ETF,nasdaq
UYSC,UY Scuti Acquisition Corp. - Ordinary Shares,nasdaq
UYSCR,UY Scuti Acquisition Corp. - Rights,nasdaq
UYSCU,UY Scuti Acquisition Corp. - Units,nasdaq
VABK,Virginia National Bankshares Corporation - Common Stock,nasdaq
VACH,Voyager Acquisition Corp - Class A Ordinary Shares,nasdaq
VACHU,Voyager Acquisition Corp - Unit,nasdaq
VACHW,Voyager Acquisition Corp - Warrants,nasdaq
VALG,Leverage Shares 2X Long VALE Daily ETF,nasdaq
VALN,Valneva SE - American Depositary Shares,nasdaq
VALU,"Value Line, Inc. - Common Stock",nasdaq
VANI,"Vivani Medical, Inc.  - Common Stock",nasdaq
VAVX,VanEck Avalanche ETF,nasdaq
VBIL,Vanguard 0-3 Month Treasury Bill ETF,nasdaq
VBIX,Viewbix Inc. - Common Stock ,nasdaq
VBNK,VersaBank - Common Shares,nasdaq
VC,Visteon Corporation - Common Stock,nasdaq
VCEL,Vericel Corporation - Common Stock,nasdaq
VCIC,Vine Hill Capital Investment Corp. - Class A Ordinary Shares,nasdaq
VCICU,Vine Hill Capital Investment Corp. - Unit,nasdaq
VCICW,Vine Hill Capital Investment Corp. - Warrant,nasdaq
VCIG,VCI Global Limited - Ordinary Share,nasdaq
VCIT,Vanguard Intermediate-Term Corporate Bond ETF,nasdaq
VCLT,Vanguard Long-Term Corporate Bond ETF,nasdaq
VCRB,Vanguard Core Bond ETF,nasdaq
VCSH,Vanguard Short-Term Corporate Bond ETF,nasdaq
VCTR,"Victory Capital Holdings, Inc. - Common Stock",nasdaq
VCYT,"Veracyte, Inc. - Common Stock",nasdaq
VECO,Veeco Instruments Inc. - Common Stock,nasdaq
VEEA,Veea Inc. - Common Stock,nasdaq
VEEAW,Veea Inc. - Warrant,nasdaq
VEEE,Twin Vee PowerCats Co. - Common Stock,nasdaq
VELO,"Velo3D, Inc. - Common stock",nasdaq
VEON,VEON Ltd. - American Depositary Shares,nasdaq
VERA,"Vera Therapeutics, Inc. - Class A Common Stock",nasdaq
VERI,"Veritone, Inc. - Common Stock",nasdaq
VERU,Veru Inc. - Common Stock,nasdaq
VERX,"Vertex, Inc. - Class A Common Stock",nasdaq
VFF,"Village Farms International, Inc. - Common Shares",nasdaq
VFLO,VictoryShares Free Cash Flow ETF,nasdaq
VFS,VinFast Auto Ltd. - Ordinary Shares,nasdaq
VFSWW,VinFast Auto Ltd. - Warrant,nasdaq
VGAS,"Verde Clean Fuels, Inc. - Class A Common Stock",nasdaq
VGASW,"Verde Clean Fuels, Inc. - Warrant",nasdaq
VGIT,Vanguard Intermediate-Term Treasury ETF,nasdaq
VGLT,Vanguard Long-Term Treasury ETF,nasdaq
VGSH,Vanguard Short-Term Treasury ETF,nasdaq
VGSR,Vert Global Sustainable Real Estate ETF,nasdaq
VGUS,Vanguard Ultra-Short Treasury ETF,nasdaq
VHC,VirnetX Holding Corp - Common Stock,nasdaq
VHCP,Vine Hill Capital Investment Corp. II - Class A Ordinary Shares,nasdaq
VHCPU,Vine Hill Capital Investment Corp. II - Units,nasdaq
VHCPW,Vine Hill Capital Investment Corp. II - Warrants,nasdaq
VHUB,"VenHub Global, Inc. - Common Stock",nasdaq
VIASP,"Via Renewables, Inc. - 8.75% Series A Fixed-to-Floating Rate Cumulative Redeemable Perpetual Preferred Stock",nasdaq
VIAV,Viavi Solutions Inc. - Common Stock,nasdaq
VICR,Vicor Corporation - Common Stock,nasdaq
VIGI,Vanguard International Dividend Appreciation ETF,nasdaq
VINP,Vinci Compass Investments Ltd. - Class A Common Shares,nasdaq
VIOT,"Viomi Technology Co., Ltd - American Depositary Shares",nasdaq
VIR,"Vir Biotechnology, Inc. - Common Stock",nasdaq
VIRC,Virco Manufacturing Corporation - Common Stock,nasdaq
VISN,"Vistance Networks, Inc.  - Common Stock",nasdaq
VITL,"Vital Farms, Inc. - Common Stock",nasdaq
VIVO,VivoPower PLC - Ordinary Shares,nasdaq
VIVS,"VivoSim Labs, Inc. - Common Stock",nasdaq
VKTX,"Viking Therapeutics, Inc. - Common Stock",nasdaq
VLGEA,"Village Super Market, Inc. - Class A Common Stock",nasdaq
VLY,Valley National Bancorp - Common Stock,nasdaq
VLYPN,"Valley National Bancorp - 8.250% Fixed-Rate Reset Non-Cumulative Perpetual Preferred Stock, Series C",nasdaq
VLYPO,Valley National Bancorp - 5.5% Fixed to Floating Rate Series B Non-Cumulative Perpetual Preferred Stock,nasdaq
VLYPP,Valley National Bancorp - 6.25% Fixed-to-Floating Rate Series A Non-Cumulative Perpetual Preferred Stock,nasdaq
VMAR,Vision Marine Technologies Inc. - Common Shares,nasdaq
VMBS,Vanguard Mortgage-Backed Securities ETF,nasdaq
VMD,"Viemed Healthcare, Inc. - Common Shares",nasdaq
VMET,Versamet Royalties Corporation - Common Stock,nasdaq
VNCE,Vince Holding Corp. - Common Stock,nasdaq
VNDA,Vanda Pharmaceuticals Inc. - Common Stock,nasdaq
VNET,"VNET Group, Inc. - American Depositary Shares",nasdaq
VNME,Vendome Acquisition Corporation I - Class A Ordinary Shares,nasdaq
VNMEU,Vendome Acquisition Corporation I - Unit,nasdaq
VNMEW,Vendome Acquisition Corporation I - Warrant,nasdaq
VNOM,"Viper Energy, Inc.  - Class A Common Stock",nasdaq
VNQI,Vanguard Global ex-U.S. Real Estate ETF,nasdaq
VOD,Vodafone Group Plc - American Depositary Shares each representing ten Ordinary Shares,nasdaq
VOLT,Tema Electrification ETF,nasdaq
VONE,Vanguard Russell 1000 ETF,nasdaq
VONG,Vanguard Russell 1000 Growth ETF,nasdaq
VONV,Vanguard Russell 1000 Value ETF,nasdaq
VOR,Vor Biopharma Inc. - Common Stock,nasdaq
VOTE,TCW Transform 500 ETF,nasdaq
VOXR,Vox Royalty Corp. - common stock,nasdaq
VPLS,Vanguard Core Plus Bond ETF,nasdaq
VRA,"Vera Bradley, Inc. - Common Stock",nasdaq
VRAX,Virax Biolabs Group Limited - Ordinary Shares,nasdaq
VRCA,Verrica Pharmaceuticals Inc. - Common Stock,nasdaq
VRDN,"Viridian Therapeutics, Inc.  - Common Stock",nasdaq
VREX,Varex Imaging Corporation - Common Stock,nasdaq
VRIG,Invesco Variable Rate Investment Grade ETF,nasdaq
VRM,"Vroom, Inc. - Common Stock",nasdaq
VRME,"VerifyMe, Inc. - Common Stock",nasdaq
VRNS,"Varonis Systems, Inc. - Common Stock",nasdaq
VRRM,Verra Mobility Corporation - Class A Common Stock,nasdaq
VRSK,"Verisk Analytics, Inc. - Common Stock",nasdaq
VRSN,"VeriSign, Inc. - Common Stock",nasdaq
VRTL,GraniteShares 2x Long VRT Daily ETF,nasdaq
VRTX,Vertex Pharmaceuticals Incorporated - Common Stock,nasdaq
VS,Versus Systems Inc. - Common Stock,nasdaq
VSA,VisionSys AI Inc. - American Depositary Shares,nasdaq
VSAT,"ViaSat, Inc. - Common Stock",nasdaq
VSDA,VictoryShares Dividend Accelerator ETF,nasdaq
VSEC,VSE Corporation - Common Stock,nasdaq
VSECU,VSE Corporation - Tangible Equity Units,nasdaq
VSEE,"VSee Health, Inc. - Common Stock",nasdaq
VSEEW,"VSee Health, Inc. - Warrant",nasdaq
VSME,VS Media Holdings Limited - Class A Ordinary Shares,nasdaq
VSMV,VictoryShares US Multi-Factor Minimum Volatility ETF,nasdaq
VSNT,"Versant Media Group, Inc. - Class A Common Stock",nasdaq
VSOL,VanEck Solana ETF,nasdaq
VSTD,Vestand Inc.  - Class A Common Stock,nasdaq
VSTL,Defiance Daily Target 2X Long VST ETF,nasdaq
VSTM,"Verastem, Inc. - Common Stock",nasdaq
VTC,Vanguard Total Corporate Bond ETF,nasdaq
VTGN,"Vistagen Therapeutics, Inc. - Common Stock",nasdaq
VTHR,Vanguard Russell 3000 ETF,nasdaq
VTIP,Vanguard Short-Term Inflation-Protected Securities Index Fund ETF Shares,nasdaq
VTIX,Virtuix Holdings Inc. - Class A Common Stock,nasdaq
VTRS,Viatris Inc. - Common Stock,nasdaq
VTSI,"VirTra, Inc. - Common Stock",nasdaq
VTVT,vTv Therapeutics Inc. - Class A Common Stock,nasdaq
VTWG,Vanguard Russell 2000 Growth ETF,nasdaq
VTWO,Vanguard Russell 2000 ETF,nasdaq
VTWV,Vanguard Russell 2000 Value ETF,nasdaq
VUZI,Vuzix Corporation  - Common Stock,nasdaq
VVOS,"Vivos Therapeutics, Inc. - Common Stock",nasdaq
VWAV,"VisionWave Holdings, Inc. - Common Stock",nasdaq
VWAVW,"VisionWave Holdings, Inc. - Warrant",nasdaq
VWOB,Vanguard Emerging Markets Government Bond ETF,nasdaq
VXUS,Vanguard Total International Stock ETF,nasdaq
VYGR,"Voyager Therapeutics, Inc. - Common Stock",nasdaq
VYMI,Vanguard International High Dividend Yield ETF,nasdaq
VYNE,VYNE Therapeutics Inc. - Common Stock,nasdaq
WABC,Westamerica Bancorporation - Common Stock,nasdaq
WABF,Western Asset Bond ETF,nasdaq
WAFD,"WaFd, Inc. - Common Stock",nasdaq
WAFDP,"WaFd, Inc. - Depositary Shares",nasdaq
WAFU,Wah Fu Education Group Limited - Ordinary Shares,nasdaq
WAI,Top KingWin Ltd - Class A Ordinary Shares,nasdaq
WALD,Waldencast plc - Class A Ordinary Share,nasdaq
WALDW,Waldencast plc - Warrant,nasdaq
WAMA,WisdomTree US Adaptive Moving Average Fund,nasdaq
WASH,"Washington Trust Bancorp, Inc. - Common Stock",nasdaq
WATT,Energous Corporation - Common Stock,nasdaq
WAVE,Eco Wave Power Global AB (publ) - American Depositary Shares,nasdaq
WAY,Waystar Holding Corp. - Common Stock,nasdaq
WB,Weibo Corporation - American Depositary Shares,nasdaq
WBD,"Warner Bros. Discovery, Inc. - Series A Common Stock",nasdaq
WBTN,WEBTOON Entertainment Inc. - Common stock,nasdaq
WBUY,WEBUY GLOBAL LTD. - Class A Ordinary Shares,nasdaq
WCBR,WisdomTree Cybersecurity Fund,nasdaq
WCLD,WisdomTree Cloud Computing Fund,nasdaq
WCT,Wellchange Holdings Company Limited - Class A Ordinary shares,nasdaq
WDAF,WisdomTree Asia Defense Fund,nasdaq
WDAY,"Workday, Inc. - Class A Common Stock",nasdaq
WDC,Western Digital Corporation - Common Stock,nasdaq
WDFC,WD-40 Company - Common Stock,nasdaq
WDGF,WisdomTree Global Defense Fund,nasdaq
WEEI,Westwood Salient Enhanced Energy Income ETF,nasdaq
WEN,Wendy's Company (The) - Common Stock,nasdaq
WENN,Wen Acquisition Corp - Class A Ordinary Shares,nasdaq
WENNU,Wen Acquisition Corp - Unit,nasdaq
WENNW,Wen Acquisition Corp - Warrant,nasdaq
WERN,"Werner Enterprises, Inc. - Common Stock",nasdaq
WEST,Westrock Coffee Company - Common Stock,nasdaq
WETH,Wetouch Technology Inc. - Common Stock,nasdaq
WETO,Wetour Robotics Limited - Ordinary Shares,nasdaq
WEYS,"Weyco Group, Inc. - Common Stock",nasdaq
WFCF,"Where Food Comes From, Inc. - Common Stock",nasdaq
WFF,WF Holding Limited - Ordinary Shares,nasdaq
WFRD,Weatherford International plc - Ordinary shares,nasdaq
WGMI,CoinShares Bitcoin Mining ETF,nasdaq
WGRX,"Wellgistics Health, Inc. - Common Stock",nasdaq
WGS,GeneDx Holdings Corp. - Class A Common Stock,nasdaq
WGSWW,GeneDx Holdings Corp. - Warrant,nasdaq
WHF,"WhiteHorse Finance, Inc. - Closed End Fund",nasdaq
WHFCL,"WhiteHorse Finance, Inc. - 7.875% Notes due 2028",nasdaq
WHLR,"Wheeler Real Estate Investment Trust, Inc. - Common Stock",nasdaq
WHLRD,"Wheeler Real Estate Investment Trust, Inc. - Series D Cumulative Preferred Stock",nasdaq
WHLRL,"Wheeler Real Estate Investment Trust, Inc. - 7.00% Senior Subordinated Convertible Notes Due 2031",nasdaq
WHLRP,"Wheeler Real Estate Investment Trust, Inc. - Series B Preferred Stock",nasdaq
WHWK,"Whitehawk Therapeutics, Inc. - Common Stock",nasdaq
WILC,"G. Willi-Food International,  Ltd. - Ordinary Shares",nasdaq
WIMA,WisdomTree International Adaptive Moving Average Fund,nasdaq
WIMI,WiMi Hologram Cloud Inc. - Class B Ordinary Shares,nasdaq
WINA,Winmark Corporation - Common Stock,nasdaq
WING,Wingstop Inc. - Common Stock,nasdaq
WISE,Themes Generative Artificial Intelligence ETF,nasdaq
WIX,Wix.com Ltd. - Ordinary Shares,nasdaq
WKEY,WISeKey International Holding Ltd - American Depositary Shares,nasdaq
WKHS,"Workhorse Group, Inc. - Common Stock",nasdaq
WKSP,"Worksport, Ltd. - Common Stock",nasdaq
WLAC,Willow Lane Acquisition Corp. - Class A Ordinary Shares,nasdaq
WLACU,Willow Lane Acquisition Corp. - Unit,nasdaq
WLACW,Willow Lane Acquisition Corp. - Warrants,nasdaq
WLDN,"Willdan Group, Inc. - Common Stock",nasdaq
WLDS,Wearable Devices Ltd. - Ordinary Share,nasdaq
WLDSW,Wearable Devices Ltd. - Warrant,nasdaq
WLFC,Willis Lease Finance Corporation - Common Stock,nasdaq
WLIIU,Willow Lane Acquisition Corp. II - Unit,nasdaq
WLTH,Wealthfront Corporation - Common Stock,nasdaq
WMG,Warner Music Group Corp. - Class A Common Stock,nasdaq
WMT,Walmart Inc. - Common Stock,nasdaq
WNEB,"Western New England Bancorp, Inc. - Common Stock",nasdaq
WNW,Meiwu Technology Company Limited - Ordinary Shares,nasdaq
WOK,WORK Medical Technology Group LTD - Class A Ordinary Shares,nasdaq
WOOD,iShares Global Timber & Forestry ETF,nasdaq
WOOF,"Petco Health and Wellness Company, Inc. - Class A Common Stock",nasdaq
WORX,SCWorx Corp. - Common Stock,nasdaq
WPRT,Westport Fuel Systems Inc - Common Shares,nasdaq
WRAP,"Wrap Technologies, Inc. - Common Stock",nasdaq
WRD,WeRide Inc. - American Depositary Shares,nasdaq
WRLD,World Acceptance Corporation - Common Stock,nasdaq
WRND,NYLI Global Equity R&D Leaders ETF,nasdaq
WSBC,"WesBanco, Inc. - Common Stock",nasdaq
WSBCO,"WesBanco, Inc. - Depositary Shares each representing 1/40th interest in a share of 7.375% Fixed-Rate Reset Non-Cumulative Perpetual Preferred Stock, Series B",nasdaq
WSBF,"Waterstone Financial, Inc. - Common Stock",nasdaq
WSBK,"Winchester Bancorp, Inc. - Common Stock",nasdaq
WSC,WillScot Holdings Corporation - Class A Common Stock,nasdaq
WSFS,WSFS Financial Corporation - Common Stock,nasdaq
WSGE,Warren Street Global Equity ETF,nasdaq
WSHP,WeShop Holdings Limited - Class A Ordinary Shares,nasdaq
WSML,iShares MSCI World Small-Cap ETF,nasdaq
WSTN,Westin Acquisition Corp - Class A Ordinary Share,nasdaq
WSTNR,Westin Acquisition Corp - Right,nasdaq
WSTNU,Westin Acquisition Corp - Units,nasdaq
WTBA,West Bancorporation - Common Stock,nasdaq
WTBN,WisdomTree Bianco Total Return Fund,nasdaq
WTF,Waton Financial Limited - Ordinary Shares,nasdaq
WTFC,Wintrust Financial Corporation - Common Stock,nasdaq
WTFCN,"Wintrust Financial Corporation - Depositary Shares, Each Representing a 1/1,000th Interest in a Share of 7.875% Fixed-Rate Reset Non-Cumulative Perpetual Preferred Stock, Series F, no par value, with a liquidation preference of $25,000 per share",nasdaq
WTG,Wintergreen Acquisition Corp. - Ordinary Shares,nasdaq
WTGUR,Wintergreen Acquisition Corp. - Rights,nasdaq
WTGUU,Wintergreen Acquisition Corp. - Unit,nasdaq
WTIP,WisdomTree Inflation Plus Fund,nasdaq
WTMU,WisdomTree Core Laddered Municipal Fund,nasdaq
WTMY,WisdomTree High Income Laddered Municipal Fund,nasdaq
WTO,UTime Limited - Class A Ordinary Shares,nasdaq
WTW,Willis Towers Watson Public Limited Company - Ordinary Shares,nasdaq
WULF,TeraWulf Inc. - Common Stock,nasdaq
WVE,Wave Life Sciences Ltd. - Ordinary Shares,nasdaq
WVVI,"Willamette Valley Vineyards, Inc. - Common Stock",nasdaq
WVVIP,"Willamette Valley Vineyards, Inc. - Series A Redeemable Preferred Stock",nasdaq
WW,"WW International, Inc.  - Common Stock",nasdaq
WWD,"Woodward, Inc. - Common Stock",nasdaq
WXM,WF International Limited - Ordinary Shares,nasdaq
WYFI,"WhiteFiber, Inc. - Ordinary Shares",nasdaq
WYHG,Wing Yip Food Holdings Group Limited - American Depositary Shares,nasdaq
WYNN,"Wynn Resorts, Limited - Common Stock",nasdaq
XAIR,"Beyond Air, Inc. - Common Stock",nasdaq
XAIX,Xtrackers Artificial Intelligence and Big Data ETF,nasdaq
XBCI,NEOS Boosted Bitcoin High Income ETF,nasdaq
XBIL,US Treasury 6 Month Bill ETF,nasdaq
XBIO,"Xenetic Biosciences, Inc. - Common Stock",nasdaq
XBIT,XBiotech Inc. - Common Stock,nasdaq
XBP,"XBP Global Holdings, Inc. - Common Stock",nasdaq
XBPEW,"XBP Global Holdings, Inc. - Warrant",nasdaq
XBTY,GraniteShares YieldBOOST Bitcoin ETF,nasdaq
XCBE,X3 Acquisition Corp. Ltd. - Class A Ordinary Shares,nasdaq
XCBEU,X3 Acquisition Corp. Ltd. - Unit,nasdaq
XCBEW,X3 Acquisition Corp. Ltd. - Warrant,nasdaq
XCH,XCHG Limited - ADS,nasdaq
XCNY,State Street SPDR S&P Emerging Markets ex-China ETF,nasdaq
XCUR,"Exicure, Inc. - Common Stock",nasdaq
XDEF,Xtrackers Europe Defense Technologies ETF,nasdaq
XEL,Xcel Energy Inc. - Common Stock,nasdaq
XELB,"Xcel Brands, Inc - Common Stock",nasdaq
XELLL,"Xcel Energy Inc. - 6.25% Junior Subordinated Notes, Series due 2085",nasdaq
XENE,Xenon Pharmaceuticals Inc. - Common Shares,nasdaq
XERS,"Xeris Biopharma Holdings, Inc. - Common Stock",nasdaq
XFOR,"X4 Pharmaceuticals, Inc. - Common Stock",nasdaq
XGN,Exagen Inc. - Common Stock,nasdaq
XHG,XChange TEC.INC - American Depositary Shares,nasdaq
XHLD,"TEN Holdings, Inc. - Common Stock",nasdaq
XLO,"Xilio Therapeutics, Inc. - Common Stock",nasdaq
XMAG,Defiance Large Cap ex-Mag 7 ETF,nasdaq
XMTR,"Xometry, Inc. - Class A Common Stock",nasdaq
XNCR,"Xencor, Inc. - Common Stock",nasdaq
XNET,Xunlei Limited - American Depositary Shares,nasdaq
XOMA,XOMA Royalty Corporation - Common Stock,nasdaq
XOMAO,XOMA Royalty Corporation - Depositary Shares Rep Series B 8.375% Cumulative Preferred Stock,nasdaq
XOMAP,XOMA Royalty Corporation - 8.625% Series A Cumulative Perpetual Preferred Stock,nasdaq
XOMX,Direxion Daily XOM Bull 2X ETF,nasdaq
XOMZ,Direxion Daily XOM Bear 1X ETF,nasdaq
XOS,"Xos, Inc. - Common Stock",nasdaq
XOSWW,"Xos, Inc. - Warrants",nasdaq
XOVR,ERShares Private-Public Crossover ETF,nasdaq
XP,XP Inc. - Class A Common Stock,nasdaq
XPEG,Leverage Shares 2X Long XPEV Daily ETF,nasdaq
XPEL,"XPEL, Inc. - Common Stock",nasdaq
XPON,Expion360 Inc. - Common Stock,nasdaq
XQQI,NEOS Boosted Nasdaq-100 High Income ETF,nasdaq
XRAY,DENTSPLY SIRONA Inc. - Common Stock,nasdaq
XRPC,Canary XRP ETF,nasdaq
XRPI,Volatility Shares Trust XRP ETF,nasdaq
XRPN,Armada Acquisition Corp. II - Class A Ordinary Shares,nasdaq
XRPNU,Armada Acquisition Corp. II - Units,nasdaq
XRPNW,Armada Acquisition Corp. II - Warrant,nasdaq
XRPT,Volatility Shares Trust XRP 2X ETF,nasdaq
XRTX,XORTX Therapeutics Inc. - Common Stock,nasdaq
XRX,Xerox Holdings Corporation - Common Stock,nasdaq
XRXDW,Xerox Holdings Corporation - Warrants,nasdaq
XSLL,Xsolla SPAC 1 - Class A Ordinary Shares,nasdaq
XSLLU,Xsolla SPAC 1 - Units,nasdaq
XSLLW,Xsolla SPAC 1 - Warrants,nasdaq
XSPI,NEOS Boosted S&P 500 High Income ETF,nasdaq
XT,iShares Future Exponential Technologies ETF,nasdaq
XTIA,"XTI Aerospace, Inc. Common Stock  - Common Stock",nasdaq
XTKG,"X3 Holdings Co., Ltd. - Class A Ordinary Shares",nasdaq
XTLB,XTL Biopharmaceuticals Ltd. - American Depositary Shares,nasdaq
XWEL,"XWELL, Inc. - Common Stock",nasdaq
XWIN,"XMAX, Inc. - Common Stock",nasdaq
XXII,"22nd Century Group, Inc - Common Stock",nasdaq
XXX,CYBER HORNET S&P 500 and XRP 75/25 Strategy ETF,nasdaq
XYZG,Leverage Shares 2X Long XYZ Daily ETF,nasdaq
YAAS,Youxin Technology Ltd - Class A Ordinary shares,nasdaq
YB,Yuanbao Inc. - American Depositary Shares,nasdaq
YBMN,Defiance BMNR Option Income ETF,nasdaq
YBST,GraniteShares YieldBoost Single Stock Universe ETF,nasdaq
YBTY,GraniteShares YieldBoost TopYielders ETF,nasdaq
YDDL,One and One Green Technologies. INC - Class A Ordinary Shares,nasdaq
YDES,YD Bio Limited - Ordinary Shares,nasdaq
YDESW,YD Bio Limited - Warrants,nasdaq
YDKG,Yueda Digital Holding - Class A Ordinary Share,nasdaq
YHC,LQR House Inc. - Common Stock,nasdaq
YHGJ,Yunhong Green CTI Ltd. - Common Stock,nasdaq
YHNA,YHN Acquisition I Limited - Ordinary Shares,nasdaq
YHNAR,YHN Acquisition I Limited - Right,nasdaq
YHNAU,YHN Acquisition I Limited - Unit,nasdaq
YI,"111, Inc. - American Depositary Shares",nasdaq
YIBO,Planet Image International Limited - Class A Ordinary Shares,nasdaq
YJ,Yunji Inc. - American Depository Shares,nasdaq
YLDE,Franklin ClearBridge Enhanced Income ETF,nasdaq
YMAT,"J-Star Holding Co., Ltd. - Class A Ordinary Shares",nasdaq
YMT,Yimutian Inc. - American Depositary Shares; each representing 25 Class A ordinary shares,nasdaq
YNOT,Horizon Digital Frontier ETF,nasdaq
YOKE,YOKE Core ETF,nasdaq
YORW,The York Water Company - Common Stock,nasdaq
YOUL,Youlife Group Inc. - American Depositary Shares,nasdaq
YQ,17 Education & Technology Group Inc. - American Depositary Shares,nasdaq
YQQQ,YieldMax Short N100 Option Income Strategy ETF,nasdaq
YSPY,GraniteShares YieldBOOST SPY ETF,nasdaq
YSXT,"YSX Tech. Co., Ltd  - Class A Ordinary Shares",nasdaq
YTRA,"Yatra Online, Inc. - Ordinary Shares",nasdaq
YXT,YXT.COM GROUP HOLDING LIMITED - American Depository Shares,nasdaq
YYAI,AiRWA Inc. - Common Stock,nasdaq
YYGH,YY Group Holding Limited - Class A Ordinary Shares,nasdaq
Z,"Zillow Group, Inc. - Class C Capital Stock",nasdaq
ZAP,Global X U.S. Electrification ETF,nasdaq
ZAZZT,Tick Pilot Test Stock Class A Common Stock,nasdaq
ZBAI,ATIF Holdings Limited - Ordinary Shares,nasdaq
ZBAO,Zhibao Technology Inc. - Class A Ordinary Shares,nasdaq
ZBIO,"Zenas BioPharma, Inc. - Common Stock",nasdaq
ZBRA,Zebra Technologies Corporation - Class A Common Stock,nasdaq
ZBZZT,Test Pilot Test Stock Class B Common Stock,nasdaq
ZCMD,Zhongchao Inc. - Class A Ordinary Shares,nasdaq
ZCZZT,Tick Pilot Test Stock Class C ,nasdaq
ZD,"Ziff Davis, Inc. - Common Stock",nasdaq
ZDAI,"DirectBooking Technology Co., Ltd. - Class A Ordinary Shares",nasdaq
ZENA,"ZenaTech, Inc. - Common Stock",nasdaq
ZEO,Zeo Energy Corporation - Class A Common Stock,nasdaq
ZEOWW,Zeo Energy Corporation - Warrants,nasdaq
ZG,"Zillow Group, Inc. - Class A Common Stock",nasdaq
ZGM,Zenta Group Company Limited - Class A Ordinary Shares,nasdaq
ZHOG,F/m Opportunistic Income ETF,nasdaq
ZION,Zions Bancorporation N.A. - Common Stock,nasdaq
ZIONP,Zions Bancorporation N.A. - Depositary Shares each representing a 1/40th ownership interest in a share of Series A Floating-Rate Non-Cumulative Perpetual Preferred Stock,nasdaq
ZJK,"ZJK Industrial Co., Ltd. - Class A Ordinary Shares",nasdaq
ZJYL,JIN MEDICAL INTERNATIONAL LTD. - Class A Ordinary Shares,nasdaq
ZJZZT,NASDAQ TEST STOCK,nasdaq
ZKIN,"ZK International Group Co., Ltd - Ordinary Share",nasdaq
ZKP,Lafayette Digital Acquisition Corp. I - Class A Ordinary Shares,nasdaq
ZKPU,Lafayette Digital Acquisition Corp. I - Unit,nasdaq
ZKPW,Lafayette Digital Acquisition Corp. I - Warrant,nasdaq
ZLAB,Zai Lab Limited - American Depositary Shares,nasdaq
ZM,"Zoom Communications, Inc. - Class A Common Stock",nasdaq
ZMUN,F/m Ultrashort Tax-Free Municipal ETF,nasdaq
ZNB,Zeta Network Group - Class A Ordinary Shares,nasdaq
ZNTL,"Zentalis Pharmaceuticals, Inc. - common stock",nasdaq
ZOOZ,ZOOZ Strategy Ltd. - Ordinary Shares,nasdaq
ZOOZW,ZOOZ Strategy Ltd. - Warrant,nasdaq
ZS,"Zscaler, Inc. - Common Stock",nasdaq
ZSPC,"zSpace, Inc. - Common stock",nasdaq
ZSTK,ZeroStack Corp. - Common Stock,nasdaq
ZTEK,Zentek Ltd. - common stock,nasdaq
ZTEN,F/m 10-Year Investment Grade Corporate Bond ETF,nasdaq
ZTOP,F/m High Yield 100 ETF,nasdaq
ZTRE,F/m 3-Year Investment Grade Corporate Bond ETF,nasdaq
ZTWO,F/m 2-Year Investment Grade Corporate Bond ETF,nasdaq
ZUMZ,Zumiez Inc. - Common Stock,nasdaq
ZURA,Zura Bio Limited - Class A Ordinary shares,nasdaq
ZVRA,"Zevra Therapeutics, Inc.  - Common Stock",nasdaq
ZVZZT,NASDAQ TEST STOCK,nasdaq
ZWZZT,NASDAQ TEST STOCK,nasdaq
ZXYZ.A,Nasdaq Symbology Test Common Stock,nasdaq
ZXZZT,NASDAQ TEST STOCK,nasdaq
ZYBT,Zhengye Biotechnology Holding Limited - Ordinary Shares,nasdaq
ZYME,Zymeworks Inc. - Common Stock,nasdaq
File Creation Time: 0320202621:31,,nasdaq
A,"Agilent Technologies, Inc. Common Stock",other
AA,Alcoa Corporation Common Stock ,other
AAA,Alternative Access First Priority CLO Bond ETF,other
AAAA,Amplius Aggressive Asset Allocation ETF,other
AAAC,Columbia AAA CLO ETF,other
AAAU,Goldman Sachs Physical Gold ETF Shares,other
AAMI,Acadian Asset Management Inc. Common Stock,other
AAP,Advance Auto Parts Inc.,other
AAPR,Innovator Equity Defined Protection ETF - 2 Yr to April 2026,other
AAPW,Roundhill AAPL WeeklyPay ETF,other
AAPX,T-Rex 2X Long Apple Daily Target ETF,other
AAPY,Kurv Yield Premium Strategy Apple (AAPL) ETF,other
AAT,"American Assets Trust, Inc. Common Stock",other
AAUA,Alpha Architect US Equity 3 ETF,other
AAUC,Allied Gold Corporation Common Shares,other
AAUM,Tema Alternative Asset Managers ETF,other
AB,AllianceBernstein Holding L.P.  Units,other
ABBV,AbbVie Inc. Common Stock,other
ABCB,Ameris Bancorp Common Stock,other
ABEQ,Absolute Select Value ETF,other
ABEV,Ambev S.A. American Depositary Shares (Each representing 1 Common Share),other
ABFL,Abacus FCF Leaders ETF,other
ABG,Asbury Automotive Group Inc Common Stock,other
ABLD,Abacus FCF Real Assets Leaders ETF,other
ABLG,Abacus FCF International Leaders ETF,other
ABLS,Abacus FCF Small Cap Leaders ETF,other
ABM,ABM Industries Incorporated Common Stock,other
ABNY,YieldMax ABNB Option Income Strategy ETF,other
ABOT,Abacus FCF Innovation Leaders ETF,other
ABR,Arbor Realty Trust Common Stock,other
ABR$D,"Arbor Realty Trust 6.375% Series D Cumulative Redeemable Preferred Stock, Liquidation Preference $25.00 per Share",other
ABR$E,Arbor Realty Trust 6.25% Series E Cumulative Redeemable Preferred Stock,other
ABR$F,"Arbor Realty Trust 6.25% Series F Fixed-to-Floating Rate Cumulative Redeemable Preferred Stock, Liquidation Preference $25.00 per share",other
ABT,Abbott Laboratories Common Stock,other
ABX,"Abacus Global Management, Inc. Class A Common Stock",other
ABXB,Abacus Flexible Bond Leaders ETF,other
ABXL,"Abacus Global Management, Inc. 9.875% Fixed Rate Senior Notes due 2028",other
ACA,"Arcosa, Inc. Common Stock ",other
ACCO,Acco Brands Corporation Common Stock,other
ACCS,ACCESS Newswire Inc. Common Stock,other
ACEI,Innovator Equity Autocallable Income Strategy ETF,other
ACEL,"Accel Entertainment, Inc. ",other
ACES,ALPS Clean Energy ETF,other
ACGR,American Century Large Cap Growth ETF,other
ACH,"Accendra Health, Inc. Common Stock",other
ACHR,Archer Aviation Inc. Class A Common Stock,other
ACHR.W,"Archer Aviation Inc. Redeemable Warrants, each whole warrant exercisable for one Class A common stock at an exercise price of $11.50",other
ACI,"Albertsons Companies, Inc. Class A Common Stock",other
ACII,Innovator Index Autocallable Income Strategy ETF,other
ACIO,Aptus Collared Investment Opportunity ETF,other
ACKY,VistaShares Target 15 ACKtivist Distribution ETF,other
ACLC,American Century Large Cap Equity ETF,other
ACLO,TCW AAA CLO ETF,other
ACM,AECOM Common Stock,other
ACN,Accenture plc Class A Ordinary Shares (Ireland),other
ACP,abrdn Income Credit Strategies Fund Common Shares,other
ACP$A,abrdn Income Credit Strategies Fund 5.250% Series A Perpetual Preferred Stock,other
ACR,ACRES Commercial Realty Corp. Common Stock,other
ACR$C,ACRES Commercial Realty Corp. 8.625% Fixed-to-Floating Series C Cumulative Redeemable Preferred Stock ,other
ACR$D,ACRES Commercial Realty Corp. 7.875% Series D Cumulative Redeemable Preferred Stock,other
ACRE,Ares Commercial Real Estate Corporation Common Stock,other
ACSG,American Century Small Cap Growth Insights ETF,other
ACSI,American Customer Satisfaction ETF,other
ACSV,American Century Small Cap Value Insights ETF,other
ACTS,FIS Tactical Equity ETF,other
ACU,Acme United Corporation. Common Stock,other
ACV,Virtus Diversified Income & Convertible Fund Common Shares of Beneficial Interest,other
ACVA,ACV Auctions Inc. Class A Common Stock,other
ACVF,American Conservative Values ETF,other
ACVT,Advent Convertible Bond ETF,other
ACWV,iShares MSCI Global Min Vol Factor ETF,other
ACYN,FT Vest Laddered Autocallable Barrier & Income ETF,other
AD,"Array Digital Infrastructure, Inc. Common Shares",other
ADC,Agree Realty Corporation Common Stock,other
ADC$A,"Agree Realty Corporation Depositary Shares, each representing 1/1,000th of a 4.250% Series A Cumulative Redeemable Preferred Stock",other
ADCT,ADC Therapeutics SA Common Shares,other
ADFI,Anfield Dynamic Fixed Income ETF,other
ADIV,Guinness Atkinson Asia Pacific Dividend Builder ETF,other
ADM,Archer-Daniels-Midland Company Common Stock,other
ADME,Aptus Drawdown Managed Equity ETF,other
ADNT,Adient plc Ordinary Shares ,other
ADPV,Adaptiv Select ETF,other
ADT,ADT Inc. Common Stock,other
ADVE,Matthews Asia Dividend Active ETF,other
ADX,Adams Diversified Equity Fund Inc.,other
AEE,Ameren Corporation Common Stock,other
AEF,"abrdn Emerging Markets ex-China Fund, Inc. Common Stock",other
AEFC,Aegon Funding Company LLC 5.10% Subordinated Notes due 2049,other
AEG,Aegon Ltd. New York Registry Shares,other
AEM,Agnico Eagle Mines Limited Common Stock,other
AEMS,Anfield Enhanced Market ETF,other
AEO,"American Eagle Outfitters, Inc. Common Stock",other
AEON,"AEON Biopharma, Inc. Class A Common Stock",other
AER,AerCap Holdings N.V. Ordinary Shares,other
AERO,"Grupo Aeromexico, S.A.B. de C.V. American Depositary Shares (each representing ten (10) Common Shares)",other
AES,The AES Corporation Common Stock,other
AESI,Atlas Energy Solutions Inc. Common Stock,other
AESR,Anfield U.S. Equity Sector Rotation ETF,other
AETH,Bitwise Trendwise Ether and Treasuries Rotation Strategy ETF,other
AEXA,American Exceptionalism Acquisition Corp. A Class A Ordinary Shares,other
AFB,AllianceBernstein National Municipal Income Fund Inc,other
AFG,"American Financial Group, Inc. Common Stock",other
AFGB,"American Financial Group, Inc. 5.875% Subordinated Debentures due 2059",other
AFGC,"American Financial Group, Inc. 5.125% Subordinated Debentures due 2059",other
AFGD,"American Financial Group, Inc. 5.625% Subordinated Debentures due 2060",other
AFGE,"American Financial Group, Inc. 4.500% Subordinated Debentures due 2060",other
AFIF,Anfield Universal Fixed Income ETF,other
AFIX,Allspring Broad Market Core Bond ETF,other
AFK,VanEck Africa Index ETF,other
AFL,AFLAC Incorporated Common Stock,other
AFLG,First Trust Active Factor Large Cap ETF,other
AFMC,First Trust Active Factor Mid Cap ETF,other
AFRU,T-REX 2X Long AFRM Daily Target ETF,other
AFSM,First Trust Active Factor Small Cap ETF,other
AG,First Majestic Silver Corp. Ordinary Shares (Canada),other
AGBK,AGI Inc Class A Common Shares,other
AGCO,AGCO Corporation Common Stock,other
AGD,abrdn Global Dynamic Dividend Fund Common Shares of Beneficial Interest,other
AGG,iShares Core U.S. Aggregate Bond ETF,other
AGGH,Simplify Aggregate Bond ETF,other
AGGS,Harbor Disciplined Bond ETF,other
AGGY,WisdomTree Yield Enhanced U.S. Aggregate Bond Fund,other
AGI,Alamos Gold Inc. Class A Common Shares,other
AGIG,Abundia Global Impact Group Inc. Common stock,other
AGIQ,SoFi Agentic AI ETF,other
AGL,"agilon health, inc. Common Stock",other
AGM,Federal Agricultural Mortgage Corporation Common Stock,other
AGM$D,"Federal Agricultural Mortgage Corporation 5.700% Non-Cumulative Preferred Stock, Series D",other
AGM$E,"Federal Agricultural Mortgage Corporation 5.750% Non-Cumulative Preferred Stock, Series E",other
AGM$F,"Federal Agricultural Mortgage Corporation 5.250% Non-Cumulative Preferred Stock, Series F",other
AGM$G,"Federal Agricultural Mortgage Corporation 4.875% Non-Cumulative Preferred Stock, Series G",other
AGM$H,"Federal Agricultural Mortgage Corporation 6.500% Non-Cumulative Preferred Stock, Series H",other
AGM.A,Federal Agricultural Mortgage Corporation Common Stock,other
AGO,Assured Guaranty Ltd. Common Stock,other
AGOX,Adaptive Alpha Opportunities ETF,other
AGQ,ProShares Ultra Silver,other
AGQI,First Trust Active Global Quality Income ETF,other
AGRH,iShares Interest Rate Hedged U.S. Aggregate Bond ETF,other
AGRO,Adecoagro S.A. Common Shares,other
AGRW,Allspring LT Large Growth ETF,other
AGX,"Argan, Inc. Common Stock",other
AGZ,iShares  Agency Bond ETF,other
AHL$D,Aspen Insurance Holdings Limited 5.625% Perpetual Non-Cumulative Preference Shares,other
AHL$E,"Aspen Insurance Holdings Limited Depositary Shares, each representing a 1/1000th interest in a share of 5.625% Perpetual Non-Cumulative Preference Shares",other
AHL$F,"Aspen Insurance Holdings Limited Depositary Shares, each representing a 1/1,000th Interest in a 7.00% Perpetual Non-Cumulative Preference Share",other
AHLT,AHL Trend ETF,other
AHR,"American Healthcare REIT, Inc. Common Stock",other
AHRT,"AH Realty Trust, Inc. Common Stock",other
AHRT$A,"AH Realty Trust, Inc. 6.75% Series A Cumulative Redeemable Perpetual Preferred Stock",other
AHT,Ashford Hospitality Trust Inc Common Stock,other
AHT$D,Ashford Hospitality Trust Inc 8.45% Series D Cumulative Preferred Stock,other
AHT$F,Ashford Hospitality Trust Inc 7.375% Series F Cumulative Preferred Stock,other
AHT$G,Ashford Hospitality Trust Inc 7.375% Series G Cumulative Preferred Stock,other
AHT$H,Ashford Hospitality Trust Inc 7.50% Series H Cumulative Preferred Stock,other
AHT$I,Ashford Hospitality Trust Inc 7.50% Series I Cumulative Preferred Stock,other
AHYB,American Century Select High Yield ETF,other
AI,"C3.ai, Inc. Class A Common Stock",other
AIB,"BlockchAIn Digital Infrastructure, Inc Common Shares",other
AIBD,Direxion Daily AI and Big Data Bear 2X ETF,other
AIBU,Direxion Daily AI and Big Data Bull 2X ETF,other
AIEQ,Amplify AI Powered Equity ETF,other
AIG,"American International Group, Inc. New Common Stock",other
AII,"American Integrity Insurance Group, Inc. Common Stock",other
AIIA,AI Infrastructure Acquisition Corp. Class A Ordinary Shares,other
AIIA.R,"AI Infrastructure Acquisition Corp. Rights, each entitling the holder to receive one-fifth (1/5) of one Class A Ordinary Share",other
AIIA.U,"AI Infrastructure Acquisition Corp. Units, each consisting of one Class A Ordinary Share and one Right",other
AIM,AIM ImmunoTech Inc. Common Stock,other
AIN,Albany International Corporation Common Stock,other
AINP,Allspring Income Plus ETF,other
AINT,FINQ DOLLAR NEUTRAL U.S. Large Cap AI-Managed Equity ETF,other
AIO,Virtus Artificial Intelligence & Technology Opportunities Fund Common Shares of Beneficial Interest,other
AIOO,AllianzIM U.S. Equity Buffer100 Protection ETF,other
AIR,AAR Corp. Common Stock,other
AIRI,Air Industries Group Common Stock,other
AIS,VistaShares Artificial Intelligence Supercycle ETF,other
AIT,"Applied Industrial Technologies, Inc. Common Stock",other
AIUP,FINQ FIRST U.S. Large Cap AI-Managed Equity ETF,other
AIV,Apartment Investment and Management Company Common Stock,other
AIVC,Amplify Bloomberg AI Value Chain ETF,other
AIVI,WisdomTree International AI Enhanced Value Fund,other
AIVL,WisdomTree U.S. AI Enhanced Value Fund,other
AIYY,YieldMax AI Option Income Strategy ETF,other
AIZ,"Assurant, Inc. Common Stock",other
AIZN,"Assurant, Inc. 5.25% Subordinated Notes due 2061",other
AJAN,Innovator Equity Defined Protection ETF - 2 Yr to January 2028,other
AJG,Arthur J. Gallagher & Co. Common Stock,other
AJUL,Innovator Equity Defined Protection ETF - 2 Yr to July 2026,other
AKA,a.k.a. Brands Holding Corp. Common Stock,other
AKAF,The Frontier Economic Fund,other
AKO.A,Embotelladora Andina S.A. Common Stock,other
AKO.B,Embotelladora Andina S.A. Common Stock,other
AKR,Acadia Realty Trust Common Stock,other
AKRE,Akre Focus ETF,other
AL,Air Lease Corporation Class A Common Stock,other
ALAI,Alger AI Enablers & Adopters ETF,other
ALB,Albemarle Corporation Common Stock,other
ALB$A,Albemarle Corporation Depositary Shares each representing a 1/20th of 7.25% Series A Mandatory Convertible Preferred Stock,other
ALC,Alcon Inc. Ordinary Shares,other
ALG,"Alamo Group, Inc. Common Stock",other
ALH,Alliance Laundry Holdings Inc. Common Stock,other
ALIT,"Alight, Inc. Class A Common Stock",other
ALK,"Alaska Air Group, Inc. Common Stock",other
ALL,Allstate Corporation (The) Common Stock,other
ALL$B,Allstate Corporation (The) 5.100% Fixed-to-Floating Rate Subordinated Debentures due 2053,other
ALL$H,"Allstate Corporation (The) Depositary Shares each representing a 1/1,000th interest in a share of Fixed Rate Noncumulative Perpetual Preferred Stock, Series H",other
ALL$I,"Allstate Corporation (The) Depositary Shares each representing a 1/1,000th interest in a share of Fixed Rate Noncumulative Perpetual Preferred Stock, Series I",other
ALL$J,"Allstate Corporation (The) Depositary Shares each representing a 1/1,000th interest in a share of Fixed Rate Noncumulative Perpetual Preferred Stock, Series J",other
ALLE,Allegion plc Ordinary Shares,other
ALLY,Ally Financial Inc. Common Stock,other
ALRG,Allspring LT Large Core ETF,other
ALSN,"Allison Transmission Holdings, Inc. Common Stock",other
ALTG,Alta Equipment Group Inc. Class A Common Stock,other
ALTG$A,Alta Equipment Group Inc. Depositary Shares (each representing 1/1000th in a share of 10% Series A Cumulative Perpetual Preferred Stock),other
ALTL,Pacer Lunt Large Cap Alternator ETF,other
ALUB,Alussa Energy Acquisition Corp. II Class A Ordinary Shares,other
ALUB.U,"Alussa Energy Acquisition Corp. II Units, each consisting of one Class A ordinary share and one-third of one redeemable warrant",other
ALUB.W,"Alussa Energy Acquisition Corp. II Redeemable Warrants, each whole warrant exercisable for one Class A ordinary share at an exercise price of $11.50 per share",other
ALV,"Autoliv, Inc. Common Stock",other
ALX,"Alexander's, Inc. Common Stock",other
AM,Antero Midstream Corporation Common Stock,other
AMAX,Adaptive Hedged Multi-Asset Income ETF,other
AMBO,Ambow Education Holding Ltd. American Depository Shares (each representing twenty (20) Class A Ordinary Shares),other
AMBP,Ardagh Metal Packaging S.A. Ordinary Shares,other
AMBQ,"Ambiq Micro, Inc. Common Stock",other
AMC,"AMC Entertainment Holdings, Inc. Class A Common Stock",other
AMCR,Amcor plc Ordinary Shares,other
AMDW,Roundhill AMD WeeklyPay ETF,other
AMDY,Yieldmax AMD Option Income Strategy ETF,other
AME,"AMETEK, Inc.",other
AMG,"Affiliated Managers Group, Inc. Common Stock",other
AMH,American Homes 4 Rent Common Shares of Beneficial Interest,other
AMH$G,American Homes 4 Rent Series G cumulative redeemable perpetual preferred shares of beneficial interest,other
AMH$H,American Homes 4 Rent Series H cumulative redeemable perpetual Preferred Shares of Beneficial Interest,other
AMJB,Alerian MLP Index ETN,other
AMLP,Alerian MLP ETF,other
AMN,AMN Healthcare Services Inc,other
AMOM,QRAFT AI-Enhanced U.S. Large Cap Momentum ETF,other
AMP,"Ameriprise Financial, Inc. Common Stock",other
AMPX,"Amprius Technologies, Inc. Common Stock",other
AMPX.W,"Amprius Technologies, Inc. Warrants to purchase one share of Common Stock at an exercise price of $11.50 per share",other
AMPY,Amplify Energy Corp. Common Stock,other
AMR,"Alpha Metallurgical Resources, Inc. Common Stock",other
AMRC,"Ameresco, Inc. Class A Common Stock",other
AMRZ,Amrize Ltd Ordinary Shares,other
AMS,American Shared Hospital Services Common Stock,other
AMT,American Tower Corporation (REIT) Common Stock,other
AMTB,Amerant Bancorp Inc. Class A Common Stock,other
AMTD,"AMTD IDEA Group American Depositary Shares, each representing six (6) Class A Ordinary Shares",other
AMTM,"Amentum Holdings, Inc. Common Stock",other
AMUB,"ETRACS Alerian MLP Index ETN Series B due July 18, 2042",other
AMWL,American Well Corporation Class A Common Stock,other
AMX,"America Movil, S.A.B. de C.V. American Depositary Shares (each representing the right to receive twenty (20) Series B Shares",other
AMZA,InfraCap MLP ETF,other
AMZE,"Amaze Holdings, Inc. Common Stock",other
AMZP,Kurv Yield Premium Strategy Amazon (AMZN) ETF,other
AMZW,Roundhill AMZN WeeklyPay ETF,other
AMZY,YieldMax AMZN Option Income Strategy ETF,other
AN,"AutoNation, Inc. Common Stock",other
ANDG,Andersen Group Inc. Class A Common Stock,other
ANET,"Arista Networks, Inc. Common Stock",other
ANEW,ProShares MSCI Transformational Changes ETF,other
ANF,Abercrombie & Fitch Company Common Stock,other
ANG$D,"American National Group Inc. Depositary Shares, each representing a 1/1000th interest in a share of 7.375% Fixed-Rate Non-Cumulative Preferred Stock, Series D",other
ANGX,"Angel Studios, Inc. Class A Common Stock",other
ANRO,"Alto Neuroscience, Inc. Common Stock",other
ANVS,"Annovis Bio, Inc. Common Stock",other
AOA,iShares Core 80/20 Aggressive Allocation ETF,other
AOCT,Innovator Equity Defined Protection ETF - 2 Yr to October 2026,other
AOD,abrdn Total Dynamic Dividend Fund Common Shares of Beneficial Interest,other
AOK,iShares Core 30/70 Conservative Allocation ETF,other
AOM,iShares Core 40/60 Moderate Allocation ETF,other
AOMD,"Angel Oak Mortgage REIT, Inc. 9.750% Senior Notes due 2030",other
AOMN,"Angel Oak Mortgage REIT, Inc. 9.500% Senior Notes due 2029",other
AOMR,"Angel Oak Mortgage REIT, Inc. Common Stock",other
AON,Aon plc Class A Ordinary Shares (Ireland),other
AOR,iShares Core 60/40 Balanced Allocation ETF,other
AORT,"Artivion, Inc. Common Stock",other
AOS,A.O. Smith Corporation Common Stock,other
AOTS,AOT Software Platform ETF,other
AP,Ampco-Pittsburgh Corporation Common Stock,other
APAM,Artisan Partners Asset Management Inc. Class A Common Stock,other
APCB,ActivePassive Core Bond ETF,other
APD,"Air Products and Chemicals, Inc. Common Stock",other
APG,APi Group Corporation Common Stock,other
APH,Amphenol Corporation Common Stock,other
APHU,T-REX 2X Long APH Daily Target ETF,other
APIE,ActivePassive International Equity ETF,other
APLE,"Apple Hospitality REIT, Inc. Common Shares",other
APLU,Allspring Core Plus ETF,other
APLX,Tradr 2X Long APLD Daily ETF,other
APLY,YieldMax AAPL Option Income Strategy ETF,other
APLZ,Tradr 2X Short APLD Daily ETF,other
APMU,ActivePassive Intermediate Municipal Bond ETF,other
APO,"Apollo Global Management, Inc. (New) Common Stock",other
APO$A,"Apollo Global Management, Inc. 6.75% Series A Mandatory Convertible Preferred Stock",other
APOC,Innovator Equity Defined Protection ETF - 6mo Apr/Oct,other
APOS,"Apollo Global Management, Inc. 7.625% Fixed-Rate Resettable Junior Subordinated Notes due 2053",other
APRB,Aptus April Buffer ETF,other
APRH,Innovator Premium Income 20 Barrier ETF - April,other
APRJ,Innovator Premium Income 30 Barrier ETF - April,other
APRP,PGIM S&P 500 Buffer 12 ETF - April,other
APRT,AllianzIM U.S. Large Cap Buffer10 Apr ETF,other
APRW,AllianzIM U.S. Large Cap Buffer20 Apr ETF,other
APRZ,TrueShares Structured Outcome (April) ETF,other
APT,"Alpha Pro Tech, Ltd. Common Stock",other
APTV,Aptiv PLC Ordinary Shares,other
APUE,ActivePassive U.S. Equity ETF,other
APUS,"Apimeds Pharmaceuticals US, Inc. Common Stock",other
APXM,FT Vest U.S. Equity Max Buffer ETF - April,other
AQEC,AQE Core ETF,other
AQLT,iShares MSCI Global Quality Factor ETF,other
AQN,Algonquin Power & Utilities Corp. Common Shares,other
AQNB,"Algonquin Power & Utilities Corp. 6.20% Fixed-to-Floating Subordinated Notes Series 2019-A due July 1, 2079",other
AR,Antero Resources Corporation Common Stock,other
ARB,AltShares Merger Arbitrage ETF,other
ARCM,Arrow Reserve Capital Management ETF,other
ARCO,Arcos Dorados Holdings Inc. Class A Shares,other
ARCX,Tradr 2X Long ACHR Daily ETF,other
ARDC,"Ares Dynamic Credit Allocation Fund, Inc. Common Shares",other
ARDT,"Ardent Health, Inc. Common Stock",other
ARE,"Alexandria Real Estate Equities, Inc. Common Stock",other
AREN,"The Arena Group Holdings, Inc. Common Stock",other
ARES,Ares Management Corporation Class A Common Stock,other
ARES$B,Ares Management Corporation 6.75% Series B Mandatory Convertible Preferred Stock,other
ARGT,Global X MSCI Argentina ETF,other
ARI,"Apollo Commercial Real Estate Finance, Inc",other
ARIS,Aris Mining Corporation Common Shares,other
ARKB,ARK 21Shares Bitcoin ETF ,other
ARKD,ARK DIET Q1 Buffer ETF,other
ARKF,ARK Blockchain & Fintech Innovation ETF,other
ARKG,ARK Genomic Revolution ETF,other
ARKK,ARK Innovation ETF,other
ARKQ,ARK Autonomous Technology & Robotics ETF,other
ARKT,ARK DIET Q4 Buffer ETF,other
ARKW,ARK Next Generation Internet ETF,other
ARKX,ARK Space & Defense Innovation ETF,other
ARL,"American Realty Investors, Inc. Common Stock",other
ARLO,"Arlo Technologies, Inc. Common Stock",other
ARLU,AllianzIM U.S. Equity Buffer15 Uncapped Apr ETF,other
ARMH,Arm Holdings PLC ADRhedged,other
ARMK,Aramark Common Stock,other
ARMP,"Armata Pharmaceuticals, Inc. Common Stock",other
ARMW,Roundhill ARM WeeklyPay ETF,other
AROC,"Archrock, Inc. Common Stock",other
ARP,PMV Adaptive Risk Parity ETF,other
ARR,"ARMOUR Residential REIT, Inc.",other
ARR$C,"ARMOUR Residential REIT, Inc. 7% Series C Cumulative Redeemable Preferred Stock (liquidation preference $25.00 per share)",other
ARTY,iShares Future AI & Tech ETF,other
ARW,"Arrow Electronics, Inc. Common Stock",other
ARWG,Archer Growth ETF,other
ARX,Accelerant Holdings Class A Common Shares,other
AS,"Amer Sports, Inc. Ordinary Shares",other
ASA,ASA  Gold and Precious Metals Limited,other
ASAN,"Asana, Inc. Class A Common Stock",other
ASB,Associated Banc-Corp Common Stock,other
ASB$E,"Associated Banc-Corp Depositary Shares, each representing a 1/40th interest in a share of 5.875% Non-Cumulative Perpetual Preferred Stock, Series E",other
ASB$F,"Associated Banc-Corp Depositary Shares, each representing a 1/40th interest in a share of Associated Banc-Corp 5.625% Non-Cumulative Perpetual Preferred Stock, Series F",other
ASBA,Associated Banc-Corp 6.625% Fixed-Rate Reset Subordinated Notes due 2033,other
ASC,Ardmore Shipping Corporation Common Stock,other
ASCE,Allspring SMID Core ETF,other
ASEA,Global X FTSE Southeast Asia ETF,other
ASG,"Liberty All-Star Growth Fund, Inc.",other
ASGI,abrdn Global Infrastructure Income Fund Common Shares of Beneficial Interest,other
ASGM,Virtus AlphaSimplex Global Macro ETF,other
ASGN,ASGN Incorporated Common Stock,other
ASH,Ashland Inc. Common Stock,other
ASHR,Xtrackers Harvest CSI 300 China A-Shares ETF,other
ASHS,Xtrackers Harvest CSI 500 China A-Shares Small Cap ETF,other
ASIA,Matthews Pacific Tiger Active ETF,other
ASIC,Ategrity Specialty Insurance Company Holdings Common Stock,other
ASIX,AdvanSix Inc. Common Stock ,other
ASLV,Allspring Special Large Value ETF,other
ASM,Avino Silver & Gold Mines Ltd. Common Shares (Canada),other
ASMF,Virtus AlphaSimplex Managed Futures ETF,other
ASMH,ASML Holding NV ADRhedged,other
ASPN,"Aspen Aerogels, Inc. Common Stock",other
ASR,"Grupo Aeroportuario del Sureste, S.A. de C.V. Common Stock",other
ASTN,Defiance Daily Target 2X Short ASTS ETF,other
ASTX,Tradr 2X Long ASTS Daily ETF,other
ASX,"ASE Technology Holding Co., Ltd. American Depositary Shares (each representing Two Common Shares) ",other
ATCH,"AtlasClear Holdings, Inc. Common Stock",other
ATCL,REX Autocallable Income ETF,other
ATEN,"A10 Networks, Inc. Common Stock",other
ATEST,Tick Pilot Test Control Common Stock,other
ATEST.A,Tick Pilot Test Group 1 Common Stock,other
ATEST.B,Tick pilot Test 2 Common Stock,other
ATEST.C,Tick Pilot Test 3 Common Stock,other
ATFV,Alger 35 ETF,other
ATH$A,"Athene Holding Ltd. Depositary Shares, Each Representing a 1/1,000th Interest in a 6.35% Fixed-to-Floating Rate Perpetual Non-Cumulative Preference Share, Series A",other
ATH$B,"Athene Holding Ltd. Depositary Shares, Each Representing a 1/1,000th Interest in a 5.625% Fixed Rate Perpetual Non- Cumulative Preference Share, Series B, par value $1.00 per share",other
ATH$D,"Athene Holding Ltd. Depositary Shares, Each Representing a 1/1,000th Interest in a 4.875% Fixed-Rate Perpetual Non-Cumulative Preference Share, Series D",other
ATH$E,"Athene Holding Ltd. Depositary Shares, Each Representing a 1/1,000th Interest in a 7.750% Fixed-Rate Reset Perpetual Non-Cumulative Preference Share, Series E",other
ATHM,"Autohome Inc. American Depositary Shares, each representing four class A ordinary shares.",other
ATHS,Athene Holding Ltd. 7.250% Fixed-Rate Reset Junior Subordinated Debentures due 2064,other
ATI,ATI Inc. Common Stock,other
ATKR,Atkore Inc. Common Stock,other
ATMP,iPath Select MLP ETN,other
ATMU,Atmus Filtration Technologies Inc. Common Stock,other
ATNM,"Actinium Pharmaceuticals, Inc. (Delaware) Common Stock",other
ATO,Atmos Energy Corporation Common Stock,other
ATR,"AptarGroup, Inc. Common Stock",other
ATS,ATS Corporation Common Shares,other
ATTR,Arin Tactical Tail Risk ETF,other
AU,AngloGold Ashanti PLC Ordinary Shares,other
AUAU,Global X Gold Miners ETF,other
AUB,Atlantic Union Bankshares Corporation Common Stock,other
AUB$A,"Atlantic Union Bankshares Corporation Depositary Shares each representing a 1/400th ownership interest in a share of 6.875% Perpetual Non-Cumulative Preferred Stock, Series A",other
AUGM,FT Vest U.S. Equity Max Buffer ETF - August,other
AUGP,PGIM S&P 500 Buffer 12 ETF - August,other
AUGT,AllianzIM U.S. Large Cap Buffer10 Aug ETF,other
AUGU,AllianzIM U.S. Equity Buffer15 Uncapped Aug ETF,other
AUGW,AllianzIM U.S. Large Cap Buffer20 Aug ETF,other
AUGZ,TrueShares Structured Outcome (August) ETF,other
AUNA,Auna SA Class A Ordinary Shares,other
AUSF,Global X Adaptive U.S. Factor ETF,other
AUSM,Allspring Ultra Short Municipal ETF,other
AUST,Austin Gold Corp. Common Shares,other
AVA,Avista Corporation Common Stock,other
AVAL,Grupo Aval Acciones y Valores S.A. ADR (Each representing 20 preferred shares),other
AVB,"AvalonBay Communities, Inc. Common Stock",other
AVBC,"Avidia Bancorp, Inc. Common Stock",other
AVD,American Vanguard Corporation Common Stock ($0.10 Par Value),other
AVDE,Avantis International Equity ETF,other
AVDS,Avantis International Small Cap Equity ETF,other
AVDV,Avantis International Small Cap Value ETF,other
AVEE,Avantis Emerging Markets Small Cap Equity ETF,other
AVEM,Avantis Emerging Markets Equity ETF,other
AVES,Avantis Emerging Markets Value ETF,other
AVGE,Avantis All Equity Markets ETF,other
AVGV,Avantis All Equity Markets Value ETF,other
AVGW,Roundhill AVGO WeeklyPay ETF,other
AVIE,Avantis Inflation Focused Equity ETF,other
AVIG,Avantis Core Fixed Income ETF,other
AVIV,Avantis International Large Cap Value ETF,other
AVK,Advent Convertible and Income Fund,other
AVLC,Avantis U.S. Large Cap Equity ETF,other
AVLV,Avantis U.S. Large Cap Value ETF,other
AVMA,Avantis Moderate Allocation ETF,other
AVMC,Avantis U.S. Mid Cap Equity ETF,other
AVMU,Avantis Core Municipal Fixed Income ETF,other
AVMV,Avantis U.S. Mid Cap Value ETF,other
AVNM,Avantis All International Markets Equity ETF,other
AVNS,"Avanos Medical, Inc. Common Stock",other
AVNT,Avient Corporation Common Stock,other
AVNV,Avantis All International Markets Value ETF,other
AVRE,Avantis Real Estate ETF,other
AVRY,Avory Foundational ETF,other
AVSC,Avantis U.S Small Cap Equity ETF,other
AVSD,Avantis Responsible International Equity ETF,other
AVSE,Avantis Responsible Emerging Markets Equity ETF,other
AVSF,Avantis Short-Term Fixed Income ETF,other
AVSU,Avantis Responsible U.S. Equity ETF,other
AVTM,Avantis Total Equity Markets ETF,other
AVTR,"Avantor, Inc. Common Stock",other
AVUS,Avantis U.S. Equity ETF,other
AVUV,Avantis U.S. Small Cap Value ETF,other
AVY,Avery Dennison Corporation Common Stock,other
AWAY,Amplify Travel Tech ETF,other
AWF,Alliancebernstein Global High Income Fund,other
AWI,Armstrong World Industries Inc Common Stock,other
AWK,"American Water Works Company, Inc. Common Stock",other
AWP,abrdn Global Premier Properties Fund Common Shares of Beneficial Interest,other
AWR,American States Water Company Common Stock,other
AWX,Avalon Holdings Corporation Common Stock,other
AX,"Axos Financial, Inc. Common Stock",other
AXIA,AXIA Energia American Depositary Shares (Each representing one Common Share),other
AXIA$,AXIA Energia AXIA Energia American Depositary Shares (Each representing one Preferred Class B1 Share),other
AXIA$C,"AXIA Energia American Depositary Shares, each representing one Preferred Class C Share",other
AXIL,"AXIL Brands, Inc. Common Stock",other
AXP,American Express Company Common Stock,other
AXR,AMREP Corporation Common Stock,other
AXS,Axis Capital Holdings Limited Common Stock,other
AXS$E,"Axis Capital Holdings Limited Depositary Shares, each representing 1/100th interest in a share of a 5.50% Series E Preferred Shares",other
AXTA,Axalta Coating Systems Ltd. Common Shares,other
AYI,Acuity Inc. Common Stock,other
AZN,AstraZeneca PLC Ordinary Shares,other
AZO,"AutoZone, Inc. Common Stock",other
AZTD,Aztlan Global Stock Selection DM SMID ETF,other
AZTR,Azitra Inc Common Stock,other
AZZ,AZZ Inc.,other
B,Barrick Mining Corporation Common Shares,other
BA,Boeing Company (The) Common Stock,other
BA$A,"Boeing Company (The) Depositary Shares, each representing a 1/20th interest in a share of 6.00% Series A Mandatory Convertible Preferred Stock, par value $1.00",other
BAB,Invesco Taxable Municipal Bond ETF,other
BABA,Alibaba Group Holding Limited American Depositary Shares each representing eight Ordinary share,other
BABO,YieldMax BABA Option Income Strategy ETF,other
BABW,Roundhill BABA WeeklyPay ETF,other
BAC,Bank of America Corporation Common Stock,other
BAC$B,"Bank of America Corporation Depositary Shares, each representing a 1/1,000th interest in a share of 6.000% Non-Cumulative Preferred Stock, Series GG",other
BAC$E,Bank of America Corporation Depositary Sh repstg 1/1000th Perp Pfd Ser E,other
BAC$K,"Bank of America Corporation Depositary Shares, each representing a 1/1,000th interest in a share of 5.875% Non- Cumulative Preferred Stock, Series HH",other
BAC$L,Bank of America Corporation Non Cumulative Perpetual Conv Pfd Ser L,other
BAC$M,"Bank of America Corporation Depositary Shares, each representing a 1/1,000th interest in a share of 5.375% Non-Cumulative Preferred Stock, Series KK",other
BAC$N,"Bank of America Corporation Depositary shares, each representing 1/1,000th interest in a share of 5.000% Non-Cumulative Preferred Stock, Series LL",other
BAC$O,"Bank of America Corporation Depositary shares, each representing 1/1,000th interest in a share of 4.375% Non-Cumulative Preferred Stock, Series NN",other
BAC$P,"Bank of America Corporation Depositary Shares, each representing a 1/1,000th interest in a share of 4.125% Non-Cumulative Preferred Stock, Series PP",other
BAC$Q,"Bank of America Corporation Depositary shares, each representing 1/1,000th interest in a share of 4.250% Non-Cumulative Preferred Stock, Series QQ",other
BAC$S,"Bank of America Corporation Depositary shares, each representing 1/1,000th interest in a share of 4.750% Non-Cumulative Preferred Stock, Series SS",other
BAGY,Amplify Bitcoin Max Income Covered Call ETF,other
BAH,Booz Allen Hamilton Holding Corporation Common Stock,other
BAI,iShares A.I. Innovation and Tech Active ETF,other
BAK,Braskem SA ADR,other
BALI,iShares U.S. Large Cap Premium Income Active ETF,other
BALL,Ball Corporation Common Stock,other
BALT,Innovator Defined Wealth Shield ETF,other
BALY,Bally's Corporation Common Stock,other
BAM,Brookfield Asset Management Inc Class A Limited Voting Shares,other
BAMA,Brookstone Active ETF,other
BAMB,Brookstone Intermediate Bond ETF,other
BAMD,Brookstone Dividend Stock ETF,other
BAMG,Brookstone Growth Stock ETF,other
BAMO,Brookstone Opportunities ETF,other
BAMU,Brookstone Ultra-Short Bond ETF,other
BAMV,Brookstone Value Stock ETF,other
BAMY,Brookstone Yield ETF,other
BANC,"Banc of California, Inc. Common Stock",other
BANC$F,"Banc of California, Inc. Depositary Shares, each representing a 1/40th interest in a share of 7.75% non-cumulative perpetual preferred stock, Series F",other
BAP,Credicorp Ltd. Common Stock,other
BAPR,Innovator U.S. Equity Buffer ETF - April,other
BAR,GraniteShares Gold Trust Shares of Beneficial Interest,other
BARK,"BARK, Inc. Class A Common Stock",other
BATL,Battalion Oil Corporation Common Stock,other
BATT,Amplify Lithium & Battery Technology ETF,other
BAUG,Innovator U.S. Equity Buffer ETF - August,other
BAX,Baxter International Inc. Common Stock,other
BB,BlackBerry Limited Common Stock,other
BBAG,JPMorgan BetaBuilders U.S. Aggregate Bond ETF,other
BBAI,"BigBear.ai, Inc. Common Stock",other
BBAI.W,"BigBear.ai, Inc. Redeemable Warrants, each exercisable for one share of Common Stock at an exercise price of $11.50 per share",other
BBAR,Banco BBVA Argentina S.A. ADS,other
BBAX,JPMorgan BetaBuilders Developed Asia Pacific-ex Japan ETF,other
BBBI,BondBloxx BBB Rated 5-10 Year Corporate Bond ETF,other
BBBL,BondBloxx BBB Rated 10+ Year Corporate Bond ETF,other
BBBS,BondBloxx BBB Rated 1-5 Year Corporate Bond ETF,other
BBBY,"Bed Bath & Beyond, Inc. Common Stock",other
BBBY.W,"Bed Bath & Beyond, Inc. Warrants to Purchase Common Stock",other
BBC,Virtus Biotech Clinical Trials ETF,other
BBCA,JPMorgan BetaBuilders Canada ETF,other
BBCB,JPMorgan BetaBuilders USD Investment Grade Corporate Bond ETF,other
BBD,Banco Bradesco Sa American Depositary Shares,other
BBDC,"Barings BDC, Inc. Common Stock",other
BBDO,Banco Bradesco Sa American Depositary Shares (each representing one Common Share),other
BBEM,JPMorgan BetaBuilders Emerging Markets Equity ETF,other
BBEU,JPMorgan BetaBuilders Europe ETF,other
BBHL,BBH Select Large Cap ETF,other
BBHM,BBH Select Mid Cap ETF,other
BBHY,JPMorgan BetaBuilders USD High Yield Corporate Bond ETF,other
BBIB,JPMorgan BetaBuilders U.S. Treasury Bond 3-10 Year ETF,other
BBIN,JPMorgan BetaBuilders International Equity ETF,other
BBJP,JPMorgan BetaBuilders Japan ETF,other
BBLB,JPMorgan BetaBuilders U.S. Treasury Bond 20+ Year ETF,other
BBLU,EA Bridgeway Blue Chip ETF,other
BBMC,JPMorgan BetaBuilders U.S. Mid Cap Equity ETF,other
BBN,BlackRock Taxable Municipal Bond Trust Common Shares of Beneficial Interest,other
BBP,Virtus Biotech ETF,other
BBRE,JPMorgan BetaBuilders MSCI U.S. REIT ETF,other
BBSB,JPMorgan BetaBuilders U.S. Treasury Bond 1-3 Year ETF,other
BBSC,JPMorgan BetaBuilders U.S. Small Cap Equity ETF,other
BBT,Beacon Financial Corporation Common stock,other
BBU,Brookfield Business Partners L.P. Limited Partnership Units ,other
BBUC,Brookfield Business Corporation Class A Exchangeable Subordinate Voting Shares,other
BBUS,JPMorgan BetaBuilders U.S. Equity ETF,other
BBVA,Banco Bilbao Vizcaya Argentaria S.A. Common Stock,other
BBW,"Build-A-Bear Workshop, Inc. Common Stock",other
BBWI,"Bath & Body Works, Inc.",other
BBY,"Best Buy Co., Inc. Common Stock",other
BC,Brunswick Corporation Common Stock,other
BC$C,Brunswick Corporation 6.375% Notes due 2049,other
BCAT,BlackRock Capital Allocation Term Trust Common Shares of Beneficial Interest,other
BCC,"Boise Cascade, L.L.C. Common Stock",other
BCCC,Global X Bitcoin Covered Call ETF,other
BCD,abrdn Bloomberg All Commodity Longer Dated Strategy K-1 Free ETF,other
BCDF,Horizon Kinetics Blockchain Development ETF,other
BCE,"BCE, Inc. Common Stock",other
BCGD,Baron Global Durable Advantage ETF,other
BCGS,Bancreek Global Select ETF,other
BCH,Banco De Chile ADS,other
BCHI,GMO Beyond China ETF,other
BCHP,Principal Focused Blue Chip ETF,other
BCHT,Birchtech Corp. Common Stock,other
BCI,abrdn Bloomberg All Commodity Strategy K-1 Free ETF,other
BCIL,Bancreek International Large Cap ETF,other
BCKT,LifeX 2030 Income Bucket ETF,other
BCO,Brinks Company (The) Common Stock,other
BCOR,Grayscale Bitcoin Adopters ETF,other
BCPL,BNY Mellon Core Plus ETF,other
BCS,Barclays PLC Common Stock,other
BCSF,"Bain Capital Specialty Finance, Inc. Common Stock",other
BCSM,Baron SMID Cap ETF,other
BCSS,Bain Capital GSS Investment Corp. Class A Ordinary Shares,other
BCSS.U,"Bain Capital GSS Investment Corp. Units, each consisting of one Class A Ordinary Share and one-fifth of one redeemable warrant",other
BCSS.W,"Bain Capital GSS Investment Corp. Redeemable warrants, each whole warrant exercisable for one Class A ordinary share at an exercise price of $11.50",other
BCUS,Bancreek U.S. Large Cap ETF,other
BCV,"Bancroft Fund, Ltd.",other
BCV$A,Bancroft Fund Limited 5.375% Series A Cumulative Preferred Shares,other
BCX,BlackRock Resources Common Shares of Beneficial Interest,other
BDBT,Bluemonte Core Bond ETF,other
BDC,Belden Inc Common Stock,other
BDCX,"ETRACS Quarterly Pay 1.5x Leveraged MarketVector BDC Liquid Index ETN due June 10, 2050",other
BDCZ,"ETRACS MarketVector Business Development Companies Liquid Index ETN due April 26, 2041",other
BDEC,Innovator U.S. Equity Buffer ETF - December,other
BDIV,AAM Brentview Dividend Growth ETF,other
BDJ,Blackrock Enhanced Equity Dividend Trust,other
BDL,"Flanigan's Enterprises, Inc. Common Stock",other
BDN,Brandywine Realty Trust Common Stock,other
BDRY,Breakwave Dry Bulk Shipping ETF,other
BDVG,IMGP Berkshire Dividend Growth ETF,other
BDX,"Becton, Dickinson and Company Common Stock",other
BE,Bloom Energy Corporation Class A Common Stock,other
BEBE,TGE Value Creative Solutions Corp Class A Ordinary Shares,other
BEBE.U,"TGE Value Creative Solutions Corp Units, each consisting of one Class A ordinary share and one-half of one redeemable warrant",other
BEBE.W,"TGE Value Creative Solutions Corp Redeemable warrants, each whole warrant exercisable for one Class A ordinary share at an exercise price of $11.50 per share",other
BEDZ,AdvisorShares Hotel ETF,other
BEGS,Rareview 2x Bull Cryptocurrency & Precious Metals ETF,other
BEKE,KE Holdings Inc American Depositary Shares (each representing three Class A Ordinary Shares),other
BEMB,iShares J.P. Morgan Broad USD Emerging Markets Bond ETF,other
BEN,"Franklin Resources, Inc. Common Stock",other
BENJ,Horizon Landmark ETF,other
BEP,Brookfield Renewable Partners L.P. Limited Partnership Units,other
BEP$A,"Brookfield Renewable Partners L.P. 5.25% Class A Preferred Limited Partnership Units, Series 17",other
BEPC,Brookfield Renewable Corporation Brookfield Renewable Corporation Class A Subordinate Voting Shares,other
BEPH,Brookfield BRP Holdings (Canada) Inc. 4.625% Perpetual Subordinated Notes,other
BEPI,Brookfield BRP Holdings (Canada) Inc. 4.875% Perpetual Subordinated Notes,other
BEPJ,Brookfield BRP Holdings (Canada) Inc. 7.250% Perpetual Subordinated Notes,other
BERZ,MicroSectors FANG & Innovation -3x Inverse Leveraged ETN,other
BESF,Bastion Energy ETF,other
BESS,Bimergen Energy Corporation Common Stock,other
BESS.W,"Bimergen Energy Corporation Warrants, each share exercisable to purchase one share of Common Stock",other
BETA,"Beta Technologies, Inc. Class A Common Stock",other
BETE,ProShares Bitcoin & Ether Equal Weight ETF,other
BETH,ProShares Bitcoin & Ether Market Cap Weight ETF,other
BETZ,Roundhill Sports Betting & iGaming ETF,other
BEX,Tradr 2X Long BE Daily ETF,other
BEZ,Tradr 2X Short BE Daily ETF,other
BF.A,Brown Forman Inc Class A Common Stock,other
BF.B,Brown Forman Inc Class B Common Stock,other
BFAM,Bright Horizons Family Solutions Inc. Common Stock,other
BFAP,FT Vest Bitcoin Strategy Floor15 ETF April,other
BFEB,Innovator U.S. Equity Buffer ETF - February,other
BFH,"Bread Financial Holdings, Inc. Common Stock",other
BFH$A,"Bread Financial Holdings, Inc. Depositary Shares, each representing a 1/40th interest in a share of 8.625% Non-Cumulative Perpetual Preferred Stock, Series A",other
BFIX,Build Bond Innovation ETF,other
BFJA,FT Vest Bitcoin Strategy Floor15 ETF - January,other
BFJL,FT Vest Bitcoin Strategy Floor15 ETF July,other
BFLB,BufferLABS US Equity Dynamic Buffer ETF,other
BFLY,"Butterfly Network, Inc. Class A Common Stock",other
BFOC,FT Vest Bitcoin Strategy Floor15 ETF - October,other
BFOR,Barron's 400 ETF,other
BFRZ,Innovator Equity Managed 100 Buffer ETF,other
BFS,"Saul Centers, Inc. Common Stock",other
BFS$D,"Saul Centers, Inc. Depositary Shares, each representing 1/100th of a share of 6.125% Series D Cumulative Redeemable Preferred Stock",other
BFS$E,"Saul Centers, Inc. Depositary shares, each representing a 1/100th fractional interest in a share of 6.000% Series E Cumulative Redeemable Preferred Stock",other
BG,Bunge Limited Common Shares,other
BGB,Blackstone Strategic Credit 2027 Term Fund Common Shares of Beneficial Interest,other
BGDV,Bahl & Gaynor Dividend ETF,other
BGH,Barings Global Short Duration High Yield Fund Common Shares of Beneficial Interests,other
BGI,Birks Group Inc. Common Stock,other
BGIG,Bahl & Gaynor Income Growth ETF,other
BGLD,FT Vest Gold Strategy Quarterly Buffer ETF,other
BGR,BlackRock Energy and Resources Trust,other
BGS,"B&G Foods, Inc. Common Stock",other
BGSF,"BGSF, Inc. Common Stock",other
BGSI,Boyd Group Services Inc. Common Shares,other
BGT,BlackRock Floating Rate Income Trust,other
BGX,Blackstone Long Short Credit Income Fund Common Shares,other
BGY,Blackrock Enhanced International Dividend Trust,other
BH,Biglari Holdings Inc. Class B Common Stock,other
BH.A,Biglari Holdings Inc. Class A Common Stock,other
BHB,"Bar Harbor Bankshares, Inc. Common Stock",other
BHC,Bausch Health Companies Inc. Common Stock,other
BHE,"Benchmark Electronics, Inc. Common Stock",other
BHK,Blackrock Core Bond Trust,other
BHM,"Bluerock Homes Trust, Inc. Class A Common Stock",other
BHP,BHP Group Limited American Depositary Shares (Each representing two Ordinary Shares),other
BHR,Braemar Hotels & Resorts Inc. Common Stock,other
BHR$B,"Braemar Hotels & Resorts Inc. 5.50% Series B Cumulative Convertible Preferred Stock, par value $0.01 per share",other
BHR$D,"Braemar Hotels & Resorts Inc. 8.25% Series D Cumulative Preferred Stock,  par value $0.01 per share",other
BHV,BlackRock Virginia Municipal Bond Trust,other
BHVN,Biohaven Ltd. Common Shares ,other
BHYB,Xtrackers USD High Yield BB-B ex Financials ETF,other
BIBL,Inspire 100 ETF,other
BIDD,iShares International Dividend Active ETF,other
BIGY,YieldMax Target 12 Big 50 Option Income ETF,other
BIII,Black Spade Acquisition III Co Class A Ordinary Shares,other
BIII.U,"Black Spade Acquisition III Co Units, each consisting of one Class A ordinary share and one-third of one redeemable warrant",other
BIII.W,"Black Spade Acquisition III Co Redeemable warrants, each whole warrant exercisable for one Class A ordinary share at an exercise price of $11.50",other
BIL,State Street SPDR Bloomberg 1-3 Month T-Bill ETF,other
BILD,Nomura Global Listed Infrastructure ETF,other
BILL,"BILL Holdings, Inc. Common Stock",other
BILS,State Street SPDR Bloomberg 3-12 Month T-Bill ETF,other
BILT,iShares Infrastructure Active ETF,other
BILZ,PIMCO Ultra Short Government Active Exchange-Traded Fund,other
BINC,iShares Flexible Income Active ETF,other
BINT,Bluemonte Global Equity ETF,other
BINV,Brandes International ETF,other
BIO,"Bio-Rad Laboratories, Inc. Class A Common Stock",other
BIO.B,"Bio-Rad Laboratories, Inc. Class B  Common Stock",other
BIP,Brookfield Infrastructure Partners LP Limited Partnership Units,other
BIP$A,"Brookfield Infrastructure Partners LP 5.125% Class A Preferred Limited Partnership Units, Series 13",other
BIP$B,"Brookfield Infrastructure Partners LP 5.000% Class A Preferred Limited Partnership Units, Series 14",other
BIPC,Brookfield Infrastructure Corporation Brookfield Infrastructure Corporation,other
BIPH,Brookfield Infrastructure Corporation 5.000% Subordinated Notes due 2081,other
BIPI,BIP Bermuda Holdings I Limited 5.125% Perpetual Subordinated Notes,other
BIPJ,Brookfield Infrastructure Corporation 7.250% Subordinated Notes due 2084,other
BIRK,Birkenstock Holding plc Ordinary Shares,other
BIT,BlackRock Multi-Sector Income Trust Common Shares of Beneficial Interest,other
BITB,Bitwise Bitcoin ETF ,other
BITC,Bitwise Trendwise Bitcoin and Treasuries Rotation Strategy ETF,other
BITI,ProShares Short Bitcoin ETF,other
BITK,Tuttle Capital IBIT 0DTE Covered Call ETF,other
BITO,ProShares Bitcoin ETF,other
BITQ,Bitwise Crypto Industry Innovators ETF,other
BITU,ProShares Ultra Bitcoin ETF,other
BITW,Common Shares of Beneficial Interest,other
BITX,2x Bitcoin Strategy ETF,other
BITY,Amplify Bitcoin 2% Monthly Option Income ETF,other
BIV,Vanguard Intermediate-Term Bond ETF,other
BIZD,VanEck BDC Income ETF,other
BJ,"BJ's Wholesale Club Holdings, Inc. Common Stock",other
BJAN,Innovator U.S. Equity Buffer ETF - January,other
BJUL,Innovator U.S. Equity Buffer ETF - July,other
BJUN,Innovator U.S. Equity Buffer ETF - June,other
BK,The Bank of New York Mellon Corporation Common Stock,other
BK$K,"The Bank Of New York Mellon Corporation  Depositary Shares, each representing a 1/4,000th interest in a share of Series K Noncumulative Perpetual Preferred Stock",other
BKAG,BNY Mellon Core Bond ETF,other
BKCG,BNY Mellon Concentrated Growth ETF,other
BKCI,BNY Mellon Concentrated International ETF,other
BKD,Brookdale Senior Living Inc. Common Stock,other
BKDV,BNY Mellon Dynamic Value ETF,other
BKE,"Buckle, Inc. (The) Common Stock",other
BKEM,BNY Mellon Emerging Markets Equity ETF,other
BKF,iShares MSCI BIC ETF,other
BKFI,BNY Mellon Active Core Bond ETF,other
BKGI,BNY Mellon Global Infrastructure Income ETF,other
BKH,Black Hills Corporation Common Stock,other
BKHY,BNY Mellon High Yield ETF,other
BKIE,BNY Mellon International Equity ETF,other
BKKT,"Bakkt, Inc. Class A Common Stock",other
BKKT.W,"Bakkt, Inc. Warrants to purchase Class A Common Stock, each Warrant entitles a holder to purchase 1/25th of a share of Class A common stock at an exercise price of $287.50 for one share",other
BKLC,BNY Mellon US Large Cap Core Equity ETF,other
BKLN,Invesco Senior Loan ETF,other
BKMC,BNY Mellon US Mid Cap Core Equity ETF,other
BKSE,BNY Mellon US Small Cap Core Equity ETF,other
BKSY,BlackSky Technology Inc. Class A Common Stock,other
BKSY.W,"BlackSky Technology Inc. Redeemable Warrants, each whole Warrant exercisable for one share of Class A Common Stock",other
BKT,BlackRock Income Trust Inc. (The),other
BKTI,BK Technologies Corporation Common Stock,other
BKU,"BankUnited, Inc. Common Stock",other
BKUI,BNY Mellon Ultra Short Income ETF,other
BKV,BKV Corporation Common Stock,other
BLCO,Bausch + Lomb Corporation Common Shares,other
BLCV,iShares Large Cap Value Active ETF,other
BLD,TopBuild Corp. Common Stock,other
BLDG,Cambria Global Real Estate ETF,other
BLDR,"Builders FirstSource, Inc. Common Stock",other
BLDX,Impax Global Infrastructure ETF,other
BLES,Inspire Global Hope ETF,other
BLGR,Bluemonte Large Cap Growth ETF,other
BLK,"BlackRock, Inc. Common Stock",other
BLND,"Blend Labs, Inc. Class A Common Stock",other
BLOK,Amplify Blockchain Technology ETF,other
BLOX,Nicholas Crypto Income ETF,other
BLSH,Bullish Ordinary Shares,other
BLST,Bluemonte Short Term Bond ETF,other
BLTD,Bluemonte Long Term Bond ETF,other
BLUC,Bluemonte Large Cap Core ETF,other
BLUI,Bluemonte Diversified Income ETF,other
BLUX,Bluemonte Dynamic Total Market ETF,other
BLV,Vanguard Long-Term Bond ETF,other
BLW,Blackrock Limited Duration Income Trust,other
BLX,"Banco Latinoamericano de Comercio Exterior, S.A.",other
BMA,Banco Macro S.A.  ADR (representing Ten Class B Common Shares),other
BMAR,Innovator U.S. Equity Buffer ETF - March,other
BMAY,Innovator U.S. Equity Buffer ETF - May,other
BME,Blackrock Health Sciences Trust,other
BMED,iShares Health Innovation Active ETF,other
BMEZ,BlackRock Health Sciences Term Trust Common Shares of Beneficial Interest,other
BMI,"Badger Meter, Inc. Common Stock",other
BML$G,"Bank of America Corporation Depositary Shares (Each representing a 1/1200th interest in a share of Floating Rate Non-Cumulative Preferred Stock , Series 1)",other
BML$H,"Bank of America Corporation Depositary Shares (Each representing a 1/1200th interest in a Share of Floating Rate Non-Cumulative Preferred Stock, Series 2)",other
BML$J,"Bank of America Corporation Depositary Shares (Each representing a 1/1200th interest in a Share of Floating Rate Non-Cumulative Preferred Stock, Series 4)",other
BML$L,"Bank of America Corporation Depositary Shares (Each representing a 1/1200th Interest in a Share of Floating Rate Non-Cumulative Preferred Stock, Series 5)",other
BMN,BlackRock 2037 Municipal Target Term Trust Common Shares of Beneficial Interest,other
BMNR,"BitMine Immersion Technologies, Inc. Common Stock",other
BMNU,T-REX 2X Long BMNR Daily Target ETF,other
BMNZ,Defiance Daily Target 2X Short BMNR ETF,other
BMO,Bank Of Montreal Common Stock,other
BMVP,Invesco Bloomberg MVP Multi-factor ETF,other
BMY,Bristol-Myers Squibb Company Common Stock,other
BN,Brookfield Corporation Class A Limited Voting Shares,other
BNDC,FlexShares Core Select Bond Fund,other
BNDD,Quadratic Deflation ETF,other
BNDI,NEOS Enhanced Income Aggregate Bond ETF,other
BNDS,Infrastructure Capital Bond Income ETF,other
BNDY,Horizon Core Bond ETF,other
BNED,"Barnes & Noble Education, Inc Common Stock",other
BNGE,First Trust S-Network Streaming and Gaming ETF,other
BNH,"Brookfield Finance Inc. 4.625% Subordinated Notes due October 16, 2080",other
BNJ,Brookfield Finance Inc. 4.50% Perpetual Subordinated Notes,other
BNKD,"MicroSectors U.S. Big Banks -3 Inverse Leveraged ETNs due February 17, 2045",other
BNKU,"MicroSectors U.S. Big Banks 3 Leveraged ETNs due February 17, 2045",other
BNL,"Broadstone Net Lease, Inc. Common Stock",other
BNO,"United States Brent Oil Fund, LP ETV",other
BNOV,Innovator U.S. Equity Buffer ETF - November,other
BNS,Bank Nova Scotia Halifax Pfd 3 Ordinary Shares,other
BNT,Brookfield Wealth Solutions Ltd. Class A Exchangeable Limited Voting Shares,other
BOAT,SonicShares Global Shipping ETF,other
BOBP,CORE16 Best of Breed Premier Index ETF,other
BOBS,"Bob's Discount Furniture, Inc. Common Stock",other
BOC,Boston Omaha Corporation Class A Common Stock,other
BOCT,Innovator U.S. Equity Buffer ETF - October,other
BOE,Blackrock Enhanced Global Dividend Trust Common Shares of Beneficial Interest,other
BOH,Bank of Hawaii Corporation Common Stock,other
BOH$A,"Bank of Hawaii Corporation Depositary Shares Each Representing a 1/40th Interest in a Share of 4.375% Fixed Rate Non-Cumulative Perpetual Preferred Stock, Series A",other
BOH$B,"Bank of Hawaii Corporation Depositary Shares, Each Representing a 1/40th Interest in a Share of 8.000% Fixed Rate Non-Cumulative Perpetual Preferred Stock, Series B",other
BOIL,ProShares Ultra Bloomberg Natural Gas,other
BOND,PIMCO Active Bond Exchange-Traded Fund Exchange-Traded Fund,other
BOOT,"Boot Barn Holdings, Inc. Common Stock",other
BORR,Borr Drilling Limited Common Shares,other
BOUT,Innovator IBD Breakout Opportunities ETF,other
BOW,Bowhead Specialty Holdings Inc. Common Stock,other
BOX,"Box, Inc. Class A Common Stock",other
BOXA,Alpha Architect Aggregate Bond ETF,other
BOXX,Alpha Architect 1-3 Month Box ETF,other
BP,BP p.l.c. Common Stock,other
BPAY,iShares FinTech Active ETF,other
BPH,BP plc ADRhedged,other
BPI,Grayscale Bitcoin Premium Income ETF,other
BPRE,Bluerock Private Real Estate Fund Common Shares of Beneficial Interest,other
BPRO,Bitwise Proficio Currency Debasement ETF,other
BQ,Boqii Holding Limited Class A Ordinary Shares,other
BR,"Broadridge Financial Solutions, Inc. Common Stock",other
BRAZ,Global X Brazil Active ETF,other
BRBR,"BellRing Brands, Inc. Common Stock ",other
BRBS,"Blue Ridge Bankshares, Inc. Common Stock",other
BRC,Brady Corporation Common Stock,other
BRCC,BRC Inc. Class A Common Stock,other
BRCE,MFS Blended Research Core Equity ETF,other
BREE,MFS Blended Research Emerging Markets Equity ETF,other
BRF,VanEck Brazil Small-Cap ETF,other
BRIA,BrilliA Inc Class A Ordinary Shares,other
BRIB,FIS Bright Portfolios Core Bond ETF,other
BRIE,MFS Blended Research International Equity ETF,other
BRIF,FIS Bright Portfolios Focused Equity ETF,other
BRK.A,Berkshire Hathaway Inc. Common Stock,other
BRK.B,Berkshire Hathaway Inc. New Common Stock,other
BRKC,YieldMax BRK.B Option Income Strategy ETF,other
BRKW,Roundhill BRKB WeeklyPay ETF,other
BRLN,iShares Floating Rate Loan Active ETF,other
BRN,"Barnwell Industries, Inc. Common Stock",other
BRO,"Brown & Brown, Inc. Common Stock",other
BROS,Dutch Bros Inc. Class A Common Stock,other
BRSL,"Brightstar Lottery PLC Trading under the Legal Name to begin at the market open on July 21, 2025. Ordinary Shares",other
BRSP,"BrightSpire Capital, Inc. Class A Common Stock",other
BRT,BRT Apartments Corp. (MD) Common Stock,other
BRW,Saba Capital Income & Opportunities Fund SBI,other
BRX,Brixmor Property Group Inc. Common Stock,other
BRZU,Direxion Daily Brazil Bull 2X ETF,other
BSAC,Banco Santander - Chile ADS,other
BSBR,"Banco Santander Brasil SA American Depositary Shares, each representing one unit",other
BSEP,Innovator U.S. Equity Buffer ETF - September,other
BSL,Blackstone Senior Floating Rate 2027 Term Fund Common Shares of Beneficial Interest,other
BSM,"Black Stone Minerals, L.P. Common units representing limited partner interests",other
BSMC,Brandes U.S. Small-Mid Cap Value ETF,other
BSOL,Bitwise Solana Staking ETF,other
BSR,Beacon Selective Risk ETF,other
BST,BlackRock Science and Technology Trust Common Shares of Beneficial Interest,other
BSTP,Innovator Buffer Step-Up Strategy ETF,other
BSTZ,BlackRock Science and Technology Term Trust Common Shares of Beneficial Interest,other
BSV,Vanguard Short-Term Bond ETF,other
BSX,Boston Scientific Corporation Common Stock,other
BTAL,AGF U.S. Market Neutral Anti-Beta Fund,other
BTC,Grayscale Bitcoin Mini Trust (BTC),other
BTCC,Grayscale Bitcoin Covered Call ETF,other
BTCI,NEOS Bitcoin High Income ETF,other
BTCL,T-Rex 2X Long Bitcoin Daily Target ETF,other
BTCO,Invesco Galaxy Bitcoin ETF ,other
BTCW,WisdomTree Bitcoin Fund ,other
BTCZ,T-Rex 2X Inverse Bitcoin Daily Target ETF,other
BTE,Baytex Energy Corp Common Shares,other
BTFL,Defiance Daily Target 2X Long BITF ETF,other
BTG,B2Gold Corp Common shares (Canada),other
BTGO,"BitGo Holdings, Inc. Class A Common Stock",other
BTI,"British American Tobacco  Industries, p.l.c. Common Stock ADR",other
BTO,John Hancock Financial Opportunities Fund Common Stock,other
BTOP,Bitwise Trendwise BTC/ETH and Treasuries Rotation Strategy ETF,other
BTOT,iShares Total USD Fixed Income Market ETF,other
BTR,Beacon Tactical Risk ETF,other
BTRN,Global X Bitcoin Trend Strategy ETF,other
BTT,BlackRock Municipal 2030 Target Term Trust,other
BTU,Peabody Energy Corporation Common Stock ,other
BTX,BlackRock Technology and Private Equity Term Trust Common Shares of Beneficial Interest,other
BTYB,VistaShares BitBonds 5 Yr Enhanced Weekly Distribution ETF,other
BTZ,BlackRock Credit Allocation Income Trust,other
BUCK,Simplify Treasury Option Income ETF,other
BUD,Anheuser-Busch Inbev SA Sponsored ADR (Belgium),other
BUDA,"Buda Juice, Inc. Common Stock",other
BUFB,Innovator Laddered Allocation Buffer ETF,other
BUFD,FT Vest Laddered Deep Buffer ETF,other
BUFF,Innovator Laddered Allocation Power Buffer ETF,other
BUFG,FT Vest Buffered Allocation Growth ETF,other
BUFH,FT Vest Laddered Max Buffer ETF,other
BUFP,PGIM Laddered S&P 500 Buffer 12 ETF,other
BUFQ,FT Vest Laddered Nasdaq Buffer ETF,other
BUFR,FT Vest Laddered Buffer ETF,other
BUFS,FT Vest Laddered Small Cap Moderate Buffer ETF,other
BUFT,FT Vest Buffered Allocation Defensive ETF,other
BUFX,FT Vest Laddered Enhance & Moderate Buffer ETF,other
BUFY,FT Vest Laddered International Moderate Buffer ETF,other
BUFZ,FT Vest Laddered Moderate Buffer ETF,other
BUI,"BlackRock Utility, Infrastructure & Power Opportunities Trust",other
BUI.R,"BlackRock Utility, Infrastructure & Power Opportun Rights (expiring April 2, 2026) Rights",other
BUL,Pacer US Cash Cows Growth ETF,other
BULZ,MicroSectors FANG & Innovation 3x Leveraged ETN,other
BUR,Burford Capital Limited Ordinary Shares,other
BURL,"Burlington Stores, Inc. Common Stock",other
BURU,"Nuburu, Inc. Common Stock",other
BUSA,Brandes U.S. Value ETF,other
BUXX,Strive Enhanced Income Short Maturity ETF,other
BUYO,KraneShares Man Buyout Beta Index ETF,other
BUYW,Main BuyWrite ETF,other
BUYZ,Franklin Disruptive Commerce ETF,other
BUZZ,VanEck Social Sentiment ETF,other
BV,"BrightView Holdings, Inc. Common Stock",other
BVAL,Bluemonte Large Cap Value ETF,other
BVN,Buenaventura Mining Company Inc.,other
BW,"Babcock & Wilcox Enterprises, Inc. Common Stock",other
BW$A,"Babcock & Wilcox Enterprises, Inc. 7.75% Series A Cumulative Perpetual Preferred Stock",other
BWA,BorgWarner Inc. Common Stock,other
BWEB,Bitwise Web3 ETF,other
BWET,Breakwave Tanker Shipping ETF,other
BWG,BrandywineGLOBAL Global Income Opportunities Fund Inc.,other
BWIV.U,"Blue Water Acquisition Corp. IV Units, each consisting of one Class A ordinary share and one-half of one redeemable warrant",other
BWLP,BW LPG Limited Common Shares,other
BWMX,"Betterware de Mexico, S.A.P.I. de C.V. Ordinary Shares",other
BWNB,"Babcock & Wilcox Enterprises, Inc. 6.50% Senior Notes due 2026",other
BWOW,Bitwise Dogecoin ETF,other
BWTG,Brendan Wood TopGun Index ETF,other
BWX,SPDR Bloomberg International Treasury Bond ETF,other
BWXT,"BWX Technologies, Inc. Common Stock",other
BWZ,SPDR Bloomberg Short Term International Treasury Bond ETF,other
BX,Blackstone Inc. Common Stock,other
BXC,Bluelinx Holdings Inc. Common Stock,other
BXMT,"Blackstone Mortgage Trust, Inc. Common Stock",other
BXMX,Nuveen S&P 500 Buy-Write Income Fund Common Shares of Beneficial Interest,other
BXP,"BXP, Inc. Common Stock",other
BXSL,Blackstone Secured Lending Fund Common Shares of Beneficial Interest,other
BY,"Byline Bancorp, Inc. Common Stock",other
BYD,Boyd Gaming Corporation Common Stock,other
BYLD,iShares Yield Optimized Bond ETF,other
BYRE,Principal Real Estate Active Opportunities ETF,other
BZH,"Beazer Homes USA, Inc. Common Stock",other
BZQ,ProShares UltraShort MSCI Brazil Capped,other
C,"Citigroup, Inc. Common Stock",other
C$N,Citigroup Capital XIII 7.875% Fixed rate Floating Rate trust Preferred Securities (TruPS),other
C$R,"Citigroup Inc. Depositary Shares, Each Representing a 1/1,000th Interest in a Share of 6.250% Noncumulative Preferred Stock, Series II",other
CAAA,First Trust AAA CMBS ETF,other
CAAP,Corporacion America Airports SA Common Shares,other
CABO,"Cable One, Inc. Common Stock",other
CABZ,"Roundhill Robotaxi, Autonomous Vehicles & Technology ETF",other
CACI,"CACI International, Inc. Class A Common Stock",other
CAE,CAE Inc. Ordinary Shares,other
CAF,Morgan Stanley China A Share Fund Inc. Common Stock,other
CAFX,Congress Intermediate Bond ETF,other
CAG,"ConAgra Brands, Inc. Common Stock",other
CAH,"Cardinal Health, Inc. Common Stock",other
CAIE,Calamos Autocallable Income ETF,other
CAL,"Caleres, Inc. Common Stock",other
CALF,Pacer US Small Cap Cash Cows ETF,other
CALX,"Calix, Inc Common Stock",other
CALY,Callaway Golf Company Common Stock,other
CAM,AB California Intermediate Municipal ETF,other
CAML,Congress Large Cap Growth ETF,other
CAMX,Cambiar Aggressive Value ETF,other
CANE,Teucrium Sugar Fund ETV,other
CANF,"Can-Fite Biopharma Ltd American Depositary Shares, each representing two (2) Ordinary Shares",other
CANG,Cango Inc. Class A Ordinary Shares,other
CAOS,Alpha Architect Tail Risk ETF,other
CAPE,DoubleLine Shiller CAPE U.S. Equities ETF,other
CAPL,CrossAmerica Partners LP Common Units representing limited partner interests,other
CARD,MAX Auto Industry -3x Inverse Leveraged ETN,other
CARK,CastleArk Large Growth ETF,other
CARR,Carrier Global Corporation Common Stock ,other
CARS,Cars.com Inc. Common Stock ,other
CARU,MAX Auto Industry 3x Leveraged ETN,other
CAS,Simplify China A Shares PLUS Income ETF,other
CAT,"Caterpillar, Inc. Common Stock",other
CATF,American Century California Municipal Bond ETF,other
CATO,Cato Corporation (The) Class A Common Stock,other
CATX,"Perspective Therapeutics, Inc. Common Stock",other
CAVA,"CAVA Group, Inc. Common Stock",other
CB,Chubb Limited  Common Stock,other
CBAN,"Colony Bankcorp, Inc. Common Stock",other
CBL,"CBL & Associates Properties, Inc. Common Stock",other
CBLS,Clough Hedged Equity ETF,other
CBNA,"Chain Bridge Bancorp, Inc. Class A Common Stock",other
CBO,CBO (Listing Market - NYSE - Networks A/E) Common Stock,other
CBOA,Calamos Bitcoin Structured Alt Protection ETF - April,other
CBOE,"Cboe Global Markets, Inc. Common Stock",other
CBOJ,Calamos Bitcoin Structured Alt Protection ETF - January,other
CBOL,Calamos Laddered Bitcoin Structured Alt Protection ETF,other
CBON,VanEck China Bond ETF,other
CBOO,Calamos Bitcoin Structured Alt Protection ETF - October,other
CBOY,Calamos Bitcoin Structured Alt Protection ETF - July,other
CBRE,CBRE Group Inc Common Stock Class A,other
CBSE,Clough Select Equity ETF,other
CBT,Cabot Corporation Common Stock,other
CBTA,Calamos Bitcoin 80 Series Structured Alt Protection ETF - April,other
CBTJ,Calamos Bitcoin 80 Series Structured Alt Protection ETF - January,other
CBTL,Calamos Laddered Bitcoin 80 Series Structured Alt Protection ETF,other
CBTO,Calamos Bitcoin 80 Series Structured Alt Protection ETF - October,other
CBTY,Calamos Bitcoin 80 Series Structured Alt Protection ETF - July,other
CBU,"Community Financial System, Inc. Common Stock",other
CBX,CBX (Listing Market NYSE Networks AE) Common Stock,other
CBXA,Calamos Bitcoin 90 Series Structured Alt Protection ETF - April,other
CBXJ,Calamos Bitcoin 90 Series Structured Alt Protection ETF - January,other
CBXL,Calamos Laddered Bitcoin 90 Series Structured Alt Protection ETF,other
CBXO,Calamos Bitcoin 90 Series Structured Alt Protection ETF - October,other
CBXY,Calamos Bitcoin 90 Series Structured Alt Protection ETF - July,other
CBZ,"CBIZ, Inc. Common Stock",other
CC,Chemours Company (The) Common Stock,other
CCEF,Calamos CEF Income & Arbitrage ETF,other
CCEL,"Cryo-Cell International, Inc. Common Stock",other
CCI,Crown Castle Inc. Common Stock,other
CCID,Carlyle Credit Income Fund 7.375% Series D Term Preferred Shares due 2028,other
CCIF,Carlyle Credit Income Fund Shares of Beneficial Interest,other
CCJ,Cameco Corporation Common Stock,other
CCK,"Crown Holdings, Inc.",other
CCL,Carnival Corporation Common Stock,other
CCM,Concord Medical Services Holdings Limited American Depositary Shares (Each represents thirty (30) Class A ordinary shares),other
CCO,"Clear Channel Outdoor Holdings, Inc. Common Stock",other
CCOM,Simplify Chinese Commodities Strategy No K-1 ETF,other
CCOR,Core Alternative ETF,other
CCRP,Columbia Corporate Bond ETF,other
CCS,"Century Communities, Inc. Common Stock",other
CCU,"Compania Cervecerias Unidas, S.A. Common Stock",other
CCUP,T-REX 2X Long CRCL Daily Target ETF,other
CCZ,Comcast Holdings ZONES,other
CDE,"Coeur Mining, Inc. Common Stock",other
CDEI,"Calvert US Large-Cap Diversity, Equity and Inclusion Index ETF",other
CDLR,Cadeler A/S American Depositary Share (each representing four (4) Ordinary Shares),other
CDP,COPT Defense Properties Common Shares of Beneficial Interest,other
CDR$B,"Cedar Realty Trust, Inc. 7.25% Series B Cumulative Redeemable Preferred Stock",other
CDR$C,"Cedar Realty Trust, Inc. 6.50% Series C Cumulative Redeemable Preferred Stock",other
CDRE,"Cadre Holdings, Inc. Common Stock",other
CDX,Simplify High Yield ETF,other
CE,Celanese Corporation Common Stock,other
CEE,"The Central and Eastern Europe Fund, Inc. (The) Common Stock",other
CEF,Sprott Physical Gold and Silver Trust Units,other
CEFD,ETRACS Monthly Pay 1.5X Leveraged Closed-End Fund Index ETN,other
CEFS,Saba Closed-End Funds ETF,other
CEFZ,RiverNorth Active Income ETF,other
CEGX,Tradr 2X Long CEG Daily ETF,other
CELG.R,Bristol-Myers Squibb Company Celegne Contingent Value Rights,other
CEMB,iShares J.P. Morgan EM Corporate Bond ETF,other
CEPU,Central Puerto S.A. American Depositary Shares (each represents ten Common Shares),other
CERY,State Street SPDR Bloomberg Enhanced Roll Yield Commodity Strategy No K-1 ETF,other
CET,Central Securities Corporation Common Stock,other
CEV,Eaton Vance California Municipal Income Trust Shares of Beneficial Interest,other
CEW,WisdomTree Emerging Currency Strategy Fund,other
CF,"CF Industries Holdings, Inc. Common Stock",other
CFG,"Citizens Financial Group, Inc. Common Stock",other
CFG$E,"Citizens Financial Group, Inc. Depositary Shares Each Representing 1/40th Interest in a Share of 5.000% Fixed-Rate Non-Cumulative Perpetual Preferred Stock, Series E",other
CFG$H,"Citizens Financial Group, Inc. Depositary Shares Each Representing a 1/40th Interest in a Share of 7.375% Fixed-Rate Non-Cumulative Perpetual Preferred Stock, Series H",other
CFG$I,"Citizens Financial Group, Inc. Depositary Shares, Each Representing a 1/40th Interest in a Share of 6.500% Fixed-Rate Reset Non-Cumulative Perpetual Preferred Stock, Series I",other
CFIT,Cambria Fixed Income Trend ETF,other
CFND,C1 Fund Inc. Common Stock,other
CFR,"Cullen/Frost Bankers, Inc. Common Stock",other
CFR$B,"Cullen/Frost Bankers, Inc. Depositary Shares, each representing a 1/40th ownership interest in a share of 4.450% non-cumulative perpetual preferred stock, Series B",other
CGAU,Centerra Gold Inc. Common Shares,other
CGBL,Capital Group Core Balanced ETF,other
CGCB,Capital Group Core Bond ETF,other
CGCP,Capital Group Core Plus Income ETF,other
CGCV,Capital Group Conservative Equity ETF,other
CGDG,Capital Group Dividend Growers ETF,other
CGDV,Capital Group Dividend Value ETF,other
CGGE,Capital Group Global Equity ETF,other
CGGG,Capital Group U.S. Large Growth ETF,other
CGGO,Capital Group Global Growth Equity ETF,other
CGGR,Capital Group Growth ETF,other
CGHM,Capital Group Municipal High-Income ETF,other
CGHY,Capital Group High Yield Bond ETF,other
CGIB,Capital Group International Bond ETF (USD-Hedged),other
CGIC,Capital Group International Core Equity ETF,other
CGIE,Capital Group International Equity ETF,other
CGMM,Capital Group U.S. Small and Mid Cap ETF,other
CGMS,Capital Group U.S. Multi-Sector Income ETF,other
CGMU,Capital Group Municipal Income ETF,other
CGNG,Capital Group New Geography Equity ETF,other
CGRO,CoreValues Alpha Greater China Growth ETF,other
CGSD,Capital Group Short Duration Income ETF,other
CGSM,Capital Group Short Duration Municipal Income ETF,other
CGUI,Capital Group Ultra Short Income ETF,other
CGUS,Capital Group Core Equity ETF,other
CGV,Conductor Global Equity Value ETF,other
CGVV,Capital Group U.S. Large Value ETF,other
CGW,Invesco S&P Global Water Index ETF,other
CGXU,Capital Group International Focus Equity ETF,other
CHAT,Roundhill Generative AI & Technology ETF,other
CHAU,Direxion Daily CSI 300 China A Share Bull 2X ETF,other
CHCT,Community Healthcare Trust Incorporated Common Stock,other
CHD,"Church & Dwight Company, Inc. Common Stock",other
CHE,Chemed Corp,other
CHGG,"Chegg, Inc. Common Stock",other
CHH,"Choice Hotels International, Inc. Common Stock",other
CHIQ,Global X MSCI China Consumer Discretionary ETF,other
CHMI,Cherry Hill Mortgage Investment Corporation Common Stock,other
CHMI$A,Cherry Hill Mortgage Investment Corporation 8.20% Series A Cumulative Redeemable Preferred Stock,other
CHMI$B,Cherry Hill Mortgage Investment Corporation 8.250% Series B Fixed-to-Floating Rate Cumulative Redeemable Preferred Stock,other
CHOW,ChowChow Cloud International Holdings Limited Ordinary Shares,other
CHPT,"ChargePoint Holdings, Inc. Common Stock",other
CHPY,YieldMax Semiconductor Portfolio Option Income ETF,other
CHT,"Chunghwa Telecom Co., Ltd.",other
CHWY,"Chewy, Inc. Class A Common Stock",other
CI,The Cigna Group Common Stock,other
CIA,"Citizens, Inc. Class A Common Stock ($1.00 Par)",other
CIB,Grupo Cibest S.A. American Depositary Shares each representing four Preferred Shares,other
CICB,CION Investment Corporation 7.50% Notes due 2029,other
CICC,CION Investment Corporation 7.50% Notes due 2031,other
CIEN,Ciena Corporation Common Stock,other
CIF,MFS Intermediate High Income Fund Common Stock,other
CIFU,T-REX 2X Long CIFR Daily Target ETF,other
CIG,Comp En De Mn Cemig ADS American Depositary Shares,other
CIG.C,Comp En De Mn Cemig ADS American Depositary Receipts,other
CII,"BlackRock Enhanced Large Cap Core Fund, Inc. Common Stock",other
CIK,"Credit Suisse Asset Management Income Fund, Inc. Common Stock",other
CIM,Chimera Investment Corporation Common Stock,other
CIM$A,Chimera Investment Corporation 8.00% Series A Cumulative Redeemable Preferred Stock,other
CIM$B,Chimera Investment Corporation 8.00% Series B Fixed-to-Floating Rate Cumulative Redeemable Preferred Stock,other
CIM$C,Chimera Investment Corporation 7.75% Series C Fixed-to-Floating Rate  Cumulative Redeemable  Preferred Stock,other
CIM$D,Chimera Investment Corporation 8.00% Series D Fixed-to-Floating Rate Cumulative Redeemable Preferred Stock,other
CIMN,Chimera Investment Corporation 9.000% Senior Notes due 2029,other
CIMO,Chimera Investment Corporation 9.250% Senior Notes due 2029,other
CIMP,Chimera Investment Corporation 8.875% Senior Notes due 2030,other
CINT,CI&T Inc Class A Common Shares,other
CION,CION Investment Corporation Common Stock,other
CITR,CitroTech Inc. Common Stock,other
CIX,CompX International Inc. Common Stock,other
CKX,"CKX Lands, Inc. Common Stock",other
CL,Colgate-Palmolive Company Common Stock,other
CLB,Core Laboratories Inc. Common Stock,other
CLBR.U,"Colombier Acquisition Corp. III Units, each consisting of one Class A ordinary share and one-eighth of one warrant",other
CLCG,Crossmark Large Cap Growth ETF,other
CLCV,Crossmark Large Cap Value ETF,other
CLDI,"Calidi Biotherapeutics, Inc. Common Stock",other
CLDT,Chatham Lodging Trust (REIT) Common Shares of Beneficial Interest,other
CLDT$A,Chatham Lodging Trust (REIT) 6.625% Series A Cumulative Redeemable Preferred Shares of Beneficial Interest,other
CLF,Cleveland-Cliffs Inc. Common Stock,other
CLH,"Clean Harbors, Inc. Common Stock",other
CLIM,Climate Global - Climate Resilient REIT Index ETF,other
CLIP,Global X 1-3 Month T-Bill ETF,other
CLIX,ProShares Long Online/Short Stores ETF,other
CLM,"Cornerstone Strategic Investment Fund, Inc. Common Shares",other
CLNK,Common Shares of Beneficial Interest of Bitwise Chainlink ETF,other
CLOB,VanEck AA-BB CLO ETF,other
CLOC,AAM Crescent CLO ETF,other
CLOI,VanEck CLO ETF,other
CLOX,Eldridge AAA CLO ETF,other
CLOZ,Eldridge BBB-B CLO ETF,other
CLPR,Clipper Realty Inc. Common Stock,other
CLS,"Celestica, Inc. Common Stock",other
CLSE,Convergence Long/Short Equity ETF,other
CLSX,Tradr 2X Long CLSK Daily ETF,other
CLSZ,Tradr 2X Short CLSK Daily ETF,other
CLVT,Clarivate Plc Ordinary Shares,other
CLW,Clearwater Paper Corporation Common Stock,other
CLX,Clorox Company (The) Common Stock,other
CM,Canadian Imperial Bank of Commerce Common Stock,other
CMBS,iShares CMBS Bond ETF,other
CMBT,CMB.TECH NV Ordinary Shares,other
CMC,Commercial Metals Company Common Stock,other
CMCI,VanEck CMCI Commodity Strategy ETF,other
CMCL,Caledonia Mining Corporation Plc Common Shares,other
CMCM,"Cheetah Mobile Inc. American Depositary Shares, each representing fifty (50) Class A Ordinary Shares",other
CMDB,Costamare Bulkers Holdings Limited Common Stock,other
CMDT,PIMCO Commodity Strategy Active Exchange-Traded Fund,other
CMDY,iShares Bloomberg Roll Select Commodity Strategy ETF,other
CMF,iShares California Muni Bond ETF,other
CMG,"Chipotle Mexican Grill, Inc. Common Stock",other
CMI,Cummins Inc. Common Stock,other
CMP,Compass Minerals Intl Inc Common Stock,other
CMRE,Costamare Inc. Common Stock $0.0001 par value,other
CMRE$B,Costamare Inc. Perpetual Preferred Stock Series B (Marshall Islands),other
CMRE$C,Costamare Inc. Perpetual Preferred Series C (Marshall Islands),other
CMRE$D,Costamare Inc. 8.75% Series D Cumulative Redeemable Perpetual Preferred Stock,other
CMS,CMS Energy Corporation Common Stock,other
CMS$B,CMS Energy Corporation Preferred Stock,other
CMS$C,"CMS Energy Corporation Depositary Shares, each representing a 1/1,000th interest in a share of 4.200% Cumulative Redeemable Perpetual Preferred Stock, Series C",other
CMSA,CMS Energy Corporation 5.625% Junior Subordinated Notes due 2078,other
CMSC,CMS Energy Corporation 5.875% Junior Subordinated Notes due 2078,other
CMSD,CMS Energy Corporation 5.875% Junior Subordinated Notes due 2079,other
CMT,Core Molding Technologies Inc Common Stock,other
CMTG,"Claros Mortgage Trust, Inc. Common Stock",other
CMU,MFS Municipal Income Trust Common Stock,other
CNA,CNA Financial Corporation Common Stock,other
CNAV,Mohr Company Nav ETF,other
CNBS,Amplify Seymour Cannabis ETF,other
CNC,Centene Corporation Common Stock,other
CNEQ,Alger Concentrated Equity ETF,other
CNF,"CNFinance Holdings Limited American Depositary Shares, each representing two hundred (200) Ordinary Shares",other
CNH,CNH Industrial N.V. Common Shares,other
CNI,Canadian National Railway Company Common Stock,other
CNK,"Cinemark Holdings Inc Cinemark Holdings, Inc. Common Stock",other
CNL,Collective Mining Ltd. Common Shares,other
CNM,"Core & Main, Inc. Class A Common Stock",other
CNMD,CONMED Corporation Common Stock,other
CNNE,"Cannae Holdings, Inc. Common Stock",other
CNO,"CNO Financial Group, Inc. Common Stock",other
CNO$A,"CNO Financial Group, Inc. 5.125% Subordinated Debentures due 2060",other
CNP,"CenterPoint Energy, Inc (Holding Co) Common Stock",other
CNQ,Canadian Natural Resources Limited Common Stock,other
CNR,"Core Natural Resources, Inc. Common Stock",other
CNRG,State Street SPDR S&P Kensho Clean Power ETF,other
CNS,Cohen & Steers Inc Common Stock,other
CNX,CNX Resources Corporation Common Stock,other
CNXT,VanEck ChiNext ETF,other
CNYA,iShares MSCI China A ETF,other
COAL,Range Global Coal Index ETF,other
CODI,D/B/A Compass Diversified Holdings Shares of Beneficial Interest,other
CODI$A,Compass Diversified Holdings 7.250% Series A Preferred Shares representing beneficial interest in Compass Diversified Holdings,other
CODI$B,Compass Diversified Holdings 7.875% Series B Fixed-to-Floating Rate Cumulative Preferred Shares representing beneficial interests in Compass Diversified Holdings,other
CODI$C,Compass Diversified Holdings 7.875% Series C Cumulative Preferred Shares,other
COE,"51Talk Online Education Group American depositary shares, each representing 60 Class A ordinary shares",other
COF,Capital One Financial Corporation Common Stock,other
COF$I,"Capital One Financial Corporation Depositary shares each representing a 1/40th interest in a share of Fixed Rate Non-Cumulative Perpetual Preferred Stock, Series I of the Issuer",other
COF$J,"Capital One Financial Corporation Depositary Shares, Each Representing a 1/40th Interest in a Share of Fixed Rate Non- Cumulative Perpetual Preferred Stock, Series J",other
COF$K,"Capital One Financial Corporation Depositary Shares, Each Representing a 1/40th Ownership Interest in a Share of Fixed Rate Non-Cumulative Perpetual Preferred Stock, Series K",other
COF$L,"Capital One Financial Corporation Depositary Shares, Each Representing a 1/40th Interest in a Share of Fixed Rate Non-Cumulative Perpetual Preferred Stock, Series L",other
COF$N,"Capital One Financial Corporation Depositary Shares, Each Representing a 1/40th Ownership Interest in a Share of Fixed Rate Non-Cumulative Perpetual Preferred Stock, Series N",other
COHN,Cohen & Company Inc.,other
COHR,Coherent Corp. Common Stock,other
COHX,Tradr 2X Long COHR Daily ETF,other
COIA,ProShares Ultra COIN,other
COII,REX COIN Growth & Income ETF,other
COIO,Leverage Shares 2x Capped Accelerated COIN Monthly ETF,other
COIW,Roundhill COIN WeeklyPay ETF,other
COLD,"Americold Realty Trust, Inc. Common Stock",other
COLO,Global X MSCI Colombia ETF,other
COM,Direxion Auspice Broad Commodity Strategy ETF,other
COMB,GraniteShares Bloomberg Commodity Broad Strategy No K-1 ETF,other
COMD,Global X Commodity Strategy ETF,other
COMP,"Compass, Inc. Class A Common Stock",other
CON,"Concentra Group Holdings Parent, Inc. Common Stock",other
CONY,YieldMax COIN Option Income Strategy ETF,other
COOK,"Traeger, Inc. Common Stock",other
COP,ConocoPhillips Common Stock,other
COPA,Themes Copper Miners ETF,other
COPL,Copley Acquisition Corp Ordinary Shares,other
COPL.U,"Copley Acquisition Corp Units, each consisting of one ordinary share and one-half warrant",other
COPL.W,"Copley Acquisition Corp Redeemable warrants, each whole warrant exercisable for one Class A ordinary share at an exercise price of $11.50",other
COPX,Global X Copper Miners ETF,other
COPY,"Tweedy, Browne Insider + Value ETF",other
COPZ,Defiance Daily Target 2x Long Copper ETF,other
COR,"Cencora, Inc. Common Stock",other
CORB,AB Core Bond ETF,other
CORD,T-REX 2X Inverse CRWV Daily Target ETF,other
CORN,Teucrium Corn Fund ETV,other
CORP,PIMCO Investment Grade Corporate Bond Index Exchange-Traded Fund,other
COSO,"CoastalSouth Bancshares, Inc. Common Stock",other
COSW,Roundhill COST WeeklyPay ETF,other
COTY,Coty Inc. Class A Common Stock,other
COUR,"Coursera, Inc. Common Stock",other
COWZ,Pacer US Cash Cows 100 ETF,other
COZX,Tradr 2X Long CORZ Daily ETF,other
CP,Canadian Pacific Kansas City Limited Common Shares,other
CPA,"Copa Holdings, S.A. Class A Common Stock",other
CPAC,Cementos Pacasmayo S.A.A. American Depositary Shares (Each representing five Common Shares),other
CPAI,Counterpoint Quantitative Equity ETF,other
CPAY,"Corpay, Inc. Common Stock",other
CPER,United States Copper Index Fund ETV,other
CPF,Central Pacific Financial Corp New,other
CPHI,"China Pharma Holdings, Inc. Common Stock",other
CPII,American Beacon Ionic Inflation Protection ETF,other
CPK,Chesapeake Utilities Corporation Common Stock,other
CPLB,NYLI MacKay Core Plus Bond ETF,other
CPNG,"Coupang, Inc. Class A Common Stock",other
CPNJ,Calamos Nasdaq - 100 Structured Alt Protection ETF -June,other
CPNM,Calamos Nasdaq-100 Structured Alt Protection ETF - March,other
CPNQ,Calamos Nasdaq-100 Structured Alt Protection ETF December,other
CPNS,Calamos Nasdaq-100 Structured Alt Protection ETF  September,other
CPRA,Calamos Russell 2000 Structured Alt Protection ETF - April,other
CPRI,Capri Holdings Limited Ordinary Shares,other
CPRJ,Calamos Russell 2000 Structured Alt Protection ETF  July,other
CPRO,Calamos Russell 2000 Structured Alt Protection ETF - October,other
CPRY,Calamos Russell 2000 Structured Alt Protection ETF January,other
CPS,Cooper-Standard Holdings Inc. Common Stock,other
CPSA,Calamos S&P 500 Structured Alt Protection ETF  August,other
CPSD,Calamos S&P 500 Structured Alt Protection ETF December,other
CPSF,Calamos S&P 500 Structured Alt Protection ETF February,other
CPSJ,Calamos S&P 500 Structured Alt Protection ETF  July,other
CPSL,Calamos Laddered S&P 500 Structured Alt Protection ETF,other
CPSM,Calamos S&P 500 Structured Alt Protection ETF  May,other
CPSN,Calamos S&P 500 Structured Alt Protection ETF November,other
CPSO,Calamos S&P 500 Structured Alt Protection ETF - October,other
CPSP,Calamos S&P 500 Structured Alt Protection ETF - April,other
CPSR,Calamos S&P 500 Structured Alt Protection ETF - March,other
CPST,Calamos S&P 500 Structured Alt Protection ETF  September,other
CPSU,Calamos S&P 500 Structured Alt Protection ETF June,other
CPSY,Calamos S&P 500 Structured Alt Protection ETF January,other
CPT,Camden Property Trust Common Stock,other
CPXR,USCF Daily Target 2X Copper Index ETF,other
CQP,"Cheniere Energy Partners, LP Common Units",other
CQQQ,Invesco China Technology ETF,other
CR,Crane Company Common Stock,other
CRAK,VanEck Oil Refiners ETF,other
CRBD,Corebridge Financial Inc. 6.375% Junior Subordinated Notes due 2064,other
CRBG,Corebridge Financial Inc. Common Stock,other
CRBN,iShares Low Carbon Optimized MSCI ACWI ETF,other
CRC,California Resources Corporation Common Stock,other
CRCA,ProShares Ultra CRCL,other
CRCD,T-REX 2X Inverse CRCL Daily Target ETF,other
CRCL,"Circle Internet Group, Inc. Class A Common Stock",other
CRCO,YieldMax CRCL Option Income Strategy ETF,other
CRD.A,Crawford & Company Common Stock,other
CRD.B,Crawford & Company Common Stock,other
CRDT,Simplify Opportunistic Income ETF,other
CRDU,Tradr 2X Long CRDO Daily ETF,other
CRED,Columbia Research Enhanced Real Estate ETF,other
CRF,"Cornerstone Total Return Fund, Inc. (The) Common Stock",other
CRGY,Crescent Energy Company Class A Common Stock,other
CRH,CRH PLC Ordinary Shares,other
CRI,"Carter's, Inc. Common Stock",other
CRK,"Comstock Resources, Inc. Common Stock",other
CRL,"Charles River Laboratories International, Inc. Common Stock",other
CRM,"Salesforce, Inc. Common Stock",other
CRMX,Tradr 2X Long CRML Daily ETF,other
CRPT,First Trust SkyBridge Crypto Industry and Digital Economy ETF,other
CRS,Carpenter Technology Corporation Common Stock,other
CRSH,YieldMax Short TSLA Option Income Strategy ETF,other
CRT,Cross Timbers Royalty Trust Common Stock,other
CRTC,Xtrackers US National Critical Technologies ETF,other
CRUX,Columbia Core Bond ETF,other
CRWU,T-REX 2X Long CRWV Daily Target ETF,other
CRXP,Columbia Core Plus Bond ETF,other
CSAN,Cosan S.A. ADS,other
CSD,Invesco S&P Spin-Off ETF,other
CSEX,Tradr 2X Long CLS Daily ETF,other
CSHI,NEOS Enhanced Income 1-3 Month T-Bill ETF,other
CSHP,iShares Enhanced Short-Term Bond Active ETF,other
CSIO,Cohen & Steers Infrastructure Opportunities Active ETF,other
CSL,Carlisle Companies Incorporated Common Stock,other
CSM,ProShares Large Cap Core Plus,other
CSMD,Congress SMid Growth ETF,other
CSNR,Cohen & Steers Natural Resources Active ETF,other
CSPF,Cohen & Steers Preferred and Income Opportunities Active ETF,other
CSR,D/B/A Centerspace Common Stock,other
CSRE,Cohen & Steers Real Estate Active ETF,other
CSSD,Cohen & Steers Short Duration Preferred and Income Active ETF,other
CSTK,Invesco Comstock Contrarian Equity ETF,other
CSTM,Constellium SE Ordinary Shares (France),other
CSV,"Carriage Services, Inc. Common Stock",other
CSW,"CSW Industrials, Inc. Common Stock",other
CTA,Simplify Managed Futures Strategy ETF,other
CTA$A,"EIDP, Inc. Preferred Stock $3.50 Series",other
CTA$B,"EIDP, Inc. Preferred Stock $4.50 Series",other
CTAP,Simplify US Equity PLUS Managed Futures Strategy ETF,other
CTBB,Qwest Corporation 6.5% Notes due 2056,other
CTDD,Qwest Corporation 6.75% Notes due 2057,other
CTEF,Castellan Targeted Equity ETF,other
CTEST,NYSE Test One Common Stock,other
CTEST.E,NYSE Test One Common Stock,other
CTEST.G,NYSE Test One Common Stock,other
CTEST.L,NYSE Test One Common Stock,other
CTEST.O,NYSE Test One Common Stock,other
CTEST.S,NYSE Test Six Common Stock,other
CTEST.V,NYSE Test One Common Stock,other
CTEV,Claritev Corporation Class A Common Stock,other
CTEX,ProShares S&P Kensho Cleantech ETF,other
CTGO,"Contango ORE, Inc. Common Stock",other
CTIF,Castellan Targeted Income ETF,other
CTM,"Castellum, Inc. Common Stock",other
CTO,"CTO Realty Growth, Inc. Common Stock",other
CTO$A,"CTO Realty Growth, Inc. 6.375% Series A Cumulative Redeemable Preferred Stock",other
CTOS,"Custom Truck One Source, Inc. Common Stock",other
CTRA,Coterra Energy Inc. Common Stock,other
CTRE,"CareTrust REIT, Inc. Common Stock",other
CTRI,"Centuri Holdings, Inc. Common Stock",other
CTS,CTS Corporation Common Stock,other
CTVA,"Corteva, Inc. Common Stock ",other
CTWO,Common units,other
CUBB,"Customers Bancorp, Inc 5.375% Subordinated Notes Due 2034",other
CUBE,CubeSmart Common Shares,other
CUBI,"Customers Bancorp, Inc Common Stock",other
CUK,Carnival Plc ADS ADS,other
CURB,Curbline Properties Corp. Common Stock,other
CURE,Direxion Daily Healthcare Bull 3X ETF,other
CURV,Torrid Holdings Inc. Common Stock,other
CUT,Invesco MSCI Global Timber ETF,other
CUZ,Cousins Properties Incorporated Common Stock,other
CVAR,Cultivar ETF,other
CVE,Cenovus Energy Inc Common Stock,other
CVEO,Civeo Corporation (Canada) Common Shares,other
CVI,CVR Energy Inc. Common Stock,other
CVIE,Calvert International Responsible Index ETF,other
CVLC,Calvert US Large-Cap Core Responsible Index ETF,other
CVLG,"Covenant Logistics Group, Inc. Class A Common Stock",other
CVM,Cel-Sci Corporation Common Stock,other
CVMC,Calvert US Mid-Cap Core Responsible Index ETF,other
CVNA,Carvana Co. Class A Common Stock,other
CVNY,YieldMax CVNA Option Income Strategy ETF,other
CVR,Chicago Rivet & Machine Co. Common Stock,other
CVRD,Madison Covered Call ETF,other
CVRT,Calamos Convertible Equity Alternative ETF,other
CVS,CVS Health Corporation Common Stock,other
CVSA,Covista Inc. Common Shares,other
CVSB,Calvert Ultra-Short Investment Grade ETF,other
CVU,"CPI Aerostructures, Inc. Common Stock",other
CVX,Chevron Corporation Common Stock,other
CVY,Invesco Zacks Multi-Asset Income ETF,other
CW,Curtiss-Wright Corporation Common Stock,other
CWAN,"Clearwater Analytics Holdings, Inc. Class A Common Stock",other
CWB,State Street SPDR Bloomberg Convertible Securities ETF,other
CWEB,Direxion Daily CSI China Internet Index Bull 2X ETF,other
CWEN,"Clearway Energy, Inc. Class C Common Stock",other
CWEN.A,"Clearway Energy, Inc. Class A Common Stock",other
CWH,"Camping World Holdings, Inc. Class A Common Stock",other
CWI,State Street SPDR MSCI ACWI ex-US ETF,other
CWII,REX CRWV Growth & Income ETF,other
CWK,Cushman & Wakefield Ltd. Common Shares,other
CWS,AdvisorShares Focused Equity ETF,other
CWT,California Water Service Group Common Stock,other
CWVX,Tradr 2X Long CRWV Daily ETF,other
CX,"Cemex, S.A.B. de C.V. Sponsored ADR",other
CXE,MFS High Income Municipal Trust Common Stock,other
CXH,MFS Investment Grade Municipal Trust Common Stock,other
CXM,"Sprinklr, Inc. Class A Common Stock",other
CXRN,Teucrium 2x Daily Corn ETF,other
CXT,"Crane NXT, Co. Common Stock",other
CXW,"CoreCivic, Inc. Common Stock",other
CYD,China Yuchai International Limited Common Stock,other
CYH,"Community Health Systems, Inc. Common Stock",other
CZA,Invesco Zacks Mid-Cap ETF,other
D,"Dominion Energy, Inc. Common Stock",other
DABS,DoubleLine Asset-Backed Securities ETF,other
DAC,Danaos Corporation Common Stock,other
DAL,"Delta Air Lines, Inc. Common Stock",other
DAMD,Defiance Daily Target 2X Short AMD ETF,other
DAN,Dana Incorporated Common Stock ,other
DANA,Dana Limited Volatility ETF,other
DAO,"Youdao, Inc. American Depositary Shares, each representing one Class A Ordinary Share",other
DAPR,FT Vest U.S. Equity Deep Buffer ETF - April,other
DAR,Darling Ingredients Inc. Common Stock,other
DARP,Grizzle Growth ETF,other
DAT,ProShares Big Data Refiners ETF,other
DAUG,FT Vest U.S. Equity Deep Buffer ETF - August,other
DAVA,Endava plc American Depositary Shares (each representing one Class A Ordinary Share),other
DB,Deutsche Bank AG Common Stock,other
DBA,Invesco DB Agriculture Fund,other
DBAW,Xtrackers MSCI All World ex US Hedged Equity ETF,other
DBB,Invesco DB Base Metals Fund,other
DBC,Invesco DB Commodity Index Tracking Fund,other
DBD,Diebold Nixdorf Incorporated Common stock,other
DBE,Invesco DB Energy Fund,other
DBEF,Xtrackers MSCI EAFE Hedged Equity ETF,other
DBEM,Xtrackers MSCI Emerging Markets Hedged Equity ETF,other
DBEU,Xtrackers MSCI Europe Hedged Equity ETF,other
DBEZ,Xtrackers MSCI Eurozone Hedged Equity ETF,other
DBI,Designer Brands Inc. Class A Common Stock,other
DBJP,Xtrackers MSCI Japan Hedged Equity ETF,other
DBL,DoubleLine Opportunistic Credit Fund Common Shares of Beneficial Interest,other
DBMF,iMGP DBi Managed Futures Strategy ETF,other
DBND,DoubleLine Opportunistic Core Bond ETF,other
DBO,Invesco DB Oil Fund,other
DBP,Invesco DB Precious Metals Fund,other
DBRG,"DigitalBridge Group, Inc.",other
DBRG$H,"DigitalBridge Group, Inc. 7.125% Series H ",other
DBRG$I,"DigitalBridge Group, Inc. 7.15% Series I ",other
DBRG$J,"DigitalBridge Group, Inc. 7.125% Series J ",other
DC,Dakota Gold Corp. Common Stock,other
DCH,Dauch Corporation Common Stock,other
DCI,"Donaldson Company, Inc. Common Stock",other
DCMT,DoubleLine Commodity Strategy ETF,other
DCO,Ducommun Incorporated Common Stock,other
DCOR,Dimensional US Core Equity 1 ETF,other
DCRE,DoubleLine Commercial Real Estate Debt ETF,other
DD,"DuPont de Nemours, Inc. Common Stock",other
DDC,DDC Enterprise Limited Class A Ordinary Shares,other
DDD,3D Systems Corporation Common Stock,other
DDDD,YieldMax U.S. Stocks Target Double Distribution ETF,other
DDEC,FT Vest U.S. Equity Deep Buffer ETF - December,other
DDFD,Innovator Equity Dual Directional 15 Buffer ETF - December,other
DDFF,Innovator Equity Dual Directional 15 Buffer ETF - February,other
DDFJ,Innovator Equity Dual Directional 15 Buffer ETF - January,other
DDFL,Innovator Equity Dual Directional 15 Buffer ETF - July,other
DDFM,Innovator Equity Dual Directional 15 Buffer ETF - March,other
DDFN,Innovator Equity Dual Directional 15 Buffer ETF - November,other
DDFO,Innovator Equity Dual Directional 15 Buffer ETF - October,other
DDFS,Innovator Equity Dual Directional 15 Buffer ETF - September,other
DDL,Dingdong (Cayman) Limited American Depositary Shares (each two representing three Ordinary Shares),other
DDLS,WisdomTree Dynamic International SmallCap Equity Fund,other
DDM,ProShares Ultra Dow30,other
DDNQ,Innovator Growth-100 Dual Directional 5 Buffer ETF - Quarterly,other
DDS,"Dillard's, Inc. Common Stock",other
DDSQ,Innovator Equity Dual Directional 5 Buffer ETF - Quarterly,other
DDT,Dillard's Capital Trust I,other
DDTD,Innovator Equity Dual Directional 10 Buffer ETF - December,other
DDTF,Innovator Equity Dual Directional 10 Buffer ETF - February,other
DDTJ,Innovator Equity Dual Directional 10 Buffer ETF - January,other
DDTL,Innovator Equity Dual Directional 10 Buffer ETF - July,other
DDTM,Innovator Equity Dual Directional 10 Buffer ETF - March,other
DDTN,Innovator Equity Dual Directional 10 Buffer ETF - November,other
DDTO,Innovator Equity Dual Directional 10 Buffer ETF - October,other
DDTS,Innovator Equity Dual Directional 10 Buffer ETF - September,other
DDV,Defined Duration 5 ETF,other
DDWM,WisdomTree Dynamic International Equity Fund,other
DDX,Defined Duration 10 ETF,other
DDXX,Defined Duration 20 ETF,other
DE,Deere & Company Common Stock,other
DEA,"Easterly Government Properties, Inc. Common Stock",other
DEC,Diversified Energy Company Common Stock,other
DECK,Deckers Outdoor Corporation Common Stock,other
DECM,FT Vest U.S. Equity Max Buffer ETF - December,other
DECP,PGIM S&P 500 Buffer 12 ETF - December,other
DECT,AllianzIM U.S. Large Cap Buffer10 Dec ETF,other
DECU,AllianzIM U.S. Equity Buffer15 Uncapped Dec ETF,other
DECW,AllianzIM U.S. Large Cap Buffer20 Dec ETF,other
DECZ,TrueShares Structured Outcome (December) ETF,other
DEED,First Trust Securitized Plus ETF,other
DEEF,Xtrackers FTSE Developed ex US Multifactor ETF,other
DEEP,Acquirers Small and Micro Deep Value ETF,other
DEFI,Hashdex Bitcoin ETF,other
DEFR,Aptus Deferred Income ETF,other
DEHP,Dimensional Emerging Markets High Profitability ETF,other
DEI,"Douglas Emmett, Inc. Common Stock",other
DELL,Dell Technologies Inc. Class C Common Stock ,other
DEM,WisdomTree Emerging Markets High Dividend Fund,other
DEO,Diageo plc Common Stock,other
DES,WisdomTree U.S. SmallCap Dividend Fund,other
DESK,VanEck Office and Commercial REIT ETF,other
DEUS,Xtrackers Russell US Multifactor ETF,other
DEW,WisdomTree Global High Dividend Fund,other
DEXC,Dimensional Emerging Markets ex China Core Equity ETF,other
DFAC,Dimensional U.S. Core Equity 2 ETF,other
DFAE,Dimensional Emerging Core Equity Market ETF,other
DFAI,Dimensional International Core Equity Market ETF,other
DFAR,Dimensional US Real Estate ETF,other
DFAS,Dimensional U.S. Small Cap ETF,other
DFAT,Dimensional U.S. Targeted Value ETF,other
DFAU,Dimensional US Core Equity Market ETF,other
DFAW,Dimensional World Equity ETF,other
DFAX,Dimensional World ex U.S. Core Equity 2 ETF,other
DFCA,Dimensional California Municipal Bond ETF,other
DFCF,Dimensional Core Fixed Income ETF,other
DFE,WisdomTree Europe SmallCap Dividend Fund,other
DFEB,FT Vest U.S. Equity Deep Buffer ETF - February,other
DFEM,Dimensional Emerging Markets Core Equity 2 ETF,other
DFEN,Direxion Daily Aerospace & Defense Bull 3X ETF,other
DFEV,Dimensional Emerging Markets Value ETF,other
DFGR,Dimensional Global Real Estate ETF,other
DFH,"Dream Finders Homes, Inc. Class A Common Stock",other
DFIC,Dimensional International Core Equity 2 ETF,other
DFII,FT Vest Bitcoin Strategy & Target Income ETF,other
DFIN,"Donnelley Financial Solutions, Inc. Common Stock ",other
DFIP,Dimensional Inflation-Protected Securities ETF,other
DFIS,Dimensional International Small Cap ETF,other
DFIV,Dimensional International Value ETF,other
DFJ,WisdomTree Japan SmallCap Fund,other
DFLV,Dimensional US Large Cap Value ETF,other
DFMC,U.S. Micro Cap Portfolio: ETF Class Shares,other
DFNL,Davis Select Financial ETF,other
DFNM,Dimensional National Municipal Bond ETF,other
DFP,Flaherty & Crumrine Dynamic Preferred and Income Fund Inc. Common Stock,other
DFSB,Dimensional Global Sustainability Fixed Income ETF,other
DFSD,Dimensional Short-Duration Fixed Income ETF,other
DFSE,Dimensional Emerging Markets Sustainability Core 1 ETF,other
DFSI,Dimensional International Sustainability Core 1 ETF,other
DFSU,Dimensional US Sustainability Core 1 ETF,other
DFSV,Dimensional US Small Cap Value ETF,other
DFTT,DF Tactical 30 ETF,other
DFUS,Dimensional U.S. Equity Market ETF,other
DFUV,Dimensional US Marketwide Value ETF,other
DFVE,DoubleLine Fortune 500 Equal Weight ETF,other
DFVX,Dimensional US Large Cap Vector ETF,other
DG,Dollar General Corporation Common Stock,other
DGIN,VanEck Digital India ETF,other
DGJA,FT Vest U.S. Equity Buffer & Digital Return ETF - January,other
DGOC,FT Vest U.S. Equity Buffer & Digital Return ETF - October,other
DGP,"DB Gold Double Long ETN due February 15, 2038",other
DGRO,iShares Core Dividend Growth ETF,other
DGS,WisdomTree Emerging Market SmallCap Fund,other
DGT,State Street SPDR Global Dow ETF,other
DGX,Quest Diagnostics Incorporated Common Stock,other
DGZ,"DB Gold Short ETN due February 15, 2038",other
DHDG,FT Vest U.S. Equity Quarterly 2.5 to 15 Buffer ETF,other
DHF,BNY Mellon High Yield Strategies Fund Common Stock,other
DHI,"D.R. Horton, Inc. Common Stock",other
DHLX,Diamond Hill Large Cap Concentrated ETF,other
DHR,Danaher Corporation Common Stock,other
DHS,WisdomTree U.S. High Dividend Fund,other
DHSB,Day Hagan Smart Buffer ETF,other
DHT,"DHT Holdings, Inc.",other
DHX,"DHI Group, Inc. Common Stock",other
DHY,Credit Suisse High Yield Credit Fund Common Stock,other
DIA,State Street SPDR Dow Jones Industrial Average ETF Trust,other
DIAL,Columbia Diversified Fixed Income Allocation ETF,other
DIAX,Nuveen Dow 30SM Dynamic Overwrite Fund Common Shares of Beneficial Interest,other
DIEM,Franklin Emerging Market Core Dividend Tilt Index ETF,other
DIG,ProShares Ultra Energy,other
DIHP,Dimensional International High Profitability ETF,other
DIM,WisdomTree International MidCap Dividend Fund,other
DIN,"Dine Brands Global, Inc. Common Stock",other
DINO,HF Sinclair Corporation Common Stock,other
DINT,Davis Select International ETF,other
DIPS,YieldMax Short NVDA Option Income Strategy ETF,other
DIS,Walt Disney Company (The) Common Stock,other
DISO,YieldMax DIS Option Income Strategy ETF,other
DISV,Dimensional International Small Cap Value ETF,other
DIT,AMCON Distributing Company Common Stock,other
DIV,Global X Super Dividend ETF,other
DIVB,iShares Core Dividend ETF,other
DIVE,Dana Concentrated Dividend ETF,other
DIVG,Invesco S&P 500 High Dividend Growers ETF,other
DIVI,Franklin International Core Dividend Tilt Index ETF,other
DIVL,Madison Dividend Value ETF,other
DIVN,Horizon Dividend Income ETF,other
DIVO,Amplify CWP Enhanced Dividend Income ETF,other
DIVP,Cullen Enhanced Equity Income ETF,other
DIVS,Guinness Atkinson Dividend Builder ETF,other
DIVY,Sound Equity Dividend Income ETF,other
DIVZ,Polen Dividend Income ETF,other
DJAN,FT Vest U.S. Equity Deep Buffer ETF - January,other
DJD,Invesco Dow Jones Industrial Average Dividend ETF,other
DJIA,Global X Dow 30 Covered Call ETF,other
DJP,iPath Bloomberg Commodity Index Total Return ETN,other
DJTU,T-REX 2X Long DJT Daily Target ETF,other
DJUL,FT Vest U.S. Equity Deep Buffer ETF - July,other
DJUN,FT Vest U.S. Equity Deep Buffer ETF - June,other
DK,"Delek US Holdings, Inc. Common Stock",other
DKL,"Delek Logistics Partners, L.P. Common Units representing Limited Partner Interests",other
DKS,Dick's Sporting Goods Inc Common Stock,other
DLAG,FT Vest U.S. Equity Dual Directional Buffer ETF - August,other
DLB,Dolby Laboratories Common Stock,other
DLFE,FT Vest U.S. Equity Dual Directional Buffer ETF - February,other
DLN,WisdomTree U.S. LargeCap Dividend Fund,other
DLNG,Dynagas LNG Partners LP Common Units,other
DLNG$A,Dynagas LNG Partners LP 9.00% Series A Cumulative Redeemable Preferred Units,other
DLNV,FT Vest U.S. Equity Dual Directional Buffer ETF - November,other
DLR,"Digital Realty Trust, Inc. Common Stock",other
DLR$J,"Digital Realty Trust, Inc. 5.250% Series J Cumulative Redeemable Preferred Stock",other
DLR$K,"Digital Realty Trust, Inc. 5.850% Series K Cumulative Redeemable Preferred Stock, par value $0.01 per share",other
DLR$L,"Digital Realty Trust, Inc. 5.200% Series L Cumulative Redeemable Preferred Stock",other
DLS,WisdomTree International SmallCap Fund,other
DLX,Deluxe Corporation Common Stock,other
DLY,DoubleLine Yield Opportunities Fund Common Shares of Beneficial Interest,other
DMA,Destra Multi-Alternative Fund Common Stock,other
DMAR,FT Vest U.S. Equity Deep Buffer ETF - March,other
DMAX,iShares Large Cap Max Buffer Dec ETF,other
DMAY,FT Vest U.S. Equity Deep Buffer ETF - May,other
DMB,"BNY Mellon Municipal Bond Infrastructure Fund, Inc. Common Stock",other
DMBS,DoubleLine Mortgage ETF,other
DMO,Western Asset Mortgage Opportunity Fund Inc. Common Stock,other
DMX,DoubleLine Multi-Sector Income ETF,other
DNA,"Ginkgo Bioworks Holdings, Inc. Class A Common Stock",other
DNL,WisdomTree Global ex-U.S. Quality Growth Fund,other
DNN,Denison Mines Corp Ordinary Shares (Canada),other
DNOV,FT Vest U.S. Equity Deep Buffer ETF - November,other
DNOW,DNOW Inc. Common Stock,other
DNP,"DNP Select Income Fund, Inc. Common Stock",other
DOC,"Healthpeak Properties, Inc. Common Stock",other
DOCN,"DigitalOcean Holdings, Inc. Common Stock",other
DOCS,"Doximity, Inc. Class A Common Stock",other
DOCT,FT Vest U.S. Equity Deep Buffer ETF - October,other
DOG,ProShares Short Dow30,other
DOGD,Tradr 2X Long DDOG Daily ETF,other
DOGG,FT Vest DJIA Dogs 10 Target Income ETF,other
DOJE,REX-Osprey DOGE ETF,other
DOL,WisdomTree True Developed International Fund,other
DOLE,Dole plc Ordinary Shares,other
DON,WisdomTree U.S. MidCap Dividend Fund,other
DOUG,Douglas Elliman Inc. Common Stock,other
DOV,Dover Corporation Common Stock,other
DOW,Dow Inc. Common Stock ,other
DPG,Duff & Phelps Utility and Infrastructure Fund Inc.,other
DPST,Direxion Daily Regional Banks Bull 3X ETF,other
DQ,"DAQO New Energy Corp. American Depositary Shares, each representing five ordinary shares",other
DRAI,Draco Evolution AI ETF,other
DRAY,YieldMax DKNG Option Income Strategy ETF,other
DRD,DRDGOLD Limited American Depositary Shares,other
DRES,GMO Domestic Resilience ETF,other
DRGN,Themes China Generative Artificial Intelligence ETF,other
DRI,"Darden Restaurants, Inc. Common Stock",other
DRIP,Direxion Daily S&P Oil & Gas Exp. & Prod. Bear 2X ETF,other
DRKY,VistaShares Target 15 DRUKMacro Distribution ETF,other
DRLL,Strive U.S. Energy ETF,other
DRN,Direxion Daily Real Estate Bull 3X ETF,other
DRNL,Defiance 2X Daily Long Pure Drone and Aerial Automation ETF,other
DRSK,Aptus Defined Risk ETF,other
DRUP,GraniteShares Nasdaq Select Disruptors ETF,other
DRV,Direxion Daily Real Estate Bear 3X ETF,other
DSCO,DoubleLine Securitized Credit ETF,other
DSEP,FT Vest U.S. Equity Deep Buffer ETF - September,other
DSI,iShares ESG MSCI KLD 400 ETF,other
DSL,DoubleLine Income Solutions Fund Common Shares of Beneficial Interests,other
DSM,"BNY Mellon Strategic Municipal Bond Fund, Inc. Common Stock",other
DSMC,Distillate Small/Mid Cash Flow ETF,other
DSPY,Tema S&P 500 Historical Weight ETF Strategy,other
DSS,"DSS, Inc. Common Stock",other
DSTL,Distillate U.S. Fundamental Stability & Value ETF,other
DSTX,Distillate International Fundamental Stability & Value ETF,other
DSU,"Blackrock Debt Strategies Fund, Inc. Common Stock",other
DSX,Diana Shipping inc. common stock,other
DSX$B,Diana Shipping Inc. Perpetual Preferred Shares Series B (Marshall Islands),other
DSX.W,Diana Shipping inc. Warrants,other
DT,"Dynatrace, Inc. Common Stock",other
DTAN,Sparkline International Intangible Value ETF,other
DTB,DTE Energy Company 2020 Series G 4.375% Junior Subordinated Debentures due 2080,other
DTD,WisdomTree U.S. Total Dividend Fund,other
DTE,DTE Energy Company Common Stock,other
DTEC,ALPS Disruptive Technologies ETF,other
DTF,DTF Tax-Free Income 2028 Term Fund Inc. Common Stock,other
DTG,DTE Energy Company 2021 Series E 4.375% Junior Subordinated Debentures,other
DTH,WisdomTree International High Dividend Fund,other
DTK,DTE Energy Company 2025 Series H 6.25% Junior Subordinated Debentures due 2085,other
DTM,"DT Midstream, Inc. Common Stock ",other
DTRE,First Trust Alerian Disruptive Technology Real Estate ETF,other
DTW,DTE Energy Company 2017 Series E 5.25% Junior Subordinated Debentures due 2077,other
DUBS,Aptus Large Cap Enhanced Yield ETF,other
DUG,ProShares UltraShort Energy,other
DUHP,Dimensional US High Profitability ETF,other
DUK,Duke Energy Corporation (Holding Company) Common Stock,other
DUK$A,"Duke Energy Corporation Depositary Shares, each representing a 1/1,000th interest in a share of 5.75% Series A Cumulative Redeemable Perpetual Preferred Stock",other
DUKB,Duke Energy Corporation 5.625% Junior Subordinated Debentures due 2078,other
DUKQ,Ocean Park Domestic ETF,other
DUKZ,Ocean Park Diversified Income ETF,other
DULL,"MicroSectors Gold -3X Inverse Leveraged ETNs due January 29, 2043",other
DUNK,Dana Unconstrained Equity ETF,other
DURA,VanEck Durable High Dividend ETF,other
DUSA,Davis Select U.S. Equity ETF,other
DUSB,Dimensional Ultrashort Fixed Income ETF,other
DUSL,Direxion Daily Industrials Bull 3X ETF,other
DUST,Direxion Daily Gold Miners Index Bear 2X ETF,other
DV,"DoubleVerify Holdings, Inc. Common Stock",other
DVA,DaVita Inc. Common Stock,other
DVDN,Kingsbarn Dividend Opportunity ETF,other
DVN,Devon Energy Corporation Common Stock,other
DVND,Touchstone Dividend Select ETF,other
DVS,Dolly Varden Silver Corporation Common Shares,other
DVVY,Invesco Diversified Dividend Opportunities ETF,other
DVYA,iShares Asia / Pacific Dividend 30 Index Fund Exchange Traded Fund,other
DVYE,iShares Emerging Markets Dividend Index Fund Exchange Traded Fund,other
DWLD,Davis Select Worldwide ETF,other
DWM,WisdomTree International Equity Fund,other
DWMF,WisdomTree International Multifactor Fund,other
DWX,State Street SPDR S&P International Dividend ETF,other
DX,"Dynex Capital, Inc. Common Stock",other
DX$C,"Dynex Capital, Inc. 6.900% Series C Fixed-to-Floating Rate Cumulative Redeemable Preferred Stock",other
DXC,DXC Technology Company Common Stock ,other
DXD,ProShares UltraShort Dow30,other
DXF,"Eason Technology Limited American Depositary Shares (each representing sixty-thousand (60,000) Ordinary Shares)",other
DXIV,Dimensional International Vector Equity ETF,other
DXJ,WisdomTree Japan Hedged Equity Fund,other
DXUV,Dimensional US Vector Equity ETF,other
DXYZ,Destiny Tech100 Inc. Common Stock,other
DY,"Dycom Industries, Inc. Common Stock",other
DYLD,LeaderShares Dynamic Yield ETF,other
DYLG,Global X Dow 30 Covered Call & Growth ETF,other
DYNF,iShares U.S. Equity Factor Rotation Active ETF,other
DZZ,"DB Gold Double Short ETN due February 15, 2038",other
E,ENI S.p.A. Common Stock,other
EAD,Allspring Income Opportunities Fund Common Shares,other
EAF,GrafTech International Ltd. Common Stock,other
EAFG,Pacer Developed Markets Cash Cows Growth Leaders ETF,other
EAGG,iShares ESG Aware U.S. Aggregate Bond ETF,other
EAGL,Eagle Capital Select Equity ETF,other
EAI,"Entergy Arkansas, LLC First Mortgage Bonds, 4.875% Series Due September 1, 2066",other
EALT,Innovator U.S. Equity 5 to 15 Buffer ETF - Quarterly,other
EAOA,iShares ESG Aware 80/20 Aggressive Allocation ETF,other
EAOK,iShares ESG Aware 30/70 Conservative Allocation ETF,other
EAOM,iShares ESG Aware 40/60 Moderate Allocation ETF,other
EAOR,iShares ESG Aware 60/40 Balanced Allocation ETF,other
EAPR,Innovator Emerging Markets Power Buffer ETF April,other
EARN,Ellington Credit Company Common Shares of Beneficial Interest,other
EASG,Xtrackers MSCI EAFE Selection Equity ETF,other
EAT,"Brinker International, Inc. Common Stock",other
EATZ,AdvisorShares Restaurant ETF,other
EBF,"Ennis, Inc. Common Stock",other
EBIT,Harbor AlphaEdge Small Cap Earners ETF,other
EBND,SPDR Bloomberg Emerging Markets Local Bond ETF,other
EBS,Emergent BioSolutions Inc. Common Stock,other
EBUF,Innovator Emerging Markets 10 Buffer ETF - Quarterly,other
EC,Ecopetrol S.A. American Depositary Shares,other
ECAT,BlackRock ESG Capital Allocation Term Trust Common Shares of Beneficial Interest,other
ECC,Eagle Point Credit Company Inc. Common Stock,other
ECC$D,Eagle Point Credit Company Inc. 6.75% Series D Preferred Stock,other
ECCC,Eagle Point Credit Company Inc. 6.50% Series C Term Preferred Stock due 2031,other
ECCU,Eagle Point Credit Company Inc. 7.75% Notes due 2030,other
ECCV,Eagle Point Credit Company Inc. 5.375% Notes due 2029,other
ECCW,Eagle Point Credit Company Inc. 6.75% Notes due 2031,other
ECCX,Eagle Point Credit Company Inc. 6.6875% Notes due 2028,other
ECF,Ellsworth Growth and Income Fund Ltd.,other
ECF$A,Ellsworth Growth and Income Fund Ltd. 5.25% Series A Cumulative Preferred Shares (Liquidation Preference $25.00 per share),other
ECG,"Everus Construction Group, Inc. Common Stock",other
ECH,iShares MSCI Chile ETF,other
ECL,Ecolab Inc. Common Stock,other
ECML,Euclidean Fundamental Value ETF,other
ECNS,iShares MSCI China Small-Cap ETF,other
ECO,Okeanis Eco Tankers Corp. Common Stock,other
ECON,Columbia Research Enhanced Emerging Economies ETF,other
ECVT,Ecovyst Inc. Common Stock,other
ED,"Consolidated Edison, Inc. Common Stock",other
EDC,Direxion Emerging Markets Bull 3X ETF,other
EDD,"Morgan Stanley Emerging Markets Domestic Debt Fund, Inc. Common Stock",other
EDEN,iShares MSCI Denmark ETF,other
EDF,Virtus Stone Harbor Emerging Markets Income Fund Common Shares of Beneficial Interest,other
EDGE,MRBL Enhanced Equity ETF,other
EDGF,3EDGE Dynamic Fixed Income ETF,other
EDGH,3EDGE Dynamic Hard Assets ETF,other
EDGI,3EDGE Dynamic International Equity ETF,other
EDGQ,Global X Nasdaq-100 Income Edge ETF,other
EDGU,3EDGE Dynamic US Equity ETF,other
EDGX,Global X U.S. 500 Income Edge ETF,other
EDIV,State Street SPDR S&P Emerging Markets Dividend ETF,other
EDN,Empresa Distribuidora Y Comercializadora Norte S.A. (Edenor) American Depositary Shares,other
EDOG,ALPS Emerging Sector Dividend Dogs ETF,other
EDOW,First Trust Dow 30 Equal Weight ETF,other
EDU,"New Oriental Education & Technology Group, Inc. Sponsored ADR representing 10 Ordinary Share (Cayman Islands)",other
EDV,Vanguard Extended Duration Treasury ETF,other
EDZ,Direxion Emerging Markets Bear 3X ETF,other
EE,"Excelerate Energy, Inc. Class A Common Stock",other
EEA,"The European Equity Fund, Inc. Common Stock",other
EELV,Invesco S&P Emerging Markets Low Volatility ETF,other
EEM,iShares MSCI Emerging Index Fund,other
EEMO,Invesco S&P Emerging Markets Momentum ETF,other
EEMS,iShares MSCI Emerging Markets Small Cap ETF,other
EEMV,iShares MSCI Emerging Markets Min Vol Factor ETF,other
EEMX,State Street SPDR MSCI Emerging Markets Fossil Fuel Reserves Free ETF,other
EES,WisdomTree U.S. SmallCap Fund,other
EET,ProShares Ultra MSCI Emerging Markets,other
EETH,ProShares Ether ETF,other
EEV,ProShares UltraShort MSCI Emerging Markets,other
EEX,"Emerald Holding, Inc. Common Stock",other
EFA,iShares MSCI EAFE ETF,other
EFAA,Invesco MSCI EAFE Income Advantage ETF,other
EFAD,ProShares MSCI EAFE Dividend Growers ETF,other
EFAV,iShares MSCI EAFE Min Vol Factor ETF,other
EFAX,State Street SPDR MSCI EAFE Fossil Fuel Reserves Free ETF,other
EFC,Ellington Financial Inc. Common Stock ,other
EFC$B,Ellington Financial Inc. 6.250% Series B Fixed-Rate Reset Cumulative Redeemable Preferred Stock,other
EFC$C,Ellington Financial Inc. 8.625% Series C Fixed-Rate Reset Cumulative Redeemable Preferred Stock,other
EFC$D,Ellington Financial Inc. 7.00% Series D Cumulative Perpetual Redeemable Preferred Stock,other
EFFE,Harbor Osmosis Emerging Markets Resource Efficient ETF,other
EFFI,Harbor Osmosis International Resource Efficient ETF,other
EFG,iShares MSCI EAFE Growth ETF,other
EFIV,State Street SPDR S&P 500 ESG ETF,other
EFNL,iShares MSCI Finland ETF,other
EFO,ProShares Ultra MSCI EAFE,other
EFR,Eaton Vance Senior Floating-Rate Fund Common Shares of Beneficial Interest,other
EFT,Eaton Vance Floating Rate Income Trust Common Shares of Beneficial Interest,other
EFU,ProShares UltraShort MSCI EAFE,other
EFV,iShares MSCI EAFE Value ETF,other
EFX,"Equifax, Inc. Common Stock",other
EFXT,Enerflex Ltd Common Shares,other
EFZ,ProShares Short MSCI EAFE,other
EG,"Everest Group, Ltd. Common Stock",other
EGG,Enigmatig Limited Class A Ordinary Shares,other
EGGS,NestYield Total Return Guard ETF,other
EGGY,NestYield Dynamic Income ETF,other
EGLE,Global X S&P 500 U.S. Revenue Leaders ETF,other
EGO,Eldorado Gold Corporation Ordinary Shares,other
EGP,"EastGroup Properties, Inc. Common Stock",other
EGUS,iShares ESG Aware MSCI USA Growth ETF,other
EGY,"VAALCO Energy, Inc.  Common Stock",other
EHAB,"Enhabit, Inc. Common Stock",other
EHC,Encompass Health Corporation Common Stock,other
EHI,Western Asset Global High Income Fund Inc Common Stock,other
EHY,Amplify Ethereum Max Income Covered Call ETF,other
EIC,Eagle Point Income Company Inc. Common Stock,other
EICA,Eagle Point Income Company Inc. 5.00% Series A Term Preferred Stock due 2026,other
EICC,Eagle Point Income Company Inc. 8.00% Series C Term Preferred Stock due 2029,other
EIDO,iShares MSCI Indonesia ETF,other
EIG,Employers Holdings Inc Common Stock,other
EIIA,Eagle Point Institutional Income Fund 8.125% Series A Term Preferred Shares Due 2029,other
EIM,"Eaton Vance Municipal Bond Fund Common Shares of Beneficial Interest, $.01 par value",other
EINC,VanEck Energy Income ETF,other
EIPI,FT Energy Income Partners Enhanced Income ETF,other
EIPX,FT Energy Income Partners Strategy ETF,other
EIRL,iShares MSCI Ireland ETF,other
EIS,iShares MSCI Israel ETF,other
EIX,Edison International Common Stock,other
EJAN,Innovator Emerging Markets Power Buffer ETF January,other
EJUL,Innovator Emerging Markets Power Buffer ETF July,other
EL,"Estee Lauder Companies, Inc. (The) Common Stock",other
ELA,Envela Corporation Common Stock,other
ELAN,Elanco Animal Health Incorporated Common Stock,other
ELC,"Entergy Louisiana, Inc. Collateral Trust Mortgage Bonds, 4.875 % Series due September 1, 2066",other
ELCV,Strategy Shares Eventide High Dividend ETF,other
ELD,WisdomTree Emerging Markets Local Debt Fund,other
ELF,"e.l.f. Beauty, Inc. Common Stock",other
ELLO,Ellomay Capital Ltd Ordinary Shares (Israel),other
ELM,Elm Market Navigator ETF,other
ELMD,"Electromed, Inc. Common Stock",other
ELME,Elme Communities Common Stock,other
ELPC,Companhia Paranaense de Energia (COPEL) American Depositary Shares (each representing four (4) Common Shares),other
ELS,"Equity Lifestyle Properties, Inc. Common Stock",other
ELV,"Elevance Health, Inc. Common Stock",other
EMA,Emera Incorporated Common Shares,other
EMBD,Global X Emerging Markets Bond ETF,other
EMBJ,Embraer S.A. Common Stock,other
EMBX,VanEck Emerging Markets Bond ETF,other
EMC,Global X Emerging Markets Great Consumer ETF,other
EMCR,Xtrackers Emerging Markets Carbon Reduction and Climate Improvers ETF,other
EMCS,Xtrackers MSCI Emerging Markets Climate Selection ETF,other
EMD,Western Asset Emerging Markets Debt Fund Inc Common Stock,other
EMDM,First Trust Bloomberg Emerging Market Democracies ETF,other
EMDV,ProShares MSCI Emerging Markets Dividend Growers ETF,other
EME,"EMCOR Group, Inc. Common Stock",other
EMES,Harbor Emerging Markets Select ETF,other
EMET,VanEck Copper and Green Metals ETF,other
EMF,Templeton Emerging Markets Fund Common Stock,other
EMGF,iShares Emerging Markets Equity Factor ETF,other
EMHC,State Street SPDR Bloomberg Emerging Markets USD Bond ETF,other
EMHY,iShares J.P. Morgan EM High Yield Bond ETF,other
EMKT,Lazard Emerging Markets Opportunities ETF,other
EMLC,VanEck J. P. Morgan EM Local Currency Bond ET,other
EMLP,First Trust North American Energy Infrastructure Fund,other
EMM,Global X Emerging Markets ex-China ETF,other
EMMF,WisdomTree Emerging Markets Multifactor Fund,other
EMN,Eastman Chemical Company Common Stock,other
EMNT,PIMCO Enhanced Short Maturity Active ESG Exchange-Traded Fund,other
EMO,ClearBridge Energy Midstream Opportunity Fund Inc. Common Stock,other
EMOP,AB Emerging Markets Opportunities ETF,other
EMOT,First Trust S&P 500 Economic Moat ETF,other
EMP,"Entergy Mississippi, LLC First Mortgage Bonds, 4.90% Series Due October 1, 2066",other
EMPB,Efficient Market Portfolio Plus ETF,other
EMQQ,EMQQ The Emerging Markets Internet ETF,other
EMR,Emerson Electric Company Common Stock,other
EMSF,Matthews Emerging Markets Sustainable Future Active ETF,other
EMTL,State Street DoubleLine Emerging Markets Fixed Income ETF,other
EMTY,ProShares Decline of the Retail Store ETF,other
ENB,Enbridge Inc Common Stock,other
ENFR,Alerian Energy Infrastructure ETF,other
ENIC,Enel Chile S.A. American Depositary Shares (Each representing 50 shares of Common Stock),other
ENJ,"Entergy New Orleans, LLC First Mortgage Bonds, 5.0% Series due December 1, 2052",other
ENO,"Entergy New Orleans, LLC First Mortgage Bonds, 5.50% Series due April 1, 2066",other
ENOR,iShares MSCI Norway ETF,other
ENOV,Enovis Corporation Common Stock,other
ENPX,Tradr 2X Long ENPH Daily ETF,other
ENR,"Energizer Holdings, Inc. Common Stock",other
ENS,EnerSys Common Stock,other
ENVA,"Enova International, Inc. Common Stock",other
EOCT,Innovator Emerging Markets Power Buffer ETF - October,other
EOD,Allspring Global Dividend Opportunity Fund Common Shares of Beneficial Interest,other
EOG,"EOG Resources, Inc. Common Stock",other
EOI,Eaton Vance Enhance Equity Income Fund Eaton Vance Enhanced Equity Income Fund Shares of Beneficial Interest,other
EONR,EON Resources Inc. Class A Common Stock,other
EONR.W,"EON Resources Inc. Warrants, each whole warrant exercisable for three quarters of one share of Class A Common Stock at an exercise price of $11.50 per whole share",other
EOS,Eaton Vance Enhance Equity Income Fund II Common Stock,other
EOSU,T-REX 2X Long EOSE Daily Target ETF,other
EOT,Eaton Vance Municipal Income Trust EATON VANCE NATIONAL MUNICIPAL OPPORTUNITIES TRUST,other
EP,Empire Petroleum Corporation Common Stock,other
EP$C,El Paso Corporation Preferred Stock,other
EPAC,Enerpac Tool Group Corp. Common Stock,other
EPAI,Harbor AI Inflection Strategy ETF,other
EPAM,"EPAM Systems, Inc. Common Stock",other
EPC,Edgewell Personal Care Company Common Stock,other
EPD,Enterprise Products Partners L.P. Common Stock,other
EPEM,Harbor Emerging Markets Equity ETF,other
EPHE,iShares MSCI Philippines ETF,other
EPI,WisdomTree India Earnings Fund,other
EPIN,Harbor International Equity ETF,other
EPM,"Evolution Petroleum Corporation, Inc. Common Stock",other
EPMB,Harbor Mid Cap Core ETF,other
EPMV,Harbor Mid Cap Value ETF,other
EPOL,iShares MSCI Poland ETF,other
EPP,iShares MSCI Pacific Ex-Japan Index Fund,other
EPR,EPR Properties Common Stock,other
EPR$C,EPR Properties 5.75% Series C Cumulative Convertible Preferred Shares,other
EPR$E,EPR Properties Series E Cumulative Conv Pfd Shs Ser E,other
EPR$G,EPR Properties 5.750% Series G Cumulative Redeemable Preferred Shares,other
EPRF,Innovator S&P Investment Grade Preferred ETF,other
EPRT,"Essential Properties Realty Trust, Inc. Common Stock",other
EPS,WisdomTree U.S. LargeCap Fund,other
EPSB,Harbor SMID Cap Core ETF,other
EPSV,Harbor SMID Cap Value ETF,other
EPU,iShares MSCI Peru and Global Exposure ETF,other
EPV,ProShares UltraShort FTSE Europe ETF,other
EQAL,Invesco Russell 1000 Equal Weight ETF,other
EQBK,"Equity Bancshares, Inc. Class A Common Stock",other
EQH,"Equitable Holdings, Inc. Common Stock",other
EQH$A,"Equitable Holdings, Inc. Depositary Shares",other
EQH$C,"Equitable Holdings, Inc. Depositary Shares, each representing a 1/1,000th interest in a share of Fixed Rate Noncumulative Perpetual Preferred Stock, Series C",other
EQIN,Columbia U.S. Equity Income ETF,other
EQL,ALPS Equal Sector Weight ETF,other
EQLT,iShares MSCI Emerging Markets Quality Factor ETF,other
EQNR,Equinor ASA,other
EQR,Equity Residential Common Shares of Beneficial Interest,other
EQS,"Equus Total Return, Inc. Common Stock",other
EQT,EQT Corporation Common Stock,other
EQTY,Kovitz Core Equity ETF,other
EQWL,Invesco S&P 100 Equal Weight ETF,other
EQX,Equinox Gold Corp. Common Shares,other
ERC,Allspring Multi-Sector Income Fund Common Stock,other
ERH,Allspring Utilities and High Income Fund Common Shares,other
ERO,Ero Copper Corp. Common Shares,other
ERTH,Invesco MSCI Sustainable Future ETF,other
ERX,Direxion Energy Bull 2X ETF,other
ERY,Direxion Daily Energy Bear 2X ETF,other
ES,Eversource Energy (D/B/A) Common Stock,other
ESAB,ESAB Corporation Common Stock,other
ESBA,"Empire State Realty OP, L.P. Series ES Operating Partnership Units Representing Limited Partnership Interests",other
ESBG,"First Trust Enhanced Stocks, Bonds & Gold ETF",other
ESE,ESCO Technologies Inc. Common Stock,other
ESG,FlexShares STOXX US ESG Select Index Fund,other
ESGG,FlexShares STOXX Global ESG Select Index Fund,other
ESGV,Vanguard ESG U.S. Stock ETF,other
ESI,Element Solutions Inc. Common Stock,other
ESIM,Eventide International ETF,other
ESIX,State Street SPDR S&P SmallCap 600 ESG ETF,other
ESK,REX-Osprey ETH + Staking ETF,other
ESLG,Eventide Large Cap Growth ETF,other
ESLV,Eventide Large Cap Value ETF,other
ESML,iShares ESG Aware MSCI USA Small-Cap ETF,other
ESNT,Essent Group Ltd. Common Shares,other
ESP,Espey Mfg. & Electronics Corp. Common Stock,other
ESRT,"Empire State Realty Trust, Inc. Class A Common Stock",other
ESS,"Essex Property Trust, Inc. Common Stock",other
ESSC,Eventide Small Cap ETF,other
ESTC,Elastic N.V. Ordinary Shares,other
ESUM,Eventide US Market ETF,other
ET,Energy Transfer LP Common Units ,other
ET$I,Energy Transfer L.P. Series I Fixed Rate Perpetual Preferred Units,other
ETB,Eaton Vance Tax-Managed Buy-Write Income Fund Eaton Vance Tax-Managed Buy-Write Income Fund Common Shares of Beneficial Interest,other
ETCO,Grayscale Ethereum Covered Call ETF,other
ETD,Ethan Allen Interiors Inc. Common Stock,other
ETFT,Fundsmith Equity ETF,other
ETG,Eaton Vance Tax-Advantaged Global Dividend Income Fund Common Shares of Beneficial Interest,other
ETH,Grayscale Ethereum Staking Mini ETF Shares,other
ETHD,ProShares UltraShort Ether ETF,other
ETHE,Grayscale Ethereum Staking ETF Shares,other
ETHO,Amplify Etho Climate Leadership U.S. ETF,other
ETHT,ProShares Ultra Ether ETF,other
ETHU,2x Ether ETF,other
ETHV,VanEck Ethereum ETF VanEck Ethereum ETF,other
ETHW,Bitwise Ethereum ETF ,other
ETI$,"Entergy Texas Inc 5.375% Series A Preferred Stock, Cumulative, No Par Value",other
ETJ,Eaton Vance Risk-Managed Diversified Equity Income Fund Common Shares of Beneficial Interest,other
ETN,"Eaton Corporation, PLC Ordinary Shares",other
ETO,Eaton Vance Tax-Advantage Global Dividend Opp Common Stock,other
ETR,Entergy Corporation Common Stock,other
ETSY,"Etsy, Inc. Common Stock",other
ETTY,Amplify Ethereum 3% Monthly Option Income ETF,other
ETU,T-Rex 2X Long Ether Daily Target ETF,other
ETV,Eaton Vance Corporation Eaton Vance Tax-Managed Buy-Write Opportunities Fund Common Shares of Beneficial Interest,other
ETW,Eaton Vance Corporation Eaton Vance Tax-Managed Global Buy-Write Opportunites Fund Common Shares of Beneficial Interest,other
ETX,Eaton Vance Municipal Income 2028 Term Trust Common Shares of Beneficial Interest,other
ETY,"Eaton Vance Tax-Managed Diversified Equity Income Fund Common Shares of Beneficial Interest,",other
EUAD,Select STOXX Europe Aerospace & Defense ETF,other
EUDG,WisdomTree Europe Quality Dividend Growth Fund,other
EUDV,ProShares MSCI Europe Dividend Growers ETF,other
EUHY,iShares Euro High Yield Corporate Bond USD Hedged ETF,other
EUIG,iShares Euro Investment Grade Corporate Bond USD Hedged ETF,other
EUM,ProShares Short MSCI Emerging Markets,other
EUO,ProShares UltraShort Euro,other
EURL,Direxion Daily FTSE Europe Bull 3X ETF,other
EUSA,iShares MSCI USA Equal Weighted ETF,other
EUSB,iShares ESG Advanced Universal USD Bond ETF,other
EVAC,EQV Ventures Acquisition Corp. II Class A Ordinary Shares,other
EVAC.U,"EQV Ventures Acquisition Corp. II Units, each unit consists of one Class A ordinary share and one-third of one redeemable warrant",other
EVAC.W,"EQV Ventures Acquisition Corp. II Redeemable Warrants, each whole warrant exercisable for one Class A ordinary share at an exercise price of $11.50 per share",other
EVC,Entravision Communications Corporation Common Stock,other
EVEX,"Eve Holding, Inc. Common Stock",other
EVEX.W,"Eve Holding, Inc. Warrants, each exercisable for one share of Common Stock at an exercise price of $11.50 per share",other
EVF,Eaton Vance Senior Income Trust Common Stock,other
EVG,Eaton Vance Short Diversified Income Fund Eaton Vance Short Duration Diversified Income Fund Common Shares of Beneficial Interest,other
EVH,"Evolent Health, Inc Class A Common Stock",other
EVHY,Eaton Vance High Yield ETF,other
EVI,"EVI Industries, Inc.  Common Stock",other
EVIM,Eaton Vance Intermediate Municipal Income ETF,other
EVLN,Eaton Vance Floating-Rate ETF,other
EVLU,iShares MSCI Emerging Markets Value Factor ETF,other
EVMN,"Evommune, Inc. Common Stock",other
EVMO,Eaton Vance Mortgage Opportunities ETF,other
EVN,Eaton Vance Municipal Income Trust Common Stock,other
EVNT,AltShares Event-Driven ETF,other
EVR,Evercore Inc. Class A Common Stock,other
EVSB,Eaton Vance Ultra-Short Income ETF,other
EVSM,Eaton Vance Short Duration Municipal Income ETF,other
EVT,Eaton Vance Tax Advantaged Dividend Income Fund Common Shares of Beneficial Interest,other
EVTC,"Evertec, Inc. Common Stock",other
EVTL,Vertical Aerospace Ltd. Ordinary Shares,other
EVTR,Eaton Vance Total Return Bond ETF,other
EVUS,iShares ESG Aware MSCI USA Value ETF,other
EVV,Eaton Vance Limited Duration Income Fund Common Shares of Beneficial Interest,other
EVX,VanEck Environmental Services ETF,other
EW,Edwards Lifesciences Corporation Common Stock,other
EWA,iShares MSCI Australia Index Fund,other
EWC,iShares MSCI Canada Index Fund,other
EWD,iShares MSCI Sweden ETF,other
EWG,iShares MSCI Germany Index Fund,other
EWH,iShares MSCI Hong Kong Index Fund,other
EWI,iShares MSCI Italy ETF,other
EWJ,iShares MSCI Japan Index Fund,other
EWK,iShares MSCI Belgium ETF,other
EWL,iShares MSCI Switzerland ETF,other
EWM,iShares MSCI Malaysia Index Fund,other
EWN,iShares MSCI Netherlands Index Fund,other
EWO,iShares MSCI Austria ETF,other
EWP,iShares MSCI Spain ETF,other
EWQ,iShares MSCI France Index Fund,other
EWS,iShares MSCI Singapore ETF,other
EWT,iShares MSCI Taiwan ETF,other
EWU,iShares MSCI United Kingdom ETF,other
EWUS,iShares MSCI United Kingdom Small Cap ETF,other
EWV,ProShares UltraShort MSCI Japan,other
EWW,iShares MSCI Mexico ETF,other
EWX,State Street SPDR S&P Emerging Markets Small Cap ETF,other
EWY,iShares MSCI South Korea ETF,other
EWZ,iShares MSCI Brazil ETF,other
EXEQ,Wedbush ReturnOnLeadership U.S. Large-Cap ETF,other
EXG,Eaton Vance Tax-Managed Global Diversified Equity Income Fund Common Shares of Beneficial Interest,other
EXI,iShares Global Industrials ETF,other
EXK,Endeavour Silver Corporation Ordinary Shares (Canada),other
EXOD,"Exodus Movement, Inc. Class A Common Stock",other
EXP,Eagle Materials Inc Common Stock,other
EXPD,"Expeditors International of Washington, Inc. Common Stock",other
EXR,Extra Space Storage Inc Common Stock,other
EYLD,Cambria Emerging Shareholder Yield ETF,other
EZA,iShares MSCI South Africa Index Fund,other
EZBC,Franklin Templeton Digital Holdings Trust Shares of Franklin Bitcoin ETF,other
EZET,Franklin Ethereum ETF Franklin Ethereum ETF,other
EZJ,ProShares Ultra MSCI Japan,other
EZM,WisdomTree U.S. MidCap Fund,other
EZPZ,Franklin Crypto Index ETF,other
EZU,iShares MSCI Eurozone ETF,other
F,Ford Motor Company Common Stock,other
F$B,"Ford Motor Company 6.20% Notes due June 1, 2059",other
F$C,"Ford Motor Company 6% Notes due December 1, 2059",other
F$D,"Ford Motor Company 6.500% Notes due August 15, 2062",other
FAF,First American Corporation (New) Common Stock,other
FAI,First Trust Bloomberg Artificial Intelligence ETF,other
FAN,First Trust Global Wind Energy ETF,other
FAPR,FT Vest U.S. Equity Buffer ETF - April,other
FARX,Frontier Asset Absolute Return ETF,other
FAS,Direxion Financial Bull 3X ETF,other
FAUG,FT Vest U.S. Equity Buffer ETF - August,other
FAX,"abrdn Asia-Pacific Income Fund, Inc. Common Stock",other
FAZ,Direxion Financial Bear 3X ETF,other
FB,ProShares S&P 500 Dynamic Buffer ETF,other
FBCG,Fidelity Blue Chip Growth ETF,other
FBCV,Fidelity Blue Chip Value ETF,other
FBDC,FT Confluence BDC & Specialty Finance Income ETF,other
FBIN,"Fortune Brands Innovations, Inc. Common Stock",other
FBK,FB Financial Corporation Common Stock,other
FBND,Fidelity Total Bond ETF,other
FBP,First BanCorp. New Common Stock,other
FBRT,"Franklin BSP Realty Trust, Inc. Common Stock",other
FBRT$E,"Franklin BSP Realty Trust, Inc. 7.50% Series E Cumulative Redeemable Preferred Stock",other
FBT,First Trust Amex Biotech Index Fund,other
FBTC,Fidelity Wise Origin Bitcoin Fund,other
FBUF,Fidelity Dynamic Buffered Equity ETF,other
FBY,YieldMax META Option Income Strategy ETF,other
FC,Franklin Covey Company Common Stock,other
FCBD,Frontier Asset Core Bond ETF,other
FCF,First Commonwealth Financial Corporation Common Stock,other
FCFY,First Trust S&P 500 Diversified Free Cash Flow ETF,other
FCG,First Trust Natural Gas ETF,other
FCLD,Fidelity Cloud Computing ETF,other
FCN,"FTI Consulting, Inc. Common Stock",other
FCO,"abrdn Global Income Fund, Inc. Common Stock",other
FCOM,Fidelity MSCI Communication Services Index ETF,other
FCOR,Fidelity Corporate Bond ETF,other
FCPI,Fidelity Stocks for Inflation ETF,other
FCPT,"Four Corners Property Trust, Inc. Common Stock",other
FCRS,FutureCrest Acquisition Corp. Class A Ordinary Shares,other
FCRS.U,"FutureCrest Acquisition Corp. Units, each consisting of one Class A ordinary share and one-quarter of one redeemable warrant",other
FCRS.W,"FutureCrest Acquisition Corp. Redeemable warrants, each whole warrant exercisable for one Class A ordinary share at an exercise price of $11.50",other
FCRX,"Crescent Capital BDC, Inc. 5.00% Notes due 2026",other
FCSH,Federated Hermes Short Duration Corporate ETF,other
FCT,First Trust Senior Floating Rate Income Fund II Common Shares of Beneficial Interest,other
FCTR,First Trust Lunt U.S. Factor Rotation ETF,other
FCUS,Pinnacle Focused Opportunities ETF,other
FCX,"Freeport-McMoRan, Inc. Common Stock",other
FDAT,Tactical Advantage ETF,other
FDD,First Trust STOXX European Select Dividend Index Fund,other
FDEC,FT Vest U.S. Equity Buffer ETF - December,other
FDEM,Fidelity Emerging Markets Multifactor ETF,other
FDEV,Fidelity Emerging Markets Multifactor ETF,other
FDG,American Century Focused Dynamic Growth ETF,other
FDHY,Fidelity Enhanced High Yield ETF,other
FDIS,Fidelity MSCI Consumer Discretionary Index ETF,other
FDL,First Trust Morningstar ETF,other
FDLO,Fidelity Low Volatility Factor ETF,other
FDLS,Inspire Fidelis Multi Factor ETF,other
FDM,First Trust DJ Select MicroCap ETF,other
FDMO,Fidelity Momentum Factor ETF,other
FDN,First Trust DJ Internet Index Fund,other
FDND,FT Vest Dow Jones Internet & Target Income ETF,other
FDP,"Fresh Del Monte Produce, Inc. Common Stock",other
FDRR,Fidelity Dividend ETF for Rising Rates,other
FDRV,Fidelity Electric Vehicles and Future Transportation ETF,other
FDS,FactSet Research Systems Inc. Common Stock,other
FDV,Federated Hermes U.S. Strategic Dividend ETF,other
FDVV,Fidelity High Dividend ETF,other
FDX,FedEx Corporation Common Stock,other
FE,FirstEnergy Corp. Common Stock,other
FEAC,Fidelity Enhanced U.S. All-Cap Equity ETF,other
FEBM,FT Vest U.S. Equity Max Buffer ETF - February,other
FEBP,PGIM S&P 500 Buffer 12 ETF - February,other
FEBT,AllianzIM U.S. Large Cap Buffer10 Feb ETF,other
FEBU,AllianzIM U.S. Equity Buffer15 Uncapped Feb ETF,other
FEBW,AllianzIM U.S. Large Cap Buffer20 Feb ETF,other
FEBZ,TrueShares Structured Outcome (February) ETF,other
FEDM,FlexShares ESG & Climate Developed Markets ex-US Core Index Fund,other
FEDU,"Four Seasons Education (Cayman) Inc. American Depositary Shares, each ADS representing 10 ordinary shares",other
FEGE,First Eagle Global Equity ETF,other
FEIG,FlexShares ESG & Climate Investment Grade Corporate Core Index Fund,other
FELC,Fidelity Enhanced Large Cap Core ETF,other
FELG,Fidelity Enhanced Large Cap Growth ETF,other
FELV,Fidelity Enhanced Large Cap Value ETF,other
FEMD,First Eagle Mid Cap Equity ETF,other
FEMR,Fidelity Enhanced Emerging Markets ETF,other
FENG,"Phoenix New Media Limited American Depositary Shares, each representing 48 Class A ordinary shares.",other
FENI,Fidelity Enhanced International ETF,other
FENY,Fidelity MSCI Energy Index ETF,other
FEOE,First Eagle Overseas Equity ETF,other
FERG,Ferguson Enterprises Inc. Common Stock,other
FESM,Fidelity Enhanced Small Cap ETF,other
FET,"Forum Energy Technologies, Inc. Common Stock",other
FETH,Fidelity Ethereum Fund Fidelity Ethereum Fund,other
FEUS,FlexShares ESG & Climate US Large Cap Core Index Fund,other
FEZ,State Street SPDR EURO STOXX 50 ETF,other
FF,FutureFuel Corp.  Common shares,other
FFA,First Trust Enhanced Equity Income Fund Common Shares of Beneficial Interest,other
FFC,Flaherty & Crumrine Preferred and Income Securities Fund Incorporated,other
FFDI,Fidelity Fundamental Developed International ETF,other
FFEB,FT Vest U.S. Equity Buffer ETF - February,other
FFEM,Fidelity Fundamental Emerging Markets ETF,other
FFF,Founders 100 ETF,other
FFGX,Fidelity Fundamental Global ex-U.S. ETF,other
FFIU,UVA Unconstrained Medium-Term Fixed Income ETF,other
FFLC,Fidelity Fundamental Large Cap Core ETF,other
FFLG,Fidelity Fundamental Large Cap Growth ETF,other
FFLS,The Future Fund Long/Short ETF,other
FFLV,Fidelity Fundamental Large Cap Value ETF,other
FFND,One Global ETF,other
FFOG,Franklin Focused Growth ETF,other
FFOX,FundX Future Fund Opportunities ETF,other
FFSM,Fidelity Fundamental Small-Mid Cap ETF,other
FFTY,Innovator IBD 50 ETF,other
FFWM,First Foundation Inc. Common Stock,other
FG,"F&G Annuities & Life, Inc. Common Stock",other
FGD,First Trust DJ Global Select Dividend,other
FGDL,Franklin Responsibly Sourced Gold ETF,other
FGN,"F&G Annuities & Life, Inc. 7.950% Senior Notes due 2053",other
FGRU,T-REX 2X Long FIGR Daily Target ETF,other
FGSM,Frontier Asset Global Small Cap Equity ETF,other
FGSN,"F&G Annuities & Life, Inc. 7.300% Junior Subordinated Notes due 2065",other
FHDG,FT Vest U.S. Equity Quarterly Dynamic Buffer ETF,other
FHEQ,Fidelity Hedged Equity ETF,other
FHI,"Federated Hermes, Inc. Common Stock",other
FHLC,Fidelity MSCI Health Care Index ETF,other
FHN,First Horizon Corporation Common Stock,other
FHN$C,"First Horizon Corporation Depositary Shares, each representing a 1/400th interest in a share of Non-Cumulative Perpetual Preferred Stock, Series C",other
FHN$E,"First Horizon Corporation Depositary Shares, each representing a 1/4,000th interest in a share of Non-Cumulative Perpetual Preferred Stock, Series E",other
FHN$F,"First Horizon Corporation Depositary Shares, each representing 1/4000th Interest in a Share of Non-Cumulative Perpetual Preferred Stock, Series F",other
FHN$H,"First Horizon Corporation Depositary Shares each representing a 1/4,000th interest in a share of Non-Cumulative Perpetual Preferred Stock, Series H",other
FHYS,Federated Hermes Short Duration High Yield ETF,other
FIAT,YieldMax Short COIN Option Income Strategy ETF,other
FIAX,Nicholas Fixed Income Alternative ETF,other
FICO,Fair Isaac Corporation Common Stock,other
FIDI,Fidelity International High Dividend ETF,other
FIDU,Fidelity MSCI Industrials Index ETF,other
FIG,"Figma, Inc. Class A Common Stock",other
FIGB,Fidelity Investment Grade Bond ETF,other
FIGS,"FIGS, Inc. Class A Common Stock",other
FIHL,Fidelis Insurance Holdings Limited Common Shares,other
FIIG,First Trust Intermediate Duration Investment Grade Corporate ETF,other
FINS,Angel Oak Financial Strategies Income Term Trust Common Shares of Beneficial Interest,other
FINT,Frontier Asset Total International Equity ETF,other
FINV,FinVolution Group American Depositary Shares,other
FIS,"Fidelity National Information Services, Inc. Common Stock",other
FISK,"Empire State Realty OP, L.P. Series 250 Operating Partnership Units Representing Limited Partnership Interests",other
FISR,State Street Fixed Income Sector Rotation ETF,other
FITE,State Street SPDR S&P Kensho Future Security ETF,other
FIVA,Fidelity International Value Factor ETF,other
FIW,First Trust Water ETF,other
FIX,"Comfort Systems USA, Inc. Common Stock",other
FIXP,FolioBeyond Enhanced Fixed Income Premium ETF,other
FIXT,TCW Core Plus Bond ETF,other
FJAN,FT Vest U.S. Equity Buffer ETF - January,other
FJET,"Starfighters Space, Inc. Common Stock",other
FJUL,FT Vest U.S. Equity Buffer ETF - July,other
FJUN,FT Vest U.S. Equity Buffer ETF - June,other
FLAG,Global X S&P 500 U.S. Market Leaders Top 50 ETF,other
FLAO,AllianzIM U.S. Equity 6 Month Floor5 Apr/Oct ETF,other
FLAU,Franklin FTSE Australia ETF,other
FLAX,Franklin FTSE Asia ex Japan ETF,other
FLBL,Franklin Senior Loan ETF,other
FLBR,Franklin FTSE Brazil ETF,other
FLC,Flaherty & Crumrine Total Return Fund Inc Common Stock,other
FLCA,Franklin FTSE Canada ETF,other
FLCB,Franklin U.S. Core Bond ETF,other
FLCC,Federated Hermes MDT Large Cap Core ETF,other
FLCE,Frontier Asset U.S. Large Cap Equity ETF,other
FLCG,Federated Hermes MDT Large Cap Growth ETF,other
FLCH,Franklin FTSE China ETF,other
FLCO,Franklin Investment Grade Corporate ETF,other
FLCV,Federated Hermes MDT Large Cap Value ETF,other
FLDR,Fidelity Low Duration Bond Factor ETF,other
FLDZ,RiverNorth Patriot ETF,other
FLEE,Franklin FTSE Europe ETF,other
FLEU,Franklin FTSE Eurozone ETF,other
FLG,"Flagstar Bank, N.A. Common Stock",other
FLG$A,"Flagstar Bank, N.A. Depositary shares, each representing a 1/40th interest in a share of Fixed-to-Floating Rate Series A Noncumulative Perpetual Preferred Stock",other
FLG$U,"Flagstar Bank, N.A. Bifurcated Option Note Unit SecuritiES",other
FLGB,Franklin FTSE United Kingdom ETF,other
FLGR,Franklin FTSE Germany ETF,other
FLGV,Franklin U.S. Treasury Bond ETF,other
FLHY,Franklin High Yield Corporate ETF,other
FLIA,Franklin International Aggregate Bond ETF,other
FLIN,Franklin FTSE India ETF,other
FLJH,Franklin FTSE Japan Hedged ETF,other
FLJJ,AllianzIM U.S. Equity 6 Month Floor5 Jan/Jul ETF,other
FLJP,Franklin FTSE Japan ETF,other
FLKR,Franklin FTSE South Korea ETF,other
FLLA,Franklin FTSE Latin America ETF,other
FLMB,Franklin Municipal Green Bond ETF,other
FLMI,Franklin Dynamic Municipal Bond ETF,other
FLMX,Franklin FTSE Mexico ETF,other
FLNG,FLEX LNG Ltd. Ordinary Shares,other
FLO,"Flowers Foods, Inc. Common Stock",other
FLOC,Flowco Holdings Inc. Class A Common Stock,other
FLOT,iShares Floating Rate Bond ETF,other
FLOW,Global X U.S. Cash Flow Kings 100 ETF,other
FLQL,Franklin U.S. Large Cap Multifactor Index ETF,other
FLQM,Franklin U.S. Mid Cap Multifactor Index ETF,other
FLQS,Franklin U.S. Small Cap Multifactor Index ETF,other
FLR,Fluor Corporation Common Stock,other
FLRG,Fidelity U.S. Multifactor ETF,other
FLRN,State Street SPDR Bloomberg Investment Grade Floating Rate ETF,other
FLRT,Pacer Aristotle Pacific Floating Rate High Income ETF,other
FLS,Flowserve Corporation Common Stock,other
FLSA,Franklin FTSE Saudi Arabia ETF,other
FLSP,Franklin Systematic Style Premia ETF,other
FLSW,Franklin FTSE Switzerland ETF,other
FLTB,Fidelity Limited Term Bond ETF,other
FLTR,VanEck IG Floating Rate ETF,other
FLTW,Franklin FTSE Taiwan ETF,other
FLUD,Franklin Ultra Short Bond ETF,other
FLUT,Flutter Entertainment plc Ordinary Shares,other
FLV,American Century Focused Large Cap Value ETF,other
FLXI,Invesco Flexible Income ETF,other
FLXN,Horizon Flexible Income ETF,other
FLXR,TCW Flexible Income ETF,other
FLYD,MicroSectors Travel -3x Inverse Leveraged ETN,other
FLYT,Tradr 2X Long FLY Daily ETF,other
FLYU,MicroSectors Travel 3x Leveraged ETN,other
FLYX,"flyExclusive, Inc. Class A Common Stock",other
FLYX.W,"flyExclusive, Inc. Redeemable warrants, each whole warrant exercisable for one Class A common stock at an exercise price of $11.50 per share",other
FMAG,Fidelity Magellan ETF,other
FMAR,FT Vest U.S. Equity Buffer ETF - March,other
FMAT,Fidelity MSCI Materials Index ETF,other
FMAY,FT Vest U.S. Equity Buffer ETF - May,other
FMC,FMC Corporation Common Stock,other
FMCE,FM Compounders Equity ETF,other
FMCX,FM Focus Equity ETF,other
FMDE,Fidelity Enhanced Mid Cap ETF,other
FMF,First Trust Managed Futures Strategy Fund,other
FMKT,The Free Markets ETF,other
FMN,Federated Hermes Premier Municipal Income Fund,other
FMNY,First Trust New York Municipal High Income ETF,other
FMQQ,FMQQ The Next Frontier Internet ETF,other
FMS,Fresenius Medical Care AG American Depositary Shares (Each representing 1/2 of an Ordinary Share),other
FMTL,First Trust Indxx Critical Metals ETF,other
FMX,Fomento Economico Mexicano S.A.B. de C.V. Common Stock,other
FMY,First Trust Mortgage Income Fund Common Shares of Beneficial Interest,other
FN,Fabrinet Ordinary Shares,other
FNB,F.N.B. Corporation Common Stock,other
FNCL,Fidelity MSCI Financials Index ETF,other
FND,"Floor & Decor Holdings, Inc. Common Stock",other
FNDA,Schwab Fundamental U.S. Small Company ETF,other
FNDB,Schwab Fundamental U.S. Broad Market ETF,other
FNDC,Schwab Fundamental International Small Equity ETF,other
FNDE,Schwab Fundamental Emerging Markets Equity ETF,other
FNDF,Schwab Fundamental International Equity ETF,other
FNDX,Schwab Fundamental U.S. Large Company ETF,other
FNF,"Fidelity National Financial, Inc. Common Stock",other
FNGD,"MicroSectors FANG  Index -3X Inverse Leveraged ETNs due January 8, 2038",other
FNGG,Direxion Daily NYSE FANG+ Bull 2X ETF,other
FNGO,"MicroSectors FANG  Index 2X Leveraged ETNs due January 8, 2038",other
FNGS,"MicroSectors FANG  ETNs due January 8, 2038",other
FNGU,MicroSectors FANG+ 3X Leveraged ETNs,other
FNOV,FT Vest U.S. Equity Buffer ETF - November,other
FNV,Franco-Nevada Corporation,other
FOA,Finance of America Companies Inc. Class A Common Stock,other
FOCT,FT Vest U.S. Equity Buffer ETF - October,other
FOF,"Cohen & Steers Closed-End Opportunity Fund, Inc. Common Stock",other
FOPC,Frontier Asset Opportunistic Credit ETF,other
FOR,Forestar Group Inc Common Stock ,other
FORH,Formidable ETF,other
FOUR,"Shift4 Payments, Inc. Class A Common Stock",other
FOUR$A,"Shift4 Payments, Inc. 6.00% Series A Mandatory Convertible Preferred Stock",other
FOWF,Pacer Solactive Whitney Future of Warfare ETF,other
FOXY,Simplify Currency Strategy ETF,other
FPAG,FPA Global Equity ETF,other
FPAS,FPA Short Duration Government ETF,other
FPE,First Trust Preferred Securities and Income ETF ETF,other
FPEI,First Trust Institutional Preferred Securities and Income ETF,other
FPF,First Trust Intermediate Duration Preferred & Income Fund Common Shares of Beneficial Interest,other
FPFD,Fidelity Preferred Securities & Income ETF,other
FPH,"Five Point Holdings, LLC Class A Common Shares",other
FPI,Farmland Partners Inc. Common Stock,other
FPRO,Fidelity Real Estate Investment ETF,other
FPS,"Forgent Power Solutions, Inc. Class A Common Stock",other
FPWR,First Trust EIP Power Solutions ETF,other
FPX,First Trust US Equity Opportunities ETF,other
FQAL,Fidelity Quality Factor ETF,other
FR,"First Industrial Realty Trust, Inc. Common Stock",other
FRA,Blackrock Floating Rate Income Strategies Fund Inc  Common Stock,other
FRDM,Freedom 100 Emerging Markets ETF,other
FREL,Fidelity MSCI Real Estate Index ETF,other
FRGN,Horizon International Equity ETF,other
FRI,First Trust S&P REIT Index Fund,other
FRIZ,Franklin Dividend Growth ETF,other
FRNW,Fidelity Clean Energy ETF,other
FRO,Frontline Plc Ordinary Shares,other
FRT,Federal Realty Investment Trust Common Stock,other
FRT$C,"Federal Realty Investment Trust Depositary Shares, each representing a 1/1000th interest in a 5.000% Series C Cumulative Redeemable Preferred Share",other
FRTY,Alger Mid Cap 40 ETF,other
FSCC,Federated Hermes MDT Small Cap Core ETF,other
FSCO,FS Credit Opportunities Corp. Common Stock,other
FSEC,Fidelity Investment Grade Securitized ETF,other
FSEP,FT Vest U.S. Equity Buffer ETF - September,other
FSI,Flexible Solutions International Inc. Common Stock (CDA),other
FSIG,First Trust Limited Duration Investment Grade Corporate ETF,other
FSK,FS KKR Capital Corp. Common Stock,other
FSM,Fortuna Mining Corp. Common Shares,other
FSMB,First Trust Short Duration Managed Municipal ETF,other
FSMD,Fidelity Small-Mid Multifactor ETF,other
FSML,Franklin Small Cap Enhanced ETF,other
FSOL,Fidelity Solana Fund,other
FSP,Franklin Street Properties Corp. Common Stock,other
FSS,Federal Signal Corporation Common Stock,other
FSSL,FS Specialty Lending Fund Common Shares of Beneficial Interest,other
FSTA,Fidelity MSCI Consumer Staples Index ETF,other
FSYD,Fidelity Sustainable High Yield ETF,other
FT,Franklin Universal Trust Common Stock,other
FTBD,Fidelity Tactical Bond ETF,other
FTBI,First Trust Balanced Income ETF,other
FTCA,Franklin California Municipal Income ETF,other
FTCB,First Trust Core Investment Grade ETF,other
FTCE,First Trust New Constructs Core Earnings Leaders ETF,other
FTEC,Fidelity MSCI Information Technology Index ETF,other
FTF,Franklin Limited Duration Income Trust Common Shares of Beneficial Interest,other
FTHB,FIS Faith Income ETF,other
FTHF,First Trust Emerging Markets Human Flourishing ETF,other
FTHY,First Trust High Yield Opportunities 2027 Term Fund Common Stock,other
FTI,TechnipFMC plc Ordinary Share,other
FTIF,First Trust Bloomberg Inflation Sensitive Equity ETF,other
FTK,"Flotek Industries, Inc. Common Stock",other
FTKI,First Trust Small Cap BuyWrite Income ETF,other
FTLS,First Trust Long/Short Equity,other
FTMA,Franklin Massachusetts Municipal Income ETF,other
FTMH,Franklin Municipal High Yield ETF,other
FTMN,Franklin Minnesota Municipal Income ETF,other
FTMS,Franklin Short-Term Municipal Income ETF,other
FTMU,Franklin Municipal Income ETF,other
FTNJ,Franklin New Jersey Municipal Income ETF,other
FTNY,Franklin New York Municipal Income ETF,other
FTOH,Franklin Ohio Municipal Income ETF,other
FTPA,Franklin Pennsylvania Municipal Income ETF,other
FTRB,Federated Hermes Total Return Bond ETF,other
FTS,Fortis Inc. Common Shares,other
FTSD,Franklin Short Duration U.S. Government ETF,other
FTV,Fortive Corporation Common Stock ,other
FTW,Presidio Production Company Class A Common Stock,other
FTW.W,"Presidio Production Company Warrants, each whole warrant exercisable for one share of Class A common stock at an exercise price of $11.50 per share",other
FTWO,Strive Natural Resources and Security ETF,other
FUBO,FuboTV Inc. Class A Common Stock,other
FUL,H. B. Fuller Company Common Stock,other
FUMB,First Trust Ultra Short Duration Municipal ETF,other
FUN,Six Flags Entertainment Corporation Common Stock New,other
FURY,Fury Gold Mines Limited Common Shares,other
FUSI,American Century Multisector Floating Income ETF,other
FUTY,Fidelity MSCI Utilities Index ETF,other
FVAL,Fidelity Value Factor ETF,other
FVD,First Trust VL Dividend,other
FVR,"FrontView REIT, Inc. Common Stock",other
FVRR,"Fiverr International Ltd. Ordinary Shares, no par value",other
FWD,AB Disruptors ETF,other
FXA,Invesco CurrencyShares Australian Dollar Trust,other
FXB,Invesco CurrencyShares British Pound Sterling Trust,other
FXC,Invesco CurrencyShares Canadian Dollar Trust,other
FXD,First Trust Cons. Discret. AlphaDEX,other
FXE,Invesco CurrencyShares Euro Currency Trust,other
FXED,Sound Enhanced Fixed Income ETF,other
FXF,Invesco CurrencyShares Swiss Franc Trust,other
FXG,First Trust Cons. Staples AlphaDEX,other
FXH,First Trust Health Care AlphaDEX,other
FXI,iShares China Large-Cap ETF,other
FXL,First Trust Technology AlphaDEX,other
FXN,First Trust Energy AlphaDEX Fund,other
FXO,First Trust Financials AlphaDEX,other
FXP,ProShares UltraShort FTSE China 50,other
FXR,First Trust Industrials AlphaDEX,other
FXU,First Trust Utilities AlphaDEX Fund,other
FXY,Invesco CurrencyShares Japanese Yen Trust,other
FXZ,First Trust Materials AlphaDEX Fund,other
FYEE,Fidelity Yield Enhanced Equity ETF,other
FYLD,Cambria Foreign Shareholder Yield ETF,other
G,Genpact Limited Common Stock,other
GAA,Cambria Global Asset Allocation ETF,other
GAB,"Gabelli Equity Trust, Inc. (The) Common Stock",other
GAB$G,"Gabelli Equity Trust, Inc. (The) Series G Cumulative Preferred Stock",other
GAB$H,"Gabelli Equity Trust, Inc. (The) Pfd Ser H",other
GAB$K,"Gabelli Equity Trust, Inc. (The) 5.00% Series K Cumulative Preferred Stock",other
GAB.R,"Gabelli Equity Trust, Inc. (The) Rights (expiring April 14, 2026) Rights",other
GABF,Gabelli ETFs Trust Gabelli Financial Services Opportunities ETF,other
GAEM,Simplify Gamma Emerging Market Bond ETF,other
GAID,Guinness Atkinson International Dividend Builder ETF,other
GAL,State Street Global Allocation ETF,other
GAM,"General American Investors, Inc. Common Stock",other
GAM$B,"General American Investors Company, Inc. Cumulative Preferred Stock",other
GAMR,Amplify Video Game Leaders ETF,other
GAP,"Gap, Inc. (The) Common Stock",other
GAPR,FT Vest U.S. Equity Moderate Buffer ETF - April,other
GARA,Guinness Atkinson Real Assets Income ETF,other
GARP,iShares MSCI USA Quality GARP ETF,other
GATX,GATX Corporation Common Stock,other
GAU,Galiano Gold Inc.,other
GAUD,Guinness Atkinson US Dividend Builder ETF,other
GAUG,FT Vest U.S. Equity Moderate Buffer ETF - August,other
GBAB,Guggenheim Taxable Municipal Bond & Investment Grade Debt Trust Common Shares of Beneficial Interest,other
GBCI,"Glacier Bancorp, Inc. Common Stock",other
GBF,iShares Government/Credit Bond ETF,other
GBHI,Gabelli High Income ETF,other
GBIL,Goldman Sachs Access Treasury 0-1 Year ETF,other
GBND,Goldman Sachs Core Bond ETF,other
GBR,"New Concept Energy, Inc Common Stock",other
GBTC,Grayscale Bitcoin Trust (BTC),other
GBTG,"Global Business Travel Group, Inc. Class A Common Stock",other
GBX,"Greenbrier Companies, Inc. (The) Common Stock",other
GBXA,Goldman Sachs U.S. Large Cap Buffer 1 ETF,other
GCAD,Gabelli Commercial Aerospace and Defense ETF,other
GCAL,Goldman Sachs Dynamic California Municipal Income ETF,other
GCC,WisdomTree EnhancedContinuous Commodity Index Fund,other
GCDT,Green Circle Decarbonize Technology Limited Ordinary Shares,other
GCO,Genesco Inc. Common Stock,other
GCOR,Goldman Sachs Access U.S. Aggregate Bond ETF,other
GCOW,Pacer Global Cash Cows Dividend ETF,other
GCTS,"GCT Semiconductor Holding, Inc. Common Stock",other
GCTS.W,"GCT Semiconductor Holding, Inc. Warrants, each whole warrant exercisable for one share of Common Stock at an exercise price of $11.50",other
GCV,"Gabelli Convertible and Income Securities Fund, Inc. (The) Common Stock",other
GD,General Dynamics Corporation Common Stock,other
GDDY,GoDaddy Inc. Class A Common Stock,other
GDE,WisdomTree Efficient Gold Plus Equity Strategy Fund,other
GDEC,FT Vest U.S. Equity Moderate Buffer ETF - December,other
GDIV,Harbor Dividend Growth Leaders ETF,other
GDL,"GDL Fund, The Common Shares of Beneficial Interest",other
GDLC,Grayscale CoinDesk Crypto 5 ETF,other
GDMA,GadsdenA DynamicA Multi-AssetA ETF,other
GDMN,WisdomTree Efficient Gold Plus Gold Miners Strategy Fund,other
GDO,Western Asset Global Corporate Opportunity Fund Inc. Common Stock,other
GDOC,Goldman Sachs Future Health Care Equity ETF,other
GDOG,Grayscale Dogecoin Trust ETF,other
GDOT,"Green Dot Corporation Class A Common Stock, $0.001 par value",other
GDT,WisdomTree Efficient TIPS Plus Gold Fund,other
GDV,Gabelli Dividend & Income Trust Common Shares of Beneficial Interest,other
GDV$H,The Gabelli Dividend & Income Trust 5.375% Series H Cumulative Preferred Shares,other
GDV$K,The Gabelli Dividend & Income Trust 4.250% Series K Cumulative Preferred Shares,other
GDX,VanEck Gold Miners ETF,other
GDXD,MicroSectors Gold Miners -3X Inverse Leveraged ETNs,other
GDXJ,VanEck Junior Gold Miners ETF,other
GDXU,MicroSectors Gold Miners 3X Leveraged ETN,other
GDXW,Roundhill Gold Miners WeeklyPay ETF,other
GDXY,YieldMax Gold Miners Option Income Strategy ETF,other
GE,GE Aerospace Common Stock,other
GEF,Greif Inc. Class A Common Stock,other
GEF.B,"Greif, Inc. Corporation Class B Common Stock",other
GEL,"Genesis Energy, L.P. Common Units",other
GEM,Goldman Sachs ActiveBeta Emerging Markets Equity ETF,other
GEMD,Goldman Sachs Access Emerging Markets USD Bond ETF,other
GENC,"Gencor Industries, Inc. Common Stock",other
GEND,Genter Capital Dividend Income ETF,other
GENI,Genius Sports Limited Ordinary Shares,other
GENM,Genter Capital Municipal Quality Intermediate ETF,other
GENT,Genter Capital Taxable Quality Intermediate ETF,other
GENW,Genter Capital International Dividend ETF,other
GEO,Geo Group Inc (The) REIT,other
GEOA,WisdomTree GeoAlpha Opportunities Fund,other
GETY,"Getty Images Holdings, Inc. Class A Common Stock",other
GEV,GE Vernova Inc. Common Stock,other
GEVX,Tradr 2X Long GEV Daily ETF,other
GF,"New Germany Fund, Inc. (The) Common Stock",other
GFEB,FT Vest U.S. Equity Moderate Buffer ETF - February,other
GFF,Griffon Corporation Common Stock,other
GFI,Gold Fields Limited American Depositary Shares,other
GFL,"GFL Environmental Inc. Subordinate voting shares, no par value",other
GFR,Greenfire Resources Ltd. Common Shares,other
GGB,Gerdau S.A. Common Stock,other
GGG,Graco Inc. Common Stock,other
GGM,GGM Macro Alignment ETF,other
GGME,Invesco Next Gen Media and Gaming ETF,other
GGN,"GAMCO Global Gold, Natural Resources & Income Trust",other
GGN$B,"GAMCO Global Gold, Natural Reources & Income Trust 5.00% Series B Cumulative 25.00 Liquidation Preference",other
GGOV,iShares Global Government Bond USD Hedged Active ETF,other
GGRW,Gabelli Growth Innovators ETF,other
GGT,"Gabelli Multi-Media Trust, Inc. (The) Common Stock",other
GGT$E,Gabelli Multi-Media Trust Inc. (The) 5.125% Series E Cumulative Preferred Stock,other
GGT$G,Gabelli Multi-Media Trust Inc. (The) 5.125% Series G Cumulative Preferred Shares,other
GGTL,Gabelli Global Technology Leaders ETF,other
GGUS,Goldman Sachs MarketBeta Russell 1000 Growth Equity ETF,other
GGZ,Gabelli Global Small and Mid Cap Value Trust (The) Common Shares of Beneficial Interest,other
GHC,Graham Holdings Company Common Stock,other
GHG,"GreenTree Hospitality Group Ltd. American depositary shares, each representing one Class A ordinary share",other
GHI,Greystone Housing Impact Investors LP Beneficial Unit Certificates representing assignments of limited partnership interests,other
GHM,Graham Corporation Common Stock,other
GHTA,Goose Hollow Tactical Allocation ETF,other
GHY,"PGIM Global High Yield Fund, Inc.",other
GHYB,Goldman Sachs Access High Yield Corporate Bond ETF,other
GHYG,iShares US & Intl High Yield Corp Bond ETF,other
GIAX,Nicholas Global Equity and Income ETF,other
GIB,CGI Inc. Common Stock,other
GIC,Global Industrial Company Common Stock,other
GIF,REX Growth & Income Universe ETF,other
GIGB,Goldman Sachs Access Investment Grade Corporate Bond ETF,other
GIGL,Goldman Sachs Corporate Bond ETF,other
GII,State Street SPDR S&P Global Infrastructure ETF,other
GIL,"Gildan Activewear, Inc. Class A Sub. Vot. Common Stock",other
GINN,Goldman Sachs Innovate Equity ETF,other
GIS,"General Mills, Inc. Common Stock",other
GJAN,FT Vest U.S. Equity Moderate Buffer ETF - January,other
GJH,Synthetic Fixed-Income Securities Inc 6.375% (STRATS) Cl A-1,other
GJO,"Synthetic Fixed-Income Securities, Inc. on behalf of STRATS(SM) Trust for Wal-Mart Stores, Inc. Securities, Series 2004-5",other
GJP,"Synthetic Fixed-Income Securities, Inc. on behalf of STRATS (SM) Trust for Dominion Resources, Inc. Securities, Series 2005-6, Floating Rate Structured Repackaged Asset-Backed Trust Securities (STRATS) Certificates",other
GJR,"Synthetic Fixed-Income Securities, Inc. STRATS Trust for Procter&Gamble Securities, Series 2006-1",other
GJS,"Goldman Sachs Group Securities STRATS Trust for Goldman Sachs Group Securities, Series 2006-2",other
GJT,"Synthetic Fixed-Income Securities, Inc. Floating Rate Structured Repackaged Asset-Backed Trust Securities Certificates, Series 2006-3",other
GJUL,FT Vest U.S. Equity Moderate Buffer ETF - July,other
GJUN,FT Vest U.S. Equity Moderate Buffer ETF - June,other
GK,AdvisorShares Gerber Kawasaki ETF,other
GKOS,Glaukos Corporation Common Stock,other
GL,Globe Life Inc. Common Stock,other
GL$D,Globe Life Inc. 4.25% Junior Subordinated Debentures due 2061,other
GLBL,Pacer MSCI World Industry Advantage ETF,other
GLD,SPDR Gold Shares,other
GLDG,GoldMining Inc. Common Shares,other
GLDM,SPDR Gold MiniShares Trust,other
GLDN,Nicholas Gold Income ETF,other
GLDW,Roundhill Gold WeeklyPay ETF,other
GLED.U,"GalaxyEdge Acquisition Corporation Units, each consisting of one Ordinary Share and one Right entitling the holder to receive 1/4th of one ordinary share",other
GLIN,VanEck India Growth Leaders ETF,other
GLIX,Lazard Listed Infrastructure ETF,other
GLL,ProShares UltraShort Gold,other
GLNK,Grayscale Chainlink Trust ETF,other
GLO,Clough Global Opportunities Fund Common Stock,other
GLOB,Globant S.A. Common Shares,other
GLOF,iShares Global Equity Factor ETF,other
GLOP$A,GasLog Partners LP 8.625% Series A Cumulative Redeemable Perpetual Fixed to Floating Rate Preference Units,other
GLOP$B,GasLog Partners LP 8.200% Series B Cumulative Redeemable Perpetual Fixed to Floating Rate Preference Units,other
GLOP$C,GasLog Partners LP 8.500% Series C Cumulative Redeemable Perpetual Fixed to Floating Rate Preference Units,other
GLP,Global Partners LP Common Units representing Limited Partner Interests,other
GLP$B,Global Partners LP 9.50% Series B Fixed Rate Cumulative Redeemable Perpetual Preferred Units representing limited partner interests,other
GLQ,Clough Global Equity Fund Clough Global Equity Fund Common Shares of Beneficial Interest,other
GLRY,Inspire Growth ETF,other
GLTR,abrdn Physical Precious Metals Basket Shares ETF,other
GLU,Gabelli Global Utility Common Shares of Beneficial Ownership,other
GLU$A,The Gabelli Global Utility and Income Trust Series A Cumulative Puttable and Callable Preferred Shares,other
GLU$B,The Gabelli Global Utility and Income Trust Series B Cumulative Puttable and Callable Preferred Shares,other
GLV,Clough Global Dividend and Income Fund Common Shares of beneficial interest,other
GLW,Corning Incorporated Common Stock,other
GLXU,T-REX 2X Long GLXY Daily Target ETF,other
GM,General Motors Company Common Stock,other
GMAR,FT Vest U.S. Equity Moderate Buffer ETF - March,other
GMAY,FT Vest U.S. Equity Moderate Buffer ETF - May,other
GME,GameStop Corporation Common Stock,other
GME.W,GameStop Corporation Warrants to Purchase Common Stock,other
GMED,"Globus Medical, Inc. Class A Common Stock",other
GMEU,T-REX 2X Long GME Daily Target ETF,other
GMEY,YieldMax GME Option Income Strategy ETF,other
GMF,State Street SPDR S&P Emerging Asia Pacific ETF,other
GMMA,GammaRoad Market Navigation ETF,other
GMMF,iShares Government Money Market ETF,other
GMNY,Goldman Sachs Dynamic New York Municipal Income ETF,other
GMOC,GMO Ultra-Short Income ETF,other
GMOD,GMO Dynamic Allocation ETF,other
GMOI,GMO International Value ETF,other
GMOM,Cambria Global Momentum ETF,other
GMOV,GMO US Value ETF,other
GMTL.V,Guardian Metal Resources PLC ADS When-Issued,other
GMUB,Goldman Sachs Municipal Income ETF,other
GMUN,Goldman Sachs Access Municipal Bond ETF,other
GNE,Genie Energy Ltd. Class B Common Stock Stock,other
GNK,Genco Shipping & Trading Limited Ordinary Shares New (Marshall Islands),other
GNL,"Global Net Lease, Inc. Common Stock",other
GNL$A,"Global Net Lease, Inc. 7.25% Series A Cumulative Redeemable Preferred Stock, $0.01 par value per share",other
GNL$B,"Global Net Lease, Inc. 6.875% Series B Cumulative Redeemable Perpetual Preferred Stock",other
GNL$D,"Global Net Lease, Inc. 7.50% Series D Cumulative Redeemable Perpetual Preferred Stock",other
GNL$E,"Global Net Lease, Inc. 7.375% Series E Cumulative Redeemable Perpetual Preferred Stock",other
GNOV,FT Vest U.S. Equity Moderate Buffer ETF - November,other
GNR,State Street SPDR S&P Global Natural Resources ETF,other
GNRC,Generac Holdlings Inc. Common Stock,other
GNS,Genius Group Limited Ordinary Shares,other
GNT,"GAMCO Natural Resources, Gold & Income Trust",other
GNT$A,"GAMCO Natural Resources, Gold & Income Tust  5.20% Series A Cumulative Preferred Shares (Liquidation Preference $25.00 per share)",other
GNW,Genworth Financial Inc Common Stock,other
GOAU,US Global GO Gold and Precious Metal Miners ETF,other
GOCT,FT Vest U.S. Equity Moderate Buffer ETF - October,other
GOEX,Global X Gold Explorers ETF,other
GOF,Guggenheim Strategic Opportunities Fund Common Shares of Beneficial Interest,other
GOLD,"Gold.com, Inc. Common Stock",other
GOLF,Acushnet Holdings Corp. Common Stock,other
GOLS,Gabelli Opportunities in Live and Sports ETF,other
GOLY,Strategy Shares Gold Enhanced Yield ETF,other
GOOP,Kurv Yield Premium Strategy Google (GOOGL) ETF,other
GOOS,Canada Goose Holdings Inc. Subordinate Voting Shares,other
GOOW,Roundhill GOOGL WeeklyPay ETF,other
GOOX,T-Rex 2X Long Alphabet Daily Target ETF,other
GOOY,YieldMax GOOGL Option Income Strategy ETF,other
GOP,Unusual Whales Subversive Republican Trading ETF,other
GORO,Gold Resource Corporation Common Stock,other
GOTU,Gaotu Techedu Inc. American Depositary Shares,other
GOVT,iShares U.S. Treasury Bond ETF,other
GOVZ,iShares 25  Year Treasury STRIPS Bond ETF,other
GPC,Genuine Parts Company Common Stock,other
GPGI,"GPGI, Inc. Class A Common Stock",other
GPI,"Group 1 Automotive, Inc. Common Stock",other
GPJA,"Georgia Power Company Series 2017A 5.00% Junior Subordinated Notes due October 1, 2077",other
GPK,Graphic Packaging Holding Company,other
GPMT,Granite Point Mortgage Trust Inc. Common Stock,other
GPMT$A,Granite Point Mortgage Trust Inc. 7.00% Series A Fixed-to-Floating Rate Cumulative Redeemable Preferred Stock,other
GPN,Global Payments Inc. Common Stock,other
GPOR,Gulfport Energy Corporation Common Shares,other
GPRK,Geopark Ltd Common Shares,other
GPTY,YieldMax AI & Tech Portfolio Option Income ETF,other
GPUS,"Hyperscale Data, Inc. Common Stock",other
GPUS$D,"Hyperscale Data, Inc. 13.00% Series D Cumulative Redeemable Perpetual Preferred Stock",other
GPZ,VanEck Alternative Asset Manager ETF,other
GQGU,GQG US Equity ETF,other
GQI,Natixis Gateway Quality Income ETF,other
GQRE,FlexShares Global Quality Real Estate Index Fund,other
GRAF,Graf Global Corp. Class A ordinary shares,other
GRAF.U,"Graf Global Corp. Units, each consisting of one Class A ordinary share and one-half of one redeemable warrant",other
GRAF.W,"Graf Global Corp. Warrants, each whole warrant exercisable for one Class A ordinary share at an exercise price of $11.50 per share",other
GRBK,"Green Brick Partners, Inc. Common Stock",other
GRBK$A,"Green Brick Partners, Inc. Depositary Shares (each representing a 1/1000th fractional interest in a share of 5.75% Series A Cumulative Perpetual Preferred Stock)",other
GRC,Gorman-Rupp Company (The) Common Stock,other
GRDN,"Guardian Pharmacy Services, Inc. Class A Common Stock",other
GREK,Global X MSCI Greece ETF,other
GRF,"Eagle Capital Growth Fund, Inc. Common Stock",other
GRMN,Garmin Ltd. Common Stock (Switzerland),other
GRN,iPath Series B Carbon Exchange-Traded Notes,other
GRNB,VanEck Green Bond ETF,other
GRND,Grindr Inc. Common Stock,other
GRNI,Fundstrat Granny Shots US Large Cap & Income ETF,other
GRNJ,Fundstrat Granny Shots US Small- & Mid-Cap ETF,other
GRNT,"Granite Ridge Resources, Inc. Common Stock",other
GRNY,Fundstrat Granny Shots US Large Cap ETF,other
GRO,Brazil Potash Corp. Common Shares,other
GROV,"Grove Collaborative Holdings, Inc. Class A Common Stock",other
GROY,Gold Royalty Corp. Common Shares,other
GROY.W,Gold Royalty Corp. Warrants,other
GROZ,Zacks Focus Growth ETF,other
GRPM,Invesco S&P MidCap 400 GARP ETF,other
GRPZ,Invesco S&P SmallCap 600 GARP ETF,other
GRX,The Gabelli Healthcare & Wellness Trust Common Shares of Beneficial Interest,other
GS,"Goldman Sachs Group, Inc. (The) Common Stock",other
GS$A,"Goldman Sachs Group, Inc. (The) Depositary Shares each representing 1/1000th Interest in a Share of Floating Rate Non-Cumulative Preferred Stock Series A",other
GS$C,"Goldman Sachs Group, Inc. (The) Depositary Share repstg 1/1000th Preferred Series C",other
GS$D,"Goldman Sachs Group, Inc. (The) Dep Shs repstg 1/1000 Pfd Ser D Fltg",other
GSBD,"Goldman Sachs BDC, Inc. Common Stock",other
GSC,Goldman Sachs Small Cap Equity ETF,other
GSEE,Goldman Sachs MarketBeta Emerging Markets Equity ETF,other
GSEP,FT Vest U.S. Equity Moderate Buffer ETF - September,other
GSEU,Goldman Sachs ActiveBeta Europe Equity ETF,other
GSEW,Goldman Sachs Equal Weight U.S. Large Cap Equity ETF,other
GSG,iShares GSCI Commodity-Indexed Trust Fund,other
GSID,Goldman Sachs MarketBeta International Equity ETF,other
GSIE,Goldman Sachs ActiveBeta International Equity ETF,other
GSIG,Goldman Sachs Access Investment Grade Corporate 1-5 Year Bond ETF,other
GSJY,Goldman Sachs ActiveBeta Japan Equity ETF,other
GSK,GSK plc American Depositary Shares (Each representing two Ordinary Shares),other
GSKH,GSK plc ADRhedged,other
GSL,Global Ship Lease Inc New Class A Common Shares,other
GSL$B,"Global Ship Lease, Inc. Depository Shares Representing 1/100th Perpetual Preferred Series B% (Marshall Island)",other
GSLC,Goldman Sachs ActiveBeta U.S. Large Cap Equity ETF,other
GSOL,Grayscale Solana Staking ETF,other
GSPY,Gotham Enhanced 500 ETF,other
GSSC,GS ActiveBeta U.S. Small Cap Equity ETF,other
GSST,Goldman Sachs Ultra Short Bond ETF,other
GSUI,Grayscale Sui Staking ETF,other
GSUS,Goldman Sachs MarketBeta U.S. Equity ETF,other
GSWO,Goldman Sachs ActiveBeta World Equity ETF,other
GSY,Invesco Ultra Short Duration ETF,other
GTE,Gran Tierra Energy Inc. Common Stock,other
GTEK,Goldman Sachs Future Tech Leaders Equity ETF,other
GTES,Gates Industrial Corporation plc Ordinary Shares,other
GTIP,Goldman Sachs Access Inflation Protected USD Bond ETF,other
GTLS,"Chart Industries, Inc. Common Stock",other
GTN,"Gray Media, Inc. Common Stock",other
GTN.A,"Gray Media, Inc. Class A Common Stock",other
GTO,Invesco Total Return Bond ETF,other
GTOC,Invesco Core Fixed Income ETF,other
GTOH,Invesco Short Duration High Yield ETF,other
GTOS,Invesco Short Duration Total Return Bond ETF,other
GTY,Getty Realty Corporation Common Stock,other
GUG,Guggenheim Active Allocation Fund Common Shares of Beneficial Interest,other
GUMI,Goldman Sachs Ultra Short Municipal Income ETF,other
GUNR,FlexShares Global Upstream Natural Resources Index Fund ETF,other
GURU,Global X Guru Index ETF,other
GUSA,Goldman Sachs MarketBeta U.S. 1000 Equity ETF,other
GUSH,Direxion Daily S&P Oil & Gas Exp. & Prod. Bull 2X ETF,other
GUT,Gabelli Utility Trust (The) Common Stock,other
GUT$C,Gabelli Utility Trust (The) 5.375% Series C Cumulative Preferred Shares,other
GVA,Granite Construction Incorporated Common Stock,other
GVAL,Cambria Global Value ETF,other
GVI,iShares Intermediate Government/Credit Bond ETF,other
GVIP,Goldman Sachs Hedge Industry VIP ETF,other
GVLU,Gotham 1000 Value ETF,other
GVUS,Goldman Sachs MarketBeta Russell 1000 Value Equity ETF,other
GWH,"ESS Tech, Inc. Common Stock",other
GWH.W,"ESS Tech, Inc. Warrant",other
GWRE,"Guidewire Software, Inc. Common Stock",other
GWW,"W.W. Grainger, Inc. Common Stock",other
GWX,State Street SPDR S&P International Small Cap ETF,other
GXC,State Street SPDR S&P China ETF,other
GXIG,Global X Investment Grade Corporate Bond ETF,other
GXLC,Global X U.S. 500 ETF,other
GXO,"GXO Logistics, Inc. Common Stock ",other
GXPC,Global X PureCap MSCI Communication Services ETF,other
GXPD,Global X PureCap MSCI Consumer Discretionary ETF,other
GXPE,Global X PureCap MSCI Energy ETF,other
GXPS,Global X PureCap MSCI Consumer Staples ETF,other
GXPT,Global X PureCap MSCI Information Technology ETF,other
GXRP,Grayscale XRP Trust ETF,other
GXUS,Goldman Sachs MarketBeta Total International Equity ETF,other
GYLD,Arrow Dow Jones Global Yield ETF ETF,other
H,Hyatt Hotels Corporation Class A Common Stock,other
HACK,Amplify Cybersecurity ETF,other
HAE,Haemonetics Corporation Common Stock,other
HAFN,Hafnia Limited Common Shares,other
HAIL,State Street SPDR S&P Kensho Smart Mobility ETF,other
HAKY,Amplify HACK Cybersecurity Covered Call ETF,other
HAL,Halliburton Company Common Stock,other
HAP,VanEck Natural Resources ETF,other
HAPI,Harbor Human Capital Factor US Large Cap ETF,other
HAPS,Harbor Human Capital Factor US Small Cap ETF,other
HARD,Simplify Commodities Strategy No K-1 ETF,other
HASI,"HA Sustainable Infrastructure Capital, Inc. Common Stock",other
HAUS,Residential REIT ETF,other
HAUZ,Xtrackers International Real Estate ETF,other
HAWX,iShares Currency Hedged MSCI ACWI ex U.S. ETF,other
HAYW,"Hayward Holdings, Inc. Common Stock",other
HBB,Hamilton Beach Brands Holding Company Class A Common Stock ,other
HBM,Hudbay Minerals Inc. Ordinary Shares (Canada),other
HBRD,Invesco U.S. Hybrid Bond ETF,other
HBTA,Horizon Expedition Plus ETF,other
HBTC,Fortuna Hedged Bitcoin ETF,other
HCA,"HCA Healthcare, Inc. Common Stock",other
HCC,"Warrior Met Coal, Inc. Common Stock",other
HCI,"HCI Group, Inc. Common Stock",other
HCMT,Direxion HCM Tactical Enhanced US ETF,other
HCRB,Hartford Core Bond ETF,other
HCWC,Healthy Choice Wellness Corp. Class A Common Stock,other
HCXY,"Hercules Capital, Inc. 6.25% Notes due 2033",other
HD,"Home Depot, Inc. (The) Common Stock",other
HDB,HDFC Bank Limited Common Stock,other
HDEF,Xtrackers MSCI EAFE High Dividend Yield Equity ETF,other
HDG,ProShares Hedge Replication ETF,other
HDGE,Ranger Equity Bear Bear ETF,other
HDLB,"ETRACS Monthly Pay 2xLeveraged US High Dividend Low Volatility ETN Series B due September 30, 2044",other
HDMV,First Trust Horizon Managed Volatility Developed International ETF,other
HDUS,Hartford Disciplined US Equity ETF,other
HDV,iShares Core High Dividend ETF,other
HE,"Hawaiian Electric Industries, Inc. Common Stock",other
HECA,Hedgeye Capital Allocation ETF,other
HEDG,Equable Shares Hedged Equity ETF,other
HEDJ,WisdomTree Europe Hedged Equity Fund,other
HEEM,iShares Currency Hedged MSCI Emerging Markets ETF,other
HEFA,iShares Currency Hedged MSCI EAFE ETF,other
HEFT,Hedgeye Fourth Turning ETF,other
HEGD,Swan Hedged Equity US Large Cap ETF,other
HEI,Heico Corporation Common Stock,other
HEI.A,Heico Corporation Common Stock,other
HELO,JPMorgan Hedged Equity Laddered Overlay ETF,other
HELS,Hedgeye 130/30 Equity ETF,other
HELX,Franklin Genomic Advancements ETF,other
HEMI,Hartford Equity Premium Income ETF,other
HEQ,John Hancock Diversified Income Fund Common Shares of Beneficial Interest,other
HEQT,Simplify Hedged Equity ETF,other
HESM,Hess Midstream LP Class A Representing Limited Partner Interests,other
HEWJ,iShares Currency Hedged MSCI Japan ETF,other
HEZU,iShares Currency Hedged MSCI Eurozone ETF,other
HF,DGA Core Plus Absolute Return ETF,other
HFEQ,Unlimited HFEQ Equity Long/Short ETF,other
HFGM,Unlimited HFGM Global Macro ETF,other
HFGO,Hartford Large Cap Growth ETF,other
HFMF,Unlimited HFMF Managed Futures ETF,other
HFND,Unlimited HFND Multi-Strategy Return Tracker ETF,other
HFRO,Highland Opportunities and Income Fund Common Shares of Beneficial Interest,other
HFRO$A,Highland Opportunities and Income Fund 5.375% Series A Cumulative Preferred Shares,other
HFRO$B,Highland Opportunities and Income Fund 5.375% Series B Cumulative Preferred Shares,other
HFSI,Hartford Strategic Income ETF,other
HFXI,NYLI FTSE International Equity Currency Neutral ETF,other
HG,"Hamilton Insurance Group, Ltd. Class B Common Shares",other
HGER,Harbor Commodity All-Weather Strategy ETF,other
HGLB,Highland Global Allocation Fund Common Stock,other
HGRO,Hedgeye Quality Growth ETF,other
HGTY,"Hagerty, Inc. Class A Common Stock",other
HGV,Hilton Grand Vacations Inc. Common Stock ,other
HHH,Howard Hughes Holdings Inc. Common Stock,other
HIBL,Direxion Daily S&P 500 High Beta Bull 3X ETF,other
HIBS,Direxion Daily S&P 500 High Beta Bear 3X ETF,other
HIDV,AB US High Dividend ETF,other
HIG,"The Hartford Insurance Group, Inc. Common Stock",other
HIG$G,"The Hartford Insurance Group, Inc. Depositary Shares each representing a 1/1000th interest in a share of 6.000% Non-Cumulative Preferred Stock, Series G",other
HIGH,Simplify Enhanced Income ETF,other
HII,"Huntington Ingalls Industries, Inc. Common Stock",other
HIMS,"Hims & Hers Health, Inc. Class A Common Stock",other
HIMU,iShares High Yield Muni Active ETF,other
HIO,"Western Asset High Income Opportunity Fund, Inc. Common Stock",other
HIPO,Hippo Holdings Inc. Common Stock,other
HIPS,GraniteShares HIPS US High Income ETF,other
HIW,"Highwoods Properties, Inc. Common Stock",other
HIX,Western Asset High Income Fund II Inc. Common Stock,other
HIYY,YieldMax HIMS Option Income Strategy ETF,other
HKD,AMTD Digital Inc. American Depositary Shares (every five of which represent two Class A Ordinary Shares),other
HL,Hecla Mining Company Common Stock,other
HL$B,Hecla Mining Company Preferred Stock,other
HLF,Herbalife Ltd. Common Shares,other
HLI,"Houlihan Lokey, Inc. Class A Common Stock",other
HLIO,"Helios Technologies, Inc. Common Stock",other
HLLY,Holley Inc. Common Stock,other
HLLY.W,Holley Inc. Warrants,other
HLN,Haleon plc American Depositary Shares (Each representing two Ordinary Shares),other
HLT,Hilton Worldwide Holdings Inc. Common Stock ,other
HLX,"Helix Energy Solutions Group, Inc. Common Stock",other
HMC,"Honda Motor Company, Ltd. Common Stock",other
HMN,Horace Mann Educators Corporation Common Stock,other
HMOP,Hartford Municipal Opportunities ETF,other
HMY,Harmony Gold Mining Company Limited,other
HNGE,"Hinge Health, Inc. Class A Common Stock",other
HNI,HNI Corporation Common Stock,other
HODL,VanEck Bitcoin Trust ,other
HOG,"Harley-Davidson, Inc. Common Stock",other
HOII,REX HOOD Growth & Income ETF,other
HOLA,JPMorgan International Hedged Equity Laddered Overlay ETF,other
HOLD,Harbor Alpha Layering ETF,other
HOMB,"Home BancShares, Inc. Common Stock",other
HOMZ,Hoya Capital Housing ETF,other
HOOW,Roundhill HOOD WeeklyPay ETF,other
HOOY,YieldMax HOOD Option Income Strategy ETF,other
HOOZ,Defiance Daily Target 2X Short HOOD ETF,other
HOV,"Hovnanian Enterprises, Inc. Class A Common Stock",other
HP,"Helmerich & Payne, Inc. Common Stock",other
HPE,Hewlett Packard Enterprise Company Common Stock,other
HPE$C,Hewlett Packard Enterprise Company 7.625% Series C Mandatory Convertible Preferred Stock,other
HPF,John Hancock Pfd Income Fund II Pfd Income Fund II,other
HPI,John Hancock Preferred Income Fund Common Shares of Beneficial Interest,other
HPP,"Hudson Pacific Properties, Inc. Common Stock",other
HPP$C,"Hudson Pacific Properties, Inc. 4.750% Series C Cumulative Redeemable Preferred Stock",other
HPQ,HP Inc. Common Stock,other
HPS,John Hancock Preferred Income Fund III Preferred Income Fund III,other
HQH,abrdn Healthcare Investors Shares of Beneficial Interest,other
HQL,abrdn Life Sciences Investors Shares of Beneficial Interest,other
HR,Healthcare Realty Trust Incorporated Common Stock,other
HRB,"H&R Block, Inc. Common Stock",other
HRI,Herc Holdings Inc. Common Stock ,other
HRL,Hormel Foods Corporation Common Stock,other
HRTG,"Heritage Insurance Holdings, Inc. Common Stock",other
HSBC,"HSBC Holdings, plc. Common Stock",other
HSBH,HSBC Holdings plc ADRhedged,other
HSCZ,iShares Currency Hedged MSCI EAFE Small-Cap ETF,other
HSHP,Himalaya Shipping Ltd. Common Shares,other
HSLV,Highlander Silver Corp. Common Shares,other
HSMV,First Trust Horizon Managed Volatility Small/Mid ETF,other
HSY,The Hershey Company Common Stock,other
HTAB,Hartford Schroders Tax-Aware Bond ETF,other
HTAX,Nomura National High-Yield Municipal Bond ETF,other
HTB,"HomeTrust Bancshares, Inc. Common Stock",other
HTD,John Hancock Tax Advantaged Dividend Income Fund Common Shares of Beneficial Interest,other
HTEC,ROBO Global Healthcare Technology and Innovation ETF,other
HTFC,Horizon Technology Finance Corporation 6.25% Notes due 2027,other
HTGC,"Hercules Capital, Inc. Common Stock",other
HTH,Hilltop Holdings Inc.,other
HTRB,Hartford Total Return Bond ETF,other
HTT,"High Templar Tech Limited American depositary shares, each representing one Class A ordinary share",other
HTUS,Hull Tactical US ETF,other
HUBB,Hubbell Inc Common Stock,other
HUBS,"HubSpot, Inc. Common Stock",other
HUM,Humana Inc. Common Stock,other
HUMN,Roundhill Humanoid Robotics ETF,other
HUN,Huntsman Corporation Common Stock,other
HUSV,First Trust Horizon Managed Volatility Domestic ETF,other
HUYA,"HUYA Inc. American depositary shares, each  representing one Class A ordinary share",other
HVAC,AdvisorShares HVAC and Industrials ETF,other
HVT,"Haverty Furniture Companies, Inc. Common Stock",other
HVT.A,"Haverty Furniture Companies, Inc. Common Stock",other
HWM,Howmet Aerospace Inc. Common Stock,other
HXL,Hexcel Corporation Common Stock,other
HY,"Hyster-Yale, Inc. Class A common stock",other
HYAC,Haymaker Acquisition Corp. 4 Class A Ordinary Shares,other
HYAC.U,"Haymaker Acquisition Corp. 4 Units, each consisting one Class A Ordinary Share and one-half of one redeemable Warrant",other
HYAC.W,"Haymaker Acquisition Corp. 4 Warrants, each whole warrant exercisable for one Class A ordinary share at an exercise price of $11.50 per share",other
HYBB,iShares BB Rated Corporate Bond ETF,other
HYBL,State Street Blackstone High Income ETF,other
HYBX,TCW High Yield Bond ETF,other
HYD,VanEck High Yield Muni ETF,other
HYDB,iShares High Yield Systematic Bond ETF,other
HYDW,Xtrackers Low Beta High Yield Bond ETF,other
HYEM,VanEck Emerging Markets High Yield Bond ETF,other
HYFI,AB High Yield ETF,other
HYG,iShares iBoxx $ High Yield Corporate Bond ETF,other
HYGH,iShares Interest Rate Hedged High Yield Bond ETF,other
HYGV,FlexShares High Yield Value-Scored Bond Index Fund,other
HYGW,iShares High Yield Corporate Bond BuyWrite Strategy ETF,other
HYHG,ProShares High Yield Interest Rate Hedged,other
HYI,Western Asset High Yield Opportunity Fund Inc. Common Stock,other
HYIN,WisdomTree Private Credit and Alternative Income Fund,other
HYKE,Vest 2 Year Interest Rate Hedge ETF,other
HYLB,Xtrackers USD High Yield Corporate Bond ETF,other
HYLN,Hyliion Holdings Corp. Class A Common Stock,other
HYMB,State Street SPDR Nuveen ICE High Yield Municipal Bond ETF,other
HYRM,Xtrackers Risk Managed USD High Yield Strategy ETF,other
HYS,PIMCO 0-5 Year High Yield Corporat Bond Index Exchange-Traded Fund,other
HYSA,BondBloxx USD High Yield Bond Sector Rotation ETF,other
HYSD,Columbia Short Duration High Yield ETF,other
HYT,"Blackrock Corporate High Yield Fund, Inc. Common Stock",other
HYTI,FT Vest High Yield & Target Income ETF,other
HYTR,Counterpoint High Yield Trend ETF,other
HYUP,Xtrackers High Beta High Yield Bond ETF,other
HZO,"MarineMax, Inc.  (FL) Common Stock",other
IAE,Voya Asia Pacific High Dividend Equity Income Fund ING Asia Pacific High Dividend Equity Income Fund Common Shares of Beneficial Interest,other
IAF,"abrdn Australia Equity Fund, Inc. Common Stock",other
IAG,Iamgold Corporation Ordinary Shares,other
IAGG,iShares International Aggregate Bond Fund,other
IAI,iShares U.S. Broker-Dealers & Securities Exchanges ETF,other
IAK,iShares U.S. Insurance ETF,other
IAPR,Innovator International Developed Power Buffer ETF  April,other
IAT,iShares U.S. Regional Banks ETF,other
IAU,iShares Gold Trust Shares,other
IAUG,Innovator International Developed Power Buffer ETF  August,other
IAUI,NEOS Gold High Income ETF,other
IAUM,iShares Gold Trust Micro Shares,other
IAUX,i-80 Gold Corp. Common Shares,other
IAUX.W,"i-80 Gold Corp. Warrants, each warrant exercisable for one Common Share at an exercise price of $0.70",other
IBCA,iShares iBonds Dec 2035 Term Corporate ETF,other
IBD,Inspire Corporate Bond ETF,other
IBDR,iShares iBonds Dec 2026 Term Corporate ETF,other
IBDS,iShares iBonds Dec 2027 Term Corporate ETF,other
IBDT,iShares iBonds Dec 2028 Term Corporate ETF,other
IBDU,iShares iBonds Dec 2029 Term Corporate ETF,other
IBDV,iShares iBonds Dec 2030 Term Corporate ETF,other
IBDW,iShares iBonds Dec 2031 Term Corporate ETF,other
IBDX,iShares iBonds Dec 2032 Term Corporate ETF,other
IBDY,iShares iBonds Dec 2033 Term Corporate ETF,other
IBDZ,iShares iBonds Dec 2034 Term Corporate ETF,other
IBFR,Innovator International Developed Managed 10 Buffer ETF,other
IBHF,iShares iBonds 2026 Term High Yield and Income ETF,other
IBHG,iShares iBonds 2027 Term High Yield and Income ETF,other
IBHH,iShares iBonds 2028 Term High Yield and Income ETF,other
IBHI,iShares iBonds 2029 Term High Yield and Income ETF,other
IBHJ,iShares iBonds 2030 Term High Yield and Income ETF,other
IBHK,iShares iBonds 2031 Term High Yield and Income ETF,other
IBHL,iShares iBonds 2032 Term High Yield and Income ETF,other
IBIC,iShares iBonds Oct 2026 Term TIPS ETF,other
IBID,iShares iBonds Oct 2027 Term TIPS ETF,other
IBIE,iShares iBonds Oct 2028 Term TIPS ETF,other
IBIF,iShares iBonds Oct 2029 Term TIPS ETF,other
IBIG,iShares iBonds Oct 2030 Term TIPS ETF,other
IBIH,iShares iBonds Oct 2031 Term TIPS ETF,other
IBII,iShares iBonds Oct 2032 Term TIPS ETF,other
IBIJ,iShares iBonds Oct 2033 Term TIPS ETF,other
IBIK,iShares iBonds Oct 2034 Term TIPS ETF,other
IBIL,iShares iBonds Oct 2035 Term TIPS ETF,other
IBLC,iShares Blockchain and Tech ETF,other
IBM,International Business Machines Corporation Common Stock,other
IBMO,iShares iBonds Dec 2026 Term Muni Bond ETF,other
IBMP,iShares iBonds Dec 2027 Term Muni Bond ETF,other
IBMQ,iShares iBonds Dec 2028 Term Muni Bond ETF,other
IBMR,iShares iBonds Dec 2029 Term Muni Bond ETF,other
IBMS,iShares iBonds Dec 2030 Term Muni Bond ETF,other
IBMT,iShares iBonds Dec 2031 Term Muni Bond ETF,other
IBN,ICICI Bank Limited Common Stock,other
IBND,SPDR Bloomberg International Corporate Bond ETF,other
IBO,"Impact BioMedical, Inc. Common Stock",other
IBP,"Installed Building Products, Inc. Common Stock",other
IBRN,iShares Neuroscience and Healthcare ETF,other
IBTA,"Ibotta, Inc. Class A Common Stock",other
IBUF,Innovator International Developed 10 Buffer ETF - Quarterly,other
IBUY,Amplify Online Retail ETF,other
ICAP,Infrastructure Capital Equity Income ETF,other
ICE,Intercontinental Exchange Inc. Common Stock,other
ICF,iShares Select U.S. REIT ETF,other
ICL,ICL Group Ltd. Ordinary Shares,other
ICLO,Invesco AAA CLO Floating Rate Note ETF,other
ICOI,Bitwise COIN Option Income Strategy ETF,other
ICOW,Pacer Developed Markets International Cash Cows 100 ETF,other
ICPI,iShares 0-1 Year TIPS Bond ETF,other
ICPY,"Tweedy, Browne International Insider + Value ETF",other
ICR$A,"InPoint Commercial Real Estate Income, Inc. 6.75% Series A Cumulative Redeemable Preferred Stock",other
ICRC,Bitwise CRCL Option Income Strategy ETF,other
ICSH,iShares Ultra Short Duration Bond Active ETF,other
ICVT,iShares Convertible Bond ETF,other
IDA,"IDACORP, Inc. Common Stock",other
IDE,"Voya Infrastructure, Industrials and Materials Fund Common Shares of Beneficial Interest",other
IDEC,Innovator International Developed Power Buffer ETF  December,other
IDEQ,Lazard International Dynamic Equity ETF,other
IDEV,iShares Core MSCI International Developed Markets ETF,other
IDGT,iShares U.S. Digital Infrastructure and Real Estate ETF,other
IDHQ,Invesco S&P International Developed Quality ETF,other
IDLV,Invesco S&P International Developed Low Volatility ETF,other
IDMO,Invesco S&P International Developed Momentum ETF,other
IDNA,iShares Genomics Immunology and Healthcare ETF,other
IDOG,ALPS International Sector Dividend Dogs ETF,other
IDR,"Idaho Strategic Resources, Inc. Common Stock",other
IDRV,iShares Self-Driving EV and Tech ETF,other
IDT,IDT Corporation Class B Common Stock,other
IDU,iShares U.S. Utilities ETF,other
IDUB,Aptus International Enhanced Yield ETF,other
IDV,iShares International Select Dividend ETF,other
IDVO,Amplify CWP International Enhanced Dividend Income ETF,other
IDVZ,Polen International Dividend Income Fund,other
IDX,VanEck Indonesia Index ETF,other
IDYN,iShares International Equity Factor Rotation Active ETF,other
IE,Ivanhoe Electric Inc. Common Stock,other
IEDI,iShares U.S. Consumer Focused ETF,other
IEFA,iShares Core MSCI EAFE ETF,other
IEMG,iShares Core MSCI Emerging Markets ETF,other
IEO,iShares U.S. Oil & Gas Exploration & Production ETF,other
IETC,iShares U.S. Tech Independence Focused ETF,other
IETH,Bitwise Ethereum Option Income Strategy ETF,other
IEUR,iShares Core MSCI Europe ETF,other
IEV,iShares Europe ETF,other
IEX,IDEX Corporation Common Stock,other
IEZ,iShares U.S. Oil Equipment & Services ETF,other
IFEB,Innovator International Developed Power Buffer ETF  February,other
IFED,ETRACS IFED Invest with the Fed TR Index ETN,other
IFF,"International Flavors & Fragrances, Inc. Common Stock",other
IFLN,Invesco Bloomberg Enhanced Fallen Angels ETF,other
IFLR,Innovator International Developed Managed Floor ETF,other
IFN,"Aberdeen India Fund, Inc. Common Stock",other
IFRA,iShares U.S. Infrastructure ETF,other
IFS,Intercorp Financial Services Inc. Common Shares,other
IG,Principal Investment Grade Corporate Active ETF,other
IGA,Voya Global Advantage and Premium Opportunity Fund Common Shares of Beneficial Interest,other
IGBH,iShares Interest Rate Hedged Long-Term Corporate Bond ETF,other
IGC,"IGC Pharma, Inc. Common Stock",other
IGCB,TCW Corporate Bond ETF,other
IGD,Voya Global Equity Dividend and Premium Opportunity Fund,other
IGE,iShares North American Natural Resources ETF,other
IGEB,iShares Investment Grade Systematic Bond ETF,other
IGGY,AB International Growth ETF,other
IGHG,ProShares Investment Grade-Interest Rate Hedged,other
IGI,Western Asset Investment Grade Opportunity Trust Inc. Common Stock,other
IGLB,iShares 10  Year Investment Grade Corporate Bond ETF,other
IGLD,FT Vest Gold Strategy Target Income ETF,other
IGM,iShares Expanded Tech Sector ETF,other
IGME,Bitwise GME Option Income Strategy ETF,other
IGPT,Invesco AI and Next Gen Software ETF,other
IGR,CBRE Global Real Estate Income Fund Common Shares of Beneficial Interest,other
IGRO,iShares International Dividend Growth ETF,other
IGTR,Innovator Gradient Tactical Rotation Strategy ETF,other
IGV,iShares Expanded Tech-Software Sector ETF,other
IGZ,IGZ (Listing Market NYSE Arca Network B F) Common Stock,other
IH,"iHuman Inc. American depositary shares, each representing five Class A ordinary shares",other
IHAK,iShares Cybersecurity and Tech ETF,other
IHD,Voya Emerging Markets High Income Dividend Equity Fund Common Shares,other
IHDG,WisdomTree International Hedged Quality Dividend Growth Fund,other
IHE,iShares U.S. Pharmaceutical ETF,other
IHF,iShares U.S. Health Care Providers ETF,other
IHG,Intercontinental Hotels Group American Depositary Shares (Each representing one Ordinary Share),other
IHI,iShares U.S. Medical Devices ETF,other
IHS,IHS Holding Limited Ordinary Shares,other
IHT,InnSuites Hospitality Trust Shares of Beneficial Interest,other
IHY,VanEck International High Yield Bond ETF,other
IIF,"Morgan Stanley India Investment Fund, Inc. Common Stock",other
IIGD,Invesco Investment Grade Defensive ETF,other
IIIN,"Insteel Industries, Inc. Common Stock",other
IIM,Invesco Value Municipal Income Trust Common Stock,other
IIPR,"Innovative Industrial Properties, Inc. Common Stock",other
IIPR$A,"Innovative Industrial Properties, Inc. 9.00% Series A Cumulative Redeemable Preferred Stock",other
IJAN,Innovator International Developed Power Buffer ETF January,other
IJH,iShares Core S&P Mid-Cap ETF,other
IJJ,iShares S&P Mid-Cap 400 Value ETF,other
IJK,iShares S&P Mid-Cap 400 Growth ETF,other
IJR,iShares Core S&P Small-Cap ETF,other
IJS,iShares S&P SmallCap 600 Value ETF,other
IJUL,Innovator International Developed Power Buffer ETF  July,other
IJUN,Innovator International Developed Power Buffer ETF June,other
ILCB,iShares Morningstar Large-Cap ETF,other
ILCG,iShares Morningstar Large-Cap Growth ETF,other
ILCV,iShares Morningstar Large-Cap  Value ETF,other
ILDR,First Trust Innovation Leaders ETF,other
ILF,iShares Latin America 40 ETF,other
ILOW,AB International Low Volatility Equity ETF,other
ILS,Brookmont Catastrophic Bond ETF,other
ILTB,iShares Core 10  Year USD Bond ETF,other
IMAR,Innovator International Developed Power Buffer ETF  March,other
IMAX,Imax Corporation Common Stock,other
IMAY,Innovator International Developed Power Buffer ETF - May,other
IMCB,iShares Morningstar Mid-Cap ETF,other
IMCG,iShares Morningstar Mid-Cap Growth ETF,other
IMF,Invesco Managed Futures Strategy ETF,other
IMFL,Invesco International Developed Dynamic Multifactor ETF,other
IMO,Imperial Oil Limited Common Stock,other
IMRA,Bitwise MARA Option Income Strategy ETF,other
IMST,Bitwise MSTR Option Income Strategy ETF,other
IMTB,iShares Core 5-10 Year USD Bond ETF,other
IMTG,Invesco Agency MBS ETF,other
IMTM,iShares MSCI Intl Momentum Factor ETF,other
IMVP,Invesco India ETF,other
INCE,Franklin Income Equity Focus ETF,other
INCM,Franklin Income Focus ETF,other
INCO,Columbia India Consumer ETF,other
INDA,iShares MSCI India ETF,other
INDE,Matthews India Active ETF,other
INDL,Direxion Daily MSCI India Bull 2X ETF,other
INDO,Indonesia Energy Corporation Limited Ordinary Shares,other
INDS,Pacer Industrial Real Estate ETF,other
INDZ,VanEck India Select ETF,other
INEQ,Columbia International Equity Income ETF,other
INFL,Horizon Kinetics Inflation Beneficiaries ETF,other
INFO,Harbor PanAgora Dynamic Large Cap Core ETF,other
INFQ,"Infleqtion, Inc. Common Stock",other
INFQ.W,"Infleqtion, Inc. Warrants, each whole warrant exercisable for one share of Common Stock at an exercise price of $11.50 per share",other
INFU,"InfuSystems Holdings, Inc. Common Stock",other
INFY,Infosys Limited American Depositary Shares,other
ING,"ING Group, N.V. Common Stock",other
INGM,Ingram Micro Holding Corporation Common Stock,other
INGR,Ingredion Incorporated Common Stock,other
INKM,State Street Income Allocation ETF,other
INLX,"Intellinetics, Inc. Common Stock",other
INMU,iShares Intermediate Muni Income Active ETF,other
INN,"Summit Hotel Properties, Inc. Common Stock",other
INN$E,"Summit Hotel Properties, Inc. 6.250% Series E Cumulative Redeemable Preferred Stock",other
INN$F,"Summit Hotel Properties, Inc. 5.875% Series F Cumulative Redeemable Preferred Stock, $0.01 par value per share",other
INOV,Innovator International Developed Power Buffer ETF  November,other
INQQ,INQQ The India Internet ETF,other
INR,"Infinity Natural Resources, Inc. Class A Common Stock",other
INSP,"Inspire Medical Systems, Inc. Common Stock",other
INSW,"International Seaways, Inc. Common Stock ",other
INTF,iShares International Equity Factor ETF,other
INTL,Main International ETF,other
INTM,Invesco Intermediate Municipal ETF,other
INTT,inTest Corporation Common Stock,other
INUV,"Inuvo, Inc.",other
INVG,GMO Systematic Investment Grade Credit ETF,other
INVH,Invitation Homes Inc. Common Stock,other
INVN,Alger Russell Innovation ETF,other
INVX,"Innovex International, Inc. Common Stock",other
IOCT,Innovator International Developed Power Buffer ETF - October,other
ION,ProShares S&P Global Core Battery Metals ETF,other
IONQ,"IonQ, Inc. Common Stock",other
IONQ.W,"IonQ, Inc. Redeemable warrants, each whole warrant exercisable for one share of Common Stock, each at an exercise price of $11.50 per share",other
IOO,iShares Global 100 ETF,other
IOPP,Simplify Tara India Opportunities ETF,other
IOR,"Income Opportunity Realty Investors, Inc. Common Stock",other
IOT,Samsara Inc. Class A Common Stock,other
IP,International Paper Company Common Stock,other
IPAC,iShares Core MSCI Pacific ETF,other
IPAV,Global X Infrastructure Development ex-U.S. ETF,other
IPAY,Amplify Digital Payments ETF,other
IPB,"Merrill Lynch & Co., Inc. 6.0518% Index Plus Trust Certificates Series 2003-1",other
IPI,"Intrepid Potash, Inc Common Stock",other
IPO,Renaissance IPO ETF,other
IPOS,Renaissance Capital Greenwich Fund,other
IQDF,FlexShares International Quality Dividend Index Fund,other
IQDG,WisdomTree International Quality Dividend Growth Fund,other
IQDY,FlexShares International Quality Dividend Dynamic Index Fund,other
IQHI,NYLI MacKay High Income ETF,other
IQI,Invesco Quality Municipal Income Trust Common Stock,other
IQLT,iShares MSCI Intl Quality Factor ETF,other
IQM,Franklin Intelligent Machines ETF,other
IQMM,ProShares GENIUS Money Market ETF,other
IQRA,NYLI CBRE Real Assets ETF,other
IQSI,NYLI Candriam International Equity ETF,other
IQSM,NYLI Candriam U.S. Mid Cap Equity ETF,other
IQSU,NYLI Candriam U.S. Large Cap Equity ETF,other
IQSZ,Invesco Global Equity Net Zero ETF,other
IQV,"IQVIA Holdings, Inc. Common Stock",other
IR,Ingersoll Rand Inc. Common Stock,other
IRAB,Iris Acquisition Corp II Class A Ordinary Shares,other
IRAB.U,"Iris Acquisition Corp II Units, each consisting of one Class A Ordinary Share and one-half of one redeemable Warrant",other
IRAB.W,"Iris Acquisition Corp II Redeemable Warrants, each whole warrant exercisable for one Class A Ordinary Share at an exercise price of $11.50 per share",other
IRE,Defiance Daily Target 2X Long IREN ETF,other
IRET,iREIT - MarketVector Quality REIT Index ETF,other
IREX,Tradr 2X Long IREN Daily ETF,other
IREZ,Tradr 2X Short IREN Daily ETF,other
IRM,Iron Mountain Incorporated (Delaware)Common Stock REIT,other
IROC,Invesco Rochester High Yield Municipal ETF,other
IRS,IRSA Inversiones Y Representaciones S.A. Global Depositary Shares (Each representing ten shares of Common Stock),other
IRS.W,IRSA Inversiones Y Representaciones S.A. Warrants to purchase Common Shares,other
IRT,"Independence Realty Trust, Inc. Common Stock",other
IRTR,iShares LifePath Retirement ETF,other
IRVH,Global X Interest Rate Volatility & Inflation Hedge ETF,other
ISBG,IncomeSTKd 1x Bitcoin & 1x Gold Premium ETF,other
ISCB,iShares Morningstar Small-Cap ETF,other
ISCF,iShares International Small-Cap Equity Factor ETF,other
ISCG,iShares Morningstar Small-Cap Growth ETF,other
ISCV,iShares Morningstar Small-Cap Value ETF,other
ISD,"PGIM High Yield Bond Fund, Inc.",other
ISEP,Innovator International Developed Power Buffer ETF  September,other
ISMD,Inspire Small/Mid Cap ETF,other
ISMF,iShares Managed Futures Active ETF,other
ISOU,IsoEnergy Ltd. Common Shares,other
ISPY,ProShares S&P 500 High Income ETF,other
ISRA,VanEck Israel ETF,other
ISSB,IncomeSTKd 1x US Stocks & 1x Bitcoin Premium ETF,other
ISVL,iShares International Developed Small Cap Value Factor ETF,other
ISWN,Amplify BlackSwan ISWN ETF,other
IT,"Gartner, Inc. Common Stock",other
ITA,iShares U.S. Aerospace & Defense ETF,other
ITAN,Sparkline Intangible Value ETF,other
ITB,iShares U.S. Home Construction ETF,other
ITDB,iShares LifePath Target Date 2030 ETF,other
ITDC,iShares LifePath Target Date 2035 ETF,other
ITDD,iShares LifePath Target Date 2040 ETF,other
ITDE,iShares LifePath Target Date 2045 ETF,other
ITDF,iShares LifePath Target Date 2050 ETF,other
ITDG,iShares LifePath Target Date 2055 ETF,other
ITDH,iShares LifePath Target Date 2060 ETF,other
ITDI,iShares LifePath Target Date 2065 ETF,other
ITDJ,iShares LifePath Target Date 2070 ETF,other
ITEQ,Amplify BlueStar Israel Technology ETF,other
ITGR,Integer Holdings Corporation Common Stock,other
ITM,VanEck Intermediate Muni ETF,other
ITOL,Tema International Durable Quality ETF,other
ITOT,iShares Core S&P Total U.S. Stock Market ETF,other
ITP,"IT Tech Packaging, Inc. Common Stock",other
ITRG,Integra Resources Corp. Common Shares,other
ITT,ITT Inc. Common Stock ,other
ITUB,Itau Unibanco Banco Holding SA American Depositary Shares (Each repstg 500 Preferred shares),other
ITW,Illinois Tool Works Inc. Common Stock,other
ITWO,ProShares Russell 2000 High Income ETF,other
IVE,iShares S&P 500 Value ETF,other
IVES,Dan IVES Wedbush AI Revolution ETF,other
IVLU,iShares MSCI Intl Value Factor ETF,other
IVOG,Vanguard S&P Mid-Cap 400 Growth ETF,other
IVOL,Quadratic Interest Rate Volatility and Inflation Hedge ETF,other
IVOO,Vanguard S&P Mid-Cap 400 ETF,other
IVOV,Vanguard S&P Mid-Cap 400 Value ETF,other
IVR,INVESCO MORTGAGE CAPITAL INC Common Stock,other
IVR$C,"INVESCO MORTGAGE CAPITAL INC 7.5% Fixed-to-Floating Series C Cumulative Redeemable Preferred Stock, Liquation Preference $25.00 per Share",other
IVRS,iShares Future Metaverse Tech and Communications ETF,other
IVT,InvenTrust Properties Corp. Common Stock,other
IVV,iShares Core S&P 500 ETF,other
IVVB,iShares Large Cap Deep Quarterly Laddered ETF,other
IVVM,iShares Large Cap Moderate Quarterly Laddered ETF,other
IVVW,iShares S&P 500 BuyWrite ETF,other
IVW,iShares S&P 500 Growth ETF,other
IVZ,Invesco Ltd Common Stock,other
IWB,iShares Russell 1000 ETF,other
IWC,iShares Microcap ETF,other
IWD,iShares Russell 1000 Value ETF,other
IWDL,ETRACS 2x Leveraged US Value Factor TR ETN,other
IWF,iShares Russell 1000 Growth Fund,other
IWFG,NYLI Winslow Focused Large Cap Growth ETF,other
IWFL,ETRACS 2x Leveraged US Growth Factor TR ETN,other
IWL,iShares Russell Top 200 ETF,other
IWLG,NYLI Winslow Large Cap Growth ETF,other
IWM,iShares Russell 2000 ETF,other
IWMI,NEOS Russell 2000 High Income ETF,other
IWML,ETRACS 2x Leveraged US Size Factor TR ETN,other
IWMW,iShares Russell 2000 BuyWrite ETF,other
IWMY,Defiance R2000 Weekly Distribution ETF,other
IWN,iShares Russell 2000 Value ETF,other
IWO,iShares Russell 2000 Growth Fund,other
IWP,iShares Russell Midcap Growth ETF,other
IWR,iShares Russell Mid-Cap ETF,other
IWS,iShares Russell Mid-Cap Value ETF,other
IWV,iShares Russell 3000 Fund,other
IWX,iShares Russell Top 200 Value ETF,other
IWY,iShares Russell Top 200 Growth ETF,other
IX,ORIX Corporation American Depositary Shares,other
IXC,iShares Global Energy ETF,other
IXG,iShares Global Financial ETF,other
IXJ,iShares Global Healthcare ETF,other
IXN,iShares Global Tech ETF,other
IXP,iShares Global Comm Services ETF,other
IYC,iShares U.S. Consumer Discretionary ETF,other
IYE,iShares U.S. Energy ETF,other
IYF,iShares U.S. Financial ETF,other
IYG,iShares U.S. Financial Services ETF,other
IYH,iShares U.S. Healthcare ETF,other
IYJ,iShares U.S. Industrials ETF,other
IYK,iShares U.S. Consumer Staples ETF,other
IYLD,iShares Morningstar Multi-Asset Income ETF,other
IYM,iShares U.S. Basic Materials ETF,other
IYR,iShares U.S. Real Estate ETF,other
IYRI,NEOS Real Estate High Income ETF,other
IYT,iShares U.S. Transportation ETF,other
IYW,iShares U.S. Technology ETF,other
IYY,iShares Dow Jones U.S. ETF,other
IYZ,iShares U.S. Telecommunications ETF,other
IZRL,ARK Israel Innovative Technology ETF,other
J,Jacobs Solutions Inc. Common Stock,other
JA,Janus Henderson AA-A CLO ETF,other
JAAA,Janus Henderson AAA CLO ETF,other
JABS,Janus Henderson Asset-Backed Securities ETF,other
JACS,Jackson Acquisition Company II Class A Ordinary Shares,other
JACS.R,"Jackson Acquisition Company II Rights, each right to acquire one-tenth (1/10) of one Class A ordinary share",other
JACS.U,"Jackson Acquisition Company II Units, each consisting of one Class A ordinary share and one right to acquire one-tenth (1/10) of one Class A ordinary share",other
JADE,JPMorgan Active Developing Markets Equity ETF,other
JAGU,Jaguar Uranium Corp. Class A Common Shares,other
JAJL,Innovator Equity Defined Protection ETF - 6mo Jan/Jul,other
JAN,"Janus Living, Inc. Class A-1 Common Stock",other
JANB,Aptus January Buffer ETF,other
JANH,Innovator Premium Income 20 Barrier ETF - January,other
JANI,AllianzIM International Equity Buffer15 Uncapped Jan ETF,other
JANJ,Innovator Premium Income 30 Barrier ETF - January,other
JANM,FT Vest U.S. Equity Max Buffer ETF - January,other
JANP,PGIM S&P 500 Buffer 12 ETF - January,other
JANT,AllianzIM U.S. Large Cap Buffer10 Jan ETF,other
JANU,AllianzIM U.S. Equity Buffer15 Uncapped Jan ETF,other
JANW,AllianzIM U.S. Large Cap Buffer20 Jan ETF,other
JANZ,TrueShares Structured Outcome (January) ETF,other
JAVA,JPMorgan Active Value ETF,other
JBBB,Janus Henderson B-BBB CLO ETF,other
JBGS,JBG SMITH Properties Common Shares ,other
JBI,"Janus International Group, Inc. Common Stock",other
JBK,Lehman ABS 3.50 3.50% Adjustable Corp Backed Tr Certs GS Cap I,other
JBL,Jabil Inc. Common Stock,other
JBND,JPMorgan Active Bond ETF,other
JBS,JBS N.V. Class A Common Shares,other
JBTM,JBT Marel Corporation Common Stock,other
JCE,Nuveen Core Equity Alpha Fund Common Shares of Beneficial Interest,other
JCHI,JPMorgan Active China ETF,other
JCI,Johnson Controls International plc Ordinary Share,other
JCPB,JPMorgan Core Plus Bond ETF,other
JCPI,JPMorgan Inflation Managed Bond ETF,other
JDIV,JPMorgan Dividend Leaders ETF,other
JDST,Direxion Daily Junior Gold Miners Index Bear 2X ETF,other
JDVI,John Hancock Disciplined Value International Select ETF,other
JDVL,John Hancock Disciplined Value Select ETF,other
JEDI,Defiance Drone and Modern Warfare ETF,other
JEF,Jefferies Financial Group Inc. Common Stock,other
JELD,"JELD-WEN Holding, Inc. Common Stock",other
JEMA,JPMorgan ActiveBuilders Emerging Markets Equity ETF,other
JEMB,Janus Henderson Emerging Markets Debt Hard Currency ETF,other
JENA,Jena Acquisition Corporation II Class A Ordinary Shares,other
JENA.R,"Jena Acquisition Corporation II Rights, each right to acquire one-twentieth (1/20) of one Class A ordinary share",other
JENA.U,"Jena Acquisition Corporation II Units, each consisting of one Class A ordinary share and one right",other
JEPI,JPMorgan Equity Premium Income ETF,other
JETD,MAX Airlines -3X Inverse Leveraged ETNs,other
JETS,U.S. Global Jets ETF,other
JETU,MAX Airlines 3X Leveraged ETNs,other
JFLI,JPMorgan Flexible Income ETF,other
JFLX,JPMorgan Flexible Debt ETF,other
JFR,Nuveen Floating Rate Income Fund Common Stock,other
JGH,Nuveen Global High Income Fund Common Shares of Beneficial Interest,other
JGRO,JPMorgan Active Growth ETF,other
JGRW,Jensen Quality Growth ETF,other
JHAC,John Hancock Fundamental All Cap Core ETF,other
JHCB,John Hancock Corporate Bond ETF,other
JHCP,John Hancock Core Plus Bond ETF,other
JHCR,John Hancock Core Bond ETF,other
JHDV,John Hancock U.S. High Dividend ETF,other
JHEM,John Hancock Multifactor Emerging Markets ETF,other
JHG,Janus Henderson Group plc Ordinary Shares,other
JHHY,John Hancock High Yield ETF,other
JHI,John Hancock Investors Trust Common Stock,other
JHID,John Hancock International High Dividend ETF,other
JHLN,John Hancock Global Senior Loan ETF,other
JHMB,John Hancock Mortgage-Backed Securities ETF,other
JHMD,John Hancock Multifactor Developed International ETF,other
JHML,John Hancock Multifactor Large Cap ETF,other
JHMM,John Hancock Multifactor Mid Cap ETF,other
JHMU,John Hancock Dynamic Municipal Bond ETF,other
JHPI,John Hancock Preferred Income ETF,other
JHS,John Hancock Income Securities Trust Common Stock,other
JHSC,John Hancock Multifactor Small Cap ETF,other
JHX,James Hardie Industries plc. Ordinary Shares,other
JIDE,JPMorgan International Dynamic ETF,other
JIG,JPMorgan International Growth ETF,other
JIII,Janus Henderson Income ETF,other
JILL,"J. Jill, Inc. Common Stock",other
JIRE,JPMorgan International Research Enhanced Equity ETF,other
JKS,JinkoSolar Holding Company Limited American Depositary Shares (each representing 4 Common Shares),other
JLL,Jones Lang LaSalle Incorporated Common Stock,other
JLQD,Janus Henderson Corporate Bond ETF,other
JLS,Nuveen Mortgage and Income Fund,other
JMBS,Janus Henderson Mortgage-Backed Securities ETF,other
JMEE,JPMorgan Small & Mid Cap Enhanced Equity ETF,other
JMG,JM Group Limited Ordinary Shares,other
JMHI,JPMorgan High Yield Municipal ETF,other
JMIA,"Jumia Technologies AG American Depositary Shares, each representing two Ordinary Shares",other
JMM,Nuveen Multi-Market Income Fund (MA),other
JMMF,JPMorgan 100% U.S. Treasury Securities Money Market ETF,other
JMOM,JPMorgan U.S. Momentum Factor ETF,other
JMSI,JPMorgan Sustainable Municipal Income ETF,other
JMST,JPMorgan Ultra-Short Municipal Income ETF,other
JMTG,JPMorgan Mortgage-Backed Securities ETF,other
JMUB,JPMorgan Municipal ETF,other
JNEU,AllianzIM U.S. Equity Buffer15 Uncapped June ETF,other
JNJ,Johnson & Johnson Common Stock,other
JNK,State Street SPDR Bloomberg High Yield Bond ETF,other
JNUG,Direxion Daily Junior Gold Miners Index Bull 2X ETF,other
JOB,GEE Group Inc. Common Stock,other
JOBX,Tradr 2X Long JOBY Daily ETF,other
JOBY,"Joby Aviation, Inc. Common Stock",other
JOBY.W,"Joby Aviation, Inc. Warrants",other
JOE,St. Joe Company (The) Common Stock,other
JOET,Virtus Terranova U.S. Quality Momentum ETF,other
JOF,Japan Smaller Capitalization Fund Inc Common Stock,other
JOJO,ATAC Credit Rotation ETF,other
JOYT,JPMorgan Equity and Options Total Return ETF,other
JPAN,Matthews Japan Active ETF,other
JPC,Nuveen Preferred & Income Opportunities Fund,other
JPEM,JPMorgan Diversified Return Emerging Markets Equity ETF,other
JPHY,JPMorgan Active High Yield ETF,other
JPIB,JPMorgan International Bond Opportunities ETF,other
JPIE,JPMorgan Income ETF,other
JPIN,JPMorgan Diversified Return International Equity ETF,other
JPLD,JPMorgan Limited Duration Bond ETF,other
JPM,JP Morgan Chase & Co. Common Stock,other
JPM$C,"J P Morgan Chase & Co Depositary Shares, each representing a 1/400th interest in a share of 6.00% Non-Cumulative  Preferred Stock, Series EE",other
JPM$D,"J P Morgan Chase & Co Depositary Shares, each representing a 1/400th  interest in a share of 5.75% Non-Cumulative  Preferred Stock, Series DD",other
JPM$J,"J P Morgan Chase & Co Depositary Shares, each representing a 1/400th interest in a share of JPMorgan Chase & Co. 4.75% Non-Cumulative Preferred Stock, Series GG",other
JPM$K,"J P Morgan Chase & Co Depositary Shares, each representing a 1/400th interest in a share of 4.55% Non-Cumulative Preferred Stock, Series JJ",other
JPM$L,"J P Morgan Chase & Co Depositary Shares, each representing a 1/400th interest in a share of 4.625% Non-Cumulative Preferred Stock, Series LL",other
JPM$M,"J P Morgan Chase & Co Depositary Shares, each representing a 1/400th interest in a share of 4.20% Non-Cumulative Preferred Stock, Series MM",other
JPMB,JPMorgan USD Emerging Markets Sovereign Bond ETF,other
JPME,JPMorgan Diversified Return U.S. Mid Cap Equity ETF,other
JPO,YieldMax JP Option Income Strategy ETF,other
JPRE,JPMorgan Realty Income ETF,other
JPSE,JPMorgan Diversified Return U.S. Small Cap Equity ETF,other
JPST,JPMorgan Ultra-Short Income ETF,other
JPSV,JPMorgan Active Small Cap Value ETF,other
JPUS,JPMorgan Diversified Return U.S. Equity ETF,other
JPXN,iShares JPX-Nikkei 400 ETF,other
JQC,Nuveen Credit Strategies Income Fund Shares of Beneficial Interest,other
JQUA,JPMorgan U.S. Quality Factor ETF,other
JRE,Janus Henderson U.S. Real Estate ETF,other
JRI,Nuveen Real Asset Income and Growth Fund Common Shares of Beneficial Interest,other
JRS,Nuveen Real Estate Income Fund Common Shares of Beneficial Interest,other
JSCP,JPMorgan Short Duration Core Plus ETF,other
JSI,Janus Henderson Securitized Income ETF,other
JSTC,Adasina Social Justice All Cap Global ETF,other
JUCY,Aptus Enhanced Yield ETF,other
JULB,Aptus July Buffer ETF,other
JULH,Innovator Premium Income 20 Barrier ETF - July,other
JULJ,Innovator Premium Income 30 Barrier ETF - July,other
JULM,FT Vest U.S. Equity Max Buffer ETF - July,other
JULP,PGIM S&P 500 Buffer 12 ETF - July,other
JULT,AllianzIM U.S. Large Cap Buffer10 Jul ETF,other
JULU,AllianzIM U.S. Equity Buffer15 Uncapped Jul ETF,other
JULW,AllianzIM U.S. Large Cap Buffer20 Jul ETF,other
JULZ,TrueShares Structured Outcome (July) ETF,other
JUNM,FT Vest U.S. Equity Max Buffer ETF - June,other
JUNP,PGIM S&P 500 Buffer 12 ETF - June,other
JUNT,AllianzIM U.S. Large Cap Buffer10 Jun ETF,other
JUNW,AllianzIM U.S. Large Cap Buffer20 Jun ETF,other
JUNZ,TrueShares Structured Outcome (June) ETF,other
JUSA,JPMorgan U.S. Research Enhanced Large Cap ETF,other
JUST,Goldman Sachs JUST U.S. Large Cap Equity ETF,other
JVAL,JPMorgan U.S. Value Factor ETF,other
JXI,iShares Global Utilities ETF,other
JXN,Jackson Financial Inc. Class A Common Stock ,other
JXN$A,"Jackson Financial Inc. Depositary Shares, each representing a 1/1,000th interest in a share of Fixed-Rate Reset Noncumulative Perpetual Preferred Stock, Series A",other
JXX,Janus Henderson Transformational Growth ETF,other
KAI,Kadant Inc Common Stock,other
KAMO,Kensington Credit Opportunities ETF,other
KAPA,"Kairos Pharma, Ltd. Common Stock",other
KAPR,Innovator U.S. Small Cap Power Buffer ETF - April,other
KARS,KraneShares Electric Vehicles and Future Mobility Index ETF,other
KAUG,Innovator US Small Cap Power Buffer ETF - August,other
KB,KB Financial Group Inc,other
KBA,KraneShares Bosera MSCI China A 50 Connect Index ETF,other
KBDC,"Kayne Anderson BDC, Inc. Common Stock",other
KBE,State Street SPDR S&P Bank ETF,other
KBFR,Innovator U.S. Small Cap Managed 10 Buffer ETF,other
KBH,KB Home Common Stock,other
KBR,"KBR, Inc. Common Stock",other
KBUF,KraneShares 90% KWEB Defined Outcome January 2027 ETF,other
KCAC.U,"Kensington Capital Acquisition Corp. VI Units, each consisting of one Class A ordinary share, one-quarter of one Class 1 redeemable warrant and three-quarters of one Class 2 redeemable warrant",other
KCAI,KraneShares China Alpha Index ETF,other
KCCA,KraneShares California Carbon Allowance Strategy ETF,other
KCE,State Street SPDR S&P Capital Markets ETF,other
KCOP,Kurv Copper & Mining Enhanced Income ETF,other
KCSH,KraneShares Sustainable Ultra Short Duration Index ETF,other
KD,"Kyndryl Holdings, Inc. Common Stock",other
KDEC,Innovator U.S. Small Cap Power Buffer ETF - December,other
KDEF,PLUS Korea Defense Industry Index ETF,other
KDRN,Kingsbarn Tactical Bond ETF,other
KDVD,Keeley Dividend ETF,other
KEMQ,KraneShares Emerging Markets Consumer Technology Index ETF,other
KEMX,KraneShares MSCI Emerging Markets ex China Index ETF,other
KEN,Kenon Holdings Ltd. Ordinary Shares,other
KEP,Korea Electric Power Corporation Common Stock,other
KEX,Kirby Corporation Common Stock,other
KEY,KeyCorp Common Stock,other
KEY$I,"KeyCorp Depositary Shares Each Representing a 1/40th Ownership Interest in a Share of Fixed-to-Floating Rate Perpetual Non-Cumulative Preferred Stock, Series E",other
KEY$J,"KeyCorp Depositary Shares each representing a 1/40th ownership interest in a share of Fixed Rate Perpetual Non-Cumulative Preferred Stock, Series F",other
KEY$K,"KeyCorp Depositary Shares, each representing a 1/40th ownership interest in a share of Fixed Rate Perpetual Non-Cumulative Preferred Stock, Series G",other
KEY$L,"KeyCorp Depositary Shares each representing a 1/40th ownership interest in a share of Fixed Rate Perpetual Non-Cumulative Preferred Stock, Series H",other
KEYS,Keysight Technologies Inc. Common Stock,other
KF,"Korea Fund, Inc. (The) New Common Stock",other
KFEB,Innovator U.S. Small Cap Power Buffer ETF - February,other
KFRC,"Kforce, Inc. Common Stock",other
KFS,"Kingsway Financial Services, Inc. Common Stock (DE)",other
KFY,Korn Ferry Common Stock,other
KGC,Kinross Gold Corporation Common Stock,other
KGLD,Kurv Gold Enhanced Income ETF,other
KGRN,KraneShares MSCI China Clean Technology Index ETF,other
KGS,"Kodiak Gas Services, Inc. Common Stock",other
KHPI,Managed Portfolio Series Kensington Hedged Premium Income ETF,other
KHYB,KraneShares Asia Pacific High Income USD Bond ETF,other
KIE,State Street SPDR S&P Insurance ETF,other
KIM,Kimco Realty Corporation (HC) Common Stock,other
KIM$L,"Kimco Realty Corporation Class L Depositary Shares, each of which represents a one-one thousandth fractional interest in a share of 5.125% Class L Cumulative Redeemable Preferred Stock, liquidation preference $25,000.00 per share",other
KIM$M,"Kimco Realty Corporation Class M Depositary Shares, each of which represents a one-one thousandth fractional interest in a share of 5.25% Class M Cumulative Redeemable Preferred Stock, liquidation preference $25,000.00 per share",other
KIM$N,"Kimco Realty Corporation Depositary Shares, each representing 1/1,000th interest in a share of 7.25% Class N Cumulative Convertible Perpetual Preferred Stock",other
KIO,KKR Income Opportunities Fund Common Shares,other
KJAN,Innovator U.S. Small Cap Power Buffer ETF - January,other
KJUL,Innovator U.S. Small Cap Power Buffer ETF - July,other
KJUN,Innovator U.S. Small Cap Power Buffer ETF - June,other
KKR,KKR & Co. Inc. Common Stock,other
KKR$D,KKR & Co. Inc. 6.25% Series D Mandatory Convertible Preferred Stock,other
KKRS,KKR Group Finance Co. IX LLC 4.625% Subordinated Notes due 2061,other
KKRT,KKR & Co. Inc. 6.875% Subordinated Notes due 2065,other
KLAR,Klarna Group plc Ordinary Shares,other
KLC,"KinderCare Learning Companies, Inc. Common Stock",other
KLIP,KraneShares KWEB Covered Call Strategy ETF,other
KLMN,Invesco MSCI North America Climate ETF,other
KLMT,Invesco MSCI Global Climate 500 ETF,other
KMAR,Innovator U.S. Small Cap Power Buffer ETF - March,other
KMAY,Innovator U.S. Small Cap Power Buffer ETF - May,other
KMI,"Kinder Morgan, Inc. Common Stock",other
KMID,Virtus KAR Mid-Cap ETF,other
KMLM,KraneShares Mount Lucas Managed Futures Index Strategy ETF,other
KMPB,Kemper Corporation 5.875% Fixed-Rate Reset Junior Subordinated Debentures due 2062,other
KMPR,Kemper Corporation,other
KMT,Kennametal Inc. Common Stock,other
KMX,CarMax Inc,other
KN,Knowles Corporation Common Stock,other
KNCT,Invesco Next Gen Connectivity ETF,other
KNF,Knife Riv Holding Co. Common Stock,other
KNG,FT Vest S&P 500 Dividend Aristocrats Target Income ETF,other
KNO,AXS Knowledge Leaders ETF,other
KNOP,KNOT Offshore Partners LP Common Units representing Limited Partner Interests,other
KNOV,Innovator U.S. Small Cap Power Buffer ETF - November,other
KNOW,Fundamentals First ETF Fundamentals First ETF,other
KNRG,Simplify Kayne Anderson Energy and Infrastructure Credit ETF,other
KNRX,KNOREX LTD. Class A Ordinary Shares,other
KNSL,"Kinsale Capital Group, Inc. Common Stock",other
KNTK,Kinetik Holdings Inc. Class A Common Stock,other
KNX,Knight-Swift Transportation Holdings Inc.,other
KO,Coca-Cola Company (The) Common Stock,other
KOCT,Innovator U.S. Small Cap Power Buffer ETF - October,other
KODK,Eastman Kodak Company Common New,other
KOF,"Coca Cola Femsa S.A.B. de C.V.  American Depositary Shares, each representing 10 Units (each Unit consists of 3 Series B Shares and 5 Series L Shares)",other
KOKU,Xtrackers MSCI Kokusai Equity ETF,other
KOLD,ProShares UltraShort Bloomberg Natural Gas,other
KOMP,State Street SPDR S&P Kensho New Economies Composite ETF,other
KONG,Formidable Fortress ETF,other
KOOL,North Shore Equity Rotation ETF,other
KOP,Koppers Holdings Inc. Common Stock,other
KORE,"KORE Group Holdings, Inc. Common Stock",other
KORP,American Century Diversified Corporate Bond ETF,other
KORU,Direxion Daily South Korea Bull 3X ETF,other
KOS,Kosmos Energy Ltd. Common Shares (DE),other
KPHO,KraneShares Dragon Capital Vietnam Growth Index ETF,other
KPRO,KraneShares 100% KWEB Defined Outcome January 2027 ETF,other
KR,Kroger Company (The) Common Stock,other
KRBN,KraneShares Global Carbon Strategy ETF,other
KRC,Kilroy Realty Corporation Common Stock,other
KRE,State Street SPDR S&P Regional Banking ETF,other
KREF,KKR Real Estate Finance Trust Inc. Common Stock,other
KREF$A,KKR Real Estate Finance Trust Inc. 6.50% Series A Cumulative Redeemable Preferred Stock,other
KRG,Kite Realty Group Trust Common Stock,other
KRMN,Karman Holdings Inc. Common Stock,other
KRO,Kronos Worldwide Inc Common Stock,other
KRP,Kimbell Royalty Partners Common Units Representing Limited Partner Interests,other
KRSP,Rice Acquisition Corporation 3 Class A Ordinary Shares,other
KRSP.U,"Rice Acquisition Corporation 3 Units, each consisting of one Class A ordinary share, and one-sixth of one redeemable warrant",other
KRSP.W,"Rice Acquisition Corporation 3 Redeemable warrants, each whole warrant exercisable for one Class A ordinary share at an exercise price of $11.50",other
KRYP,ProShares CoinDesk 20 Crypto ETF,other
KSA,iShares MSCI Saudi Arabia ETF,other
KSEP,Innovator U.S. Small Cap Power Buffer ETF - September,other
KSLV,Kurv Silver Enhanced Income ETF,other
KSPY,KraneShares Hedgeye Hedged Equity Index ETF,other
KSS,Kohl's Corporation Common Stock,other
KSTR,KraneShares SSE STAR Market 50 Index ETF,other
KT,KT Corporation Common Stock,other
KTB,"Kontoor Brands, Inc. Common Stock ",other
KTEC,KraneShares Hang Seng TECH Index ETF,other
KTF,DWS Municipal Income Trust,other
KTH,Structures Products Cp 8% CorTS Issued by Peco Energy Cap Tr II Preferred Stock,other
KTN,Structured Products Corp 8.205% CorTS 8.205% Corporate Backed Trust Securities (CorTS),other
KTUP,T-REX 2X Long KTOS Daily Target ETF,other
KULR,"KULR Technology Group, Inc. Common Stock",other
KURE,KraneShares MSCI All China Health Care Index ETF,other
KVLE,KraneShares Value Line Dynamic Dividend Equity Index ETF,other
KVUE,Kenvue Inc. Common Stock,other
KVYO,"Klaviyo, Inc. Series A Common Stock",other
KW,Kennedy-Wilson Holdings Inc. Common Stock,other
KWEB,KraneShares CSI China Internet ETF,other
KWIN,KraneShares Wahed Alternative Income Index ETF,other
KWR,Quaker Houghton Common Stock,other
KWT,iShares MSCI Kuwait ETF,other
KXI,iShares Global Consumer Staples ETF,other
KYLD,Kurv High Income ETF,other
KYN,"Kayne Anderson Energy Infrastructure Fund, Inc.",other
L,Loews Corporation Common Stock,other
LABD,Direxion Daily S&P Biotech Bear 3X ETF,other
LABU,Direxion Daily S&P Biotech Bull 3X ETF,other
LABX,Tradr 2X Long ALAB Daily ETF,other
LAC,Lithium Americas Corp. Common Shares,other
LAD,"Lithia Motors, Inc. Common Stock",other
LADR,Ladder Capital Corp Class A Common Stock,other
LALT,First Trust Multi-Strategy Alternative ETF,other
LANV,Lanvin Group Holdings Limited Ordinary Shares,other
LANV.W,"Lanvin Group Holdings Limited Redeemable Warrants, each whole warrant exercisable for one Ordinary Share at an exercise price of $11.50",other
LAPR,Innovator Premium Income 15 Buffer ETF - April,other
LAR,Lithium Argentina AG Common Shares,other
LAW,"CS Disco, Inc. Common Stock",other
LAZ,"Lazard, Inc. Common Stock",other
LB,LandBridge Company LLC Class A Shares Representing Limited Liability Company Interests,other
LBAY,Leatherback Long/Short Alternative Yield ETF,other
LBO,WHITEWOLF Publicly Listed Private Equity ETF,other
LBRT,Liberty Energy Inc. Class A common stock,other
LC,LendingClub Corporation Common Stock,other
LCAP,Principal Capital Appreciation Select ETF,other
LCF,Touchstone US Large Cap Focused ETF,other
LCII,LCI Industries,other
LCLG,Logan Capital Broad Innovative Growth ETF,other
LCO,LOGIQ Contrarian Opportunities ETF,other
LCOW,Pacer S&P 500 Quality FCF Aristocrats ETF,other
LCR,Leuthold Core ETF,other
LCTD,iShares World ex U.S. Carbon Transition Readiness Aware Active ETF,other
LCTU,iShares U.S. Carbon Transition Readiness Aware Active ETF,other
LCTX,"Lineage Cell Therapeutics, Inc. Common Stock",other
LDDR,LifeX 2035 Income Bucket ETF,other
LDI,"loanDepot, Inc. Class A Common Stock",other
LDOS,"Leidos Holdings, Inc. Common Stock",other
LDP,"Cohen & Steers Limited Duration Preferred and Income Fund, Inc.",other
LDRC,iShares iBonds 1-5 Year Corporate Ladder ETF,other
LDRH,iShares iBonds 1-5 Year High Yield and Income Ladder ETF,other
LDRI,iShares iBonds 1-5 Year TIPS Ladder ETF,other
LDRT,iShares iBonds 1-5 Year Treasury Ladder ETF,other
LDUR,PIMCO Enhanced Low Duration Active Exchange-Traded Fund,other
LEA,Lear Corporation Common Stock,other
LEAD,Siren DIVCON Leaders Dividend ETF,other
LEG,"Leggett & Platt, Incorporated Common Stock",other
LEGO,Legato Merger Corp. IV Ordinary Shares,other
LEGO.U,"Legato Merger Corp. IV Units, each consisting of one ordinary share and one-third of one redeemable warrant",other
LEGO.W,"Legato Merger Corp. IV Redeemable Warrants, each whole warrant exercisable to purchase one ordinary share at an exercise price of $11.50 per share",other
LEGT,Legato Merger Corp. III Ordinary Shares,other
LEGT.U,"Legato Merger Corp. III Units, each consisting of one Ordinary Share and one-half of one warrant",other
LEGT.W,"Legato Merger Corp. III Redeemable Warrants, each whole warrant exercisable for one ordinary share at an exercise price of $11.50 per share",other
LEMB,iShares J.P. Morgan EM Local Currency Bond,other
LEN,Lennar Corporation Class A Common Stock,other
LEN.B,Lennar Corporation Class B,other
LENS,Sarmaya Thematic ETF,other
LEO,"BNY Mellon Strategic Municipals, Inc. Common Stock",other
LEU,Centrus Energy Corp. Class A Common Stock,other
LEUX,Tradr 2X Long LEU Daily ETF,other
LEVI,Levi Strauss & Co Class A Common Stock,other
LFAI,LifeX 2050 Longevity Income ETF,other
LFAO,LifeX 2055 Longevity Income ETF,other
LFAW,LifeX 2060 Longevity Income ETF,other
LFBE,LifeX 2065 Longevity Income ETF,other
LFDR,LifeX Durable Income ETF,other
LFEQ,VanEck Long/Flat Trend ETF,other
LFGY,YieldMax Crypto Industry & Tech Portfolio Option Income ETF,other
LFT,"Lument Finance Trust, Inc. Common Stock",other
LFT$A,"Lument Finance Trust, Inc. 7.875% Series A Cumulative Redeemable Preferred Stock",other
LGCY,Legacy Education Inc. Common Stock,other
LGDX,Intech S&P Large Cap Diversified Alpha ETF,other
LGH,HCM Defender 500 Index ETF,other
LGHT,Langar Global HealthTech ETF,other
LGI,Lazard Global Total Return and Income Fund Common Stock,other
LGL,"LGL Group, Inc. (The) Common Stock",other
LGLV,State Street SPDR US Large Cap Low Volatility Index ETF,other
LGOV,First Trust Long Duration Opportunities ETF,other
LGPS,LogProstyle Inc. Common Shares,other
LH,Labcorp Holdings Inc. Common Stock,other
LHX,"L3Harris Technologies, Inc. Common Stock",other
LIAE,LifeX 2050 Inflation-Protected Longevity Income ETF,other
LIAM,LifeX 2055 Inflation-Protected Longevity Income ETF,other
LIAU,LifeX 2060 Inflation-Protected Longevity Income ETF,other
LIBD,LifeX 2065 Inflation-Protected Longevity Income ETF,other
LIFT,LifeX 2028 Income Bucket ETF,other
LII,"Lennox International, Inc. Common Stock",other
LIMI,Themes Lithium & Battery Metal Miners ETF,other
LION,Lionsgate Studios Corp Common Shares,other
LIT,Global X Lithium & Battery Tech ETF,other
LITB,"LightInTheBox Holding Co., Ltd. American Depositary Shares, each representing twelve ordinary shares",other
LITL,Simplify Piper Sandler US Small-Cap PLUS Income ETF,other
LITX,Tradr 2X Long LITE Daily ETF,other
LJAN,Innovator Premium Income 15 Buffer ETF - January,other
LJUL,Innovator Premium Income 15 Buffer ETF - July,other
LKOR,FlexShares Credit-Scored US Long Corporate Bond Index Fund,other
LLDR,Global X Long-Term Treasury Ladder ETF,other
LLII,REX LLY Growth & Income ETF,other
LLY,Eli Lilly and Company Common Stock,other
LLYX,Defiance Daily Target 2X Long LLY ETF,other
LMBO,Direxion Daily Crypto Industry Bull 2X ETF,other
LMND,"Lemonade, Inc. Common Stock",other
LMT,Lockheed Martin Corporation Common Stock,other
LMUB,iShares Long-Term National Muni Bond ETF,other
LNC,Lincoln National Corporation Common Stock,other
LNC$D,"Lincoln National Corporation Depositary Shares Each Representing a 1/1,000th Interest in a Share of 9.000% Non-Cumulative Preferred Stock, Series D",other
LND,Brasilagro Brazilian Agric Real Estate Co Sponsored ADR (Brazil),other
LNG,"Cheniere Energy, Inc. Common Stock",other
LNGX,Global X U.S. Natural Gas ETF,other
LNN,Lindsay Corporation Common Stock,other
LNOK,Defiance Daily Target 2X Long NOK ETF,other
LOAR,Loar Holdings Inc. Common Stock,other
LOB,"Live Oak Bancshares, Inc. Common Stock",other
LOB$A,"Live Oak Bancshares, Inc. Depositary Shares, Each Representing a 1/40th Interest in a Share of 8.375% Fixed Rate Series A Non-Cumulative Perpetual Preferred Stock",other
LOCL,Local Bounti Corporation Common Stock,other
LOCT,Innovator Premium Income 15 Buffer ETF - October,other
LODE,Comstock Inc. Common Stock,other
LODI,AAM SLC Low Duration Income ETF,other
LOMA,Loma Negra Compania Industrial Argentina Sociedad Anonima ADS,other
LONZ,PIMCO Senior Loan Active Exchange-Traded Fund,other
LOPP,Gabelli Love Our Planet & People ETF Gabelli Love Our Planet & People ETF,other
LOUP,Innovator Deepwater Frontier Tech ETF,other
LOW,"Lowe's Companies, Inc. Common Stock",other
LOWV,AB US Low Volatility Equity ETF,other
LPA,Logistic Properties of the Americas Ordinary Shares,other
LPG,Dorian LPG Ltd. Common Stock,other
LPL,"LG Display Co, Ltd AMERICAN DEPOSITORY SHARES",other
LPRE,Long Pond Real Estate Select ETF,other
LPX,Louisiana-Pacific Corporation Common Stock,other
LQAI,LG QRAFT AI-Powered U.S. Large Cap Core ETF,other
LQD,iShares iBoxx $ Investment Grade Corporate Bond ETF,other
LQDB,iShares BBB Rated Corporate Bond ETF,other
LQDH,iShares Interest Rate Hedged Corporate Bond ETF,other
LQDI,iShares Inflation Hedged Corporate Bond ETF,other
LQDW,iShares Investment Grade Corporate Bond BuyWrite Strategy ETF,other
LQIG,State Street SPDR MarketAxess Investment Grade 400 Corporate Bond ETF,other
LQPE,PEO AlphaQuest Thematic PE ETF,other
LQTI,FT Vest Investment Grade & Target Income ETF,other
LRCU,Tradr 2X Long LRCX Daily ETF,other
LRGC,AB US Large Cap Strategic Equities ETF,other
LRGF,iShares U.S. Equity Factor ETF,other
LRGG,Nomura Focused Large Growth ETF,other
LRN,"Stride, Inc. Common Stock",other
LRNZ,"TrueShares Technology, AI & Deep Learning ETF",other
LSAF,LeaderShares AlphaFactor US Core Equity ETF,other
LSAT,LeaderShares AlphaFactor Tactical Focused ETF,other
LSEQ,Harbor Long-Short Equity ETF,other
LSF,"Laird Superfood, Inc. Common Stock",other
LSGR,Natixis Loomis Sayles Focused Growth ETF,other
LSPD,Lightspeed Commerce Inc. Subordinate Voting Shares,other
LST,Leuthold Select Industries ETF,other
LSVD,LSV Disciplined Value ETF,other
LTAX,Nomura Tax-Free USA ETF,other
LTC,"LTC Properties, Inc. Common Stock",other
LTH,"Life Time Group Holdings, Inc. Common Stock",other
LTL,ProShares Ultra Communication Services,other
LTM,"LATAM Airlines Group S.A. American Depositary Shares (each representing two thousand (2,000) shares of Common Stock)",other
LTPZ,Pimco 15  Year U.S. TIPS Index Exchange-Traded Fund,other
LTTI,FT Vest 20+ Year Treasury & Target Income ETF,other
LU,"Lufax Holding Ltd American Depositary Shares, each representing two (2) Ordinary Shares",other
LUCK,Lucky Strike Entertainment Corporation Class A Common Stock,other
LUD,Luda Technology Group Limited Ordinary Shares,other
LUMN,"Lumen Technologies, Inc. Common Stock",other
LUNL,Defiance Daily Target 2X Long LUNR ETF,other
LUV,Southwest Airlines Company Common Stock,other
LUXE,"LuxExperience B.V. American Depositary Shares, each representing one Ordinary Share",other
LVDS,JPMorgan Fundamental Data Science Large Value ETF,other
LVHI,Franklin International Low Volatility High Dividend Index ETF,other
LVLN,State Street SPDR S&P Leveraged Loan ETF,other
LVS,Las Vegas Sands Corp. Common Stock,other
LVWR,"LiveWire Group, Inc. Common Stock",other
LVWR.W,"LiveWire Group, Inc. Warrants, each exercisable for one share of Common Stock at an exercise price of $11.50 per share",other
LW,"Lamb Weston Holdings, Inc. Common Stock ",other
LXFR,Luxfer Holdings PLC Ordinary Shares,other
LXP,LXP Industrial Trust Common Stock (Maryland REIT),other
LXP$C,LXP Industrial Trust 6.5% Series C Cumulative Convertible Preferred Stock,other
LXU,"LSB Industries, Inc. Common Stock",other
LYB,LyondellBasell Industries NV Ordinary Shares Class A (Netherlands),other
LYG,Lloyds Banking Group Plc American Depositary Shares,other
LYLD,Cambria Large Cap Shareholder Yield ETF,other
LYV,"Live Nation Entertainment, Inc. Common Stock",other
LZB,La-Z-Boy Incorporated Common Stock,other
LZM,Lifezone Metals Limited Ordinary Shares,other
LZM.W,Lifezone Metals Limited Warrants,other
M,Macy's Inc Common Stock,other
MA,Mastercard Incorporated Common Stock,other
MAA,"Mid-America Apartment Communities, Inc. Common Stock",other
MAA$I,"Mid-America Apartment Communities, Inc. 8.50% Series I Cumulative Redeemable Preferred Stock",other
MAC,Macerich Company (The) Common Stock,other
MADE,iShares U.S. Manufacturing ETF,other
MAGA,Point Bridge America First ETF,other
MAGC,Roundhill China Magnificent Seven ETF,other
MAGG,Madison Aggregate Bond ETF,other
MAGN,Magnera Corporation Common Stock,other
MAGO,Tuttle Capital Magnificent 7 Income Blast ETF,other
MAGS,Roundhill Magnificent Seven ETF,other
MAGX,Roundhill Daily 2X Long Magnificent Seven ETF,other
MAGY,Roundhill Magnificent Seven Covered Call ETF,other
MAIA,"MAIA Biotechnology, Inc. Common Stock",other
MAIN,Main Street Capital Corporation Common Stock,other
MAKX,ProShares S&P Kensho Smart Factories ETF,other
MAMB,Monarch Ambassador Income Index ETF,other
MAN,ManpowerGroup Common Stock,other
MANE,"Veradermics, Incorporated Common Stock",other
MANI,Man Active Income ETF,other
MANU,Manchester United Ltd. Class A Ordinary Shares,other
MAPP,Harbor Multi-Asset Explorer ETF,other
MARB,First Trust Merger Arbitrage ETF,other
MARM,FT Vest U.S. Equity Max Buffer ETF - March,other
MARO,YieldMax MARA Option Income Strategy ETF,other
MARS,Roundhill Space & Technology ETF,other
MART,AllianzIM U.S. Large Cap Buffer10 Mar ETF,other
MARU,AllianzIM U.S. Equity Buffer15 Uncapped Mar ETF,other
MARW,AllianzIM U.S. Large Cap Buffer20 Mar ETF,other
MARZ,TrueShares Structured Outcome (March) ETF,other
MAS,Masco Corporation Common Stock,other
MATV,"Mativ Holdings, Inc. Common Stock",other
MATX,"Matson, Inc. Common Stock",other
MAVF,Matrix Advisors Value ETF,other
MAX,"MediaAlpha, Inc. Class A Common Stock",other
MAXJ,iShares Large Cap Max Buffer Jun ETF,other
MAYM,FT Vest U.S. Equity Max Buffer ETF - May,other
MAYP,PGIM S&P 500 Buffer 12 ETF - May,other
MAYT,AllianzIM U.S. Large Cap Buffer10 May ETF,other
MAYU,AllianzIM U.S. Equity Buffer15 Uncapped May ETF,other
MAYW,AllianzIM U.S. Large Cap Buffer20 May ETF,other
MAYZ,TrueShares Structured Outcome (May) ETF,other
MBBA,iShares Mortgage-Backed Securities Active ETF,other
MBBB,VanEck Moody's Analytics BBB Corporate Bond ETF,other
MBC,"MasterBrand, Inc. Common Stock",other
MBCC,Monarch Blue Chips Core Index ETF,other
MBI,MBIA Inc. Common Stock,other
MBND,State Street Nuveen Municipal Bond ETF,other
MBNE,State Street Nuveen Municipal Bond ESG ETF,other
MBOX,Freedom Day Dividend ETF,other
MBSD,FlexShares Disciplined Duration MBS Index Fund,other
MBSF,Regan Floating Rate MBS ETF,other
MBSX,Regan Fixed Rate MBS ETF,other
MC,Moelis & Company Class A Common Stock,other
MCB,Metropolitan Bank Holding Corp. Common Stock,other
MCD,McDonald's Corporation Common Stock,other
MCH,Matthews China Active ETF,other
MCI,Barings Corporate Investors Common Stock,other
MCK,McKesson Corporation Common Stock,other
MCN,XAI Madison Equity Premium Income Fund Common Shares,other
MCO,Moody's Corporation Common Stock,other
MCOW,Pacer S&P MidCap 400 Quality FCF Aristocrats ETF,other
MCR,MFS Charter Income Trust Common Stock,other
MCRP,Micropolis AI Robotics Ordinary Shares,other
MCS,Marcus Corporation (The) Common Stock,other
MCY,Mercury General Corporation Common Stock,other
MD,"Pediatrix Medical Group, Inc. Common Stock",other
MDA,MDA Space Ltd. Common Shares,other
MDAA,Myriad Dynamic Asset Allocation ETF,other
MDBX,Tradr 2X Long MDB Daily ETF,other
MDEV,First Trust Indxx Medical Devices ETF,other
MDLV,Morgan Dempsey Large Cap Value ETF,other
MDPL,Monarch Dividend Plus Index ETF,other
MDST,Westwood Salient Enhanced Midstream Income ETF,other
MDT,Medtronic plc. Ordinary Shares,other
MDU,"MDU Resources Group, Inc. Common Stock (Holding Company)",other
MDV,"Modiv Industrial, Inc. Class C Common Stock",other
MDV$A,"Modiv Industrial, Inc. 7.375% Series A Cumulative Redeemable Perpetual Preferred Stock",other
MDY,State Street SPDR S&P MIDCAP 400 ETF Trust,other
MDYG,State Street SPDR S&P 400 Mid Cap Growth ETF,other
MDYV,State Street SPDR S&P 400 Mid Cap Value ETF,other
MEAR,iShares Short Maturity Municipal Bond Active ETF,other
MEC,"Mayville Engineering Company, Inc. Common Stock",other
MED,MEDIFAST INC Common Stock,other
MEDI,Harbor Health Care ETF,other
MEG,"Montrose Environmental Group, Inc. Common Stock",other
MEGI,NYLI CBRE Global Infrastructure Megatrends Term Fund Common Shares,other
MEI,"Methode Electronics, Inc. Common Stock",other
MEM,Matthews Emerging Markets Equity Active ETF,other
MEME,Roundhill Meme Stock ETF,other
MEMX,Matthews Emerging Markets ex China Active ETF,other
MEMY,Tuttle Capital Meme Stock Income Blast ETF,other
MER$K,"Bank of America Corporation Income Capital Obligation Notes initially due December 15, 2066",other
MET,"MetLife, Inc. Common Stock",other
MET$A,"MetLife, Inc. Preferred Series A Floating Rate",other
MET$E,"MetLife, Inc. Depositary Shares ",other
MET$F,"MetLife, Inc. Depositary Shares, each representing a 1/1,000th interest in a share of 4.75% Non-Cumulative Preferred Stock, Series F",other
METV,Roundhill Ball Metaverse ETF,other
METW,Roundhill META WeeklyPay ETF,other
MEXX,Direxion Daily MSCI Mexico Bull 3X ETF,other
MFA,"MFA Financial, Inc.",other
MFA$B,"MFA Financial, Inc. Preferred Series B",other
MFA$C,"MFA Financial, Inc. 6.50% Series C Fixed-to-Floating Rate Cumulative Redeemable Preferred Stock",other
MFAN,"MFA Financial, Inc. 8.875% Senior Notes due 2029",other
MFAO,"MFA Financial, Inc. 9.000% Senior Notes due 2029",other
MFC,Manulife Financial Corporation Common Stock,other
MFDX,PIMCO RAFI Dynamic Multi-Factor International Equity ETF,other
MFEM,PIMCO RAFI Dynamic Multi-Factor Emerging Markets Equity ETF,other
MFG,"Mizuho Financial Group, Inc. Sponosred ADR (Japan)",other
MFM,MFS Municipal Income Trust Common Stock,other
MFSB,MFS Active Core Plus Bond ETF,other
MFSG,MFS Active Growth ETF,other
MFSI,MFS Active International ETF,other
MFSM,MFS Active Intermediate Muni Bond ETF,other
MFSV,MFS Active Value ETF,other
MFUL,Mindful Conservative ETF,other
MFUS,PIMCO RAFI Dynamic Multi-Factor U.S. Equity ETF,other
MFUT,Cambria Chesapeake Pure Trend ETF,other
MG,Mistras Group Inc Common Stock,other
MGA,"Magna International, Inc. Common Stock",other
MGC,Vanguard Mega Cap ETF,other
MGF,MFS Government Markets Income Trust Common Stock,other
MGK,Vanguard Mega Cap Growth ETF,other
MGLD,"The Marygold Companies, Inc. Common Stock",other
MGM,MGM Resorts International Common Stock,other
MGMT,Ballast Small/Mid Cap ETF,other
MGNR,American Beacon Select Funds American Beacon GLG Natural Resources ETF,other
MGOV,First Trust Intermediate Government Opportunities ETF,other
MGR,"Affiliated Managers Group, Inc. 5.875% Junior Subordinated Notes due 2059",other
MGRB,"Affiliated Managers Group, Inc. 4.750% Junior Subordinated Notes due 2060",other
MGRD,"Affiliated Managers Group, Inc. 4.200% Junior Subordinated Notes due 2061",other
MGRE,"Affiliated Managers Group, Inc. 6.750% Junior Subordinated Notes due 2064",other
MGV,Vanguard Mega Cap Value ETF,other
MGY,Magnolia Oil & Gas Corporation Class A Common Stock,other
MH,"McGraw Hill, Inc. Common Stock",other
MHD,"Blackrock MuniHoldings Fund, Inc. Common Stock",other
MHF,"Western Asset Municipal High Income Fund, Inc. Common Stock",other
MHH,"Mastech Digital, Inc Common Stock",other
MHK,"Mohawk Industries, Inc. Common Stock",other
MHLA,"Maiden Holdings, Ltd. 6.625% Notes due 2046",other
MHNC,"Maiden Holdings North America, Ltd. 7.75% Notes due 2043",other
MHO,"M/I Homes, Inc. Common Stock",other
MHY,Man Active High Yield ETF,other
MI,NFT Limited Class A Ordinary Share,other
MIAX,"Miami International Holdings, Inc. Common Stock",other
MICC,The Magnum Ice Cream Company N.V. Ordinary Shares,other
MID,American Century Mid Cap Growth Impact ETF,other
MIDE,Xtrackers S&P MidCap 400 Scored & Screened ETF,other
MIDU,Direxion Mid Cap Bull 3X ETF,other
MIG,VanEck Moody's Analytics IG Corporate Bond ETF,other
MIGO,MIG Core ETF,other
MILK,Pacer US Cash Cows Bond ETF,other
MIN,MFS Intermediate Income Trust Common Stock,other
MINE,Mayfair Gold Corp. Common Shares,other
MINN,Mairs & Power Minnesota Municipal Bond ETF,other
MINO,PIMCO Municipal Income Opportunities Active Exchange-Traded Fund,other
MINT,PIMCO Enhanced Short Maturity Active Exchange-Traded Fund,other
MINV,Matthews Asia Innovators Active ETF,other
MINY,YieldMax Strategic Metals & Mining Portfolio Option Income ETF,other
MIR,"Mirion Technologies, Inc. Class A Common Stock",other
MISL,First Trust Indxx Aerospace & Defense ETF,other
MITN,"TPG Mortgage Investment Trust, Inc. 9.500% Senior Notes due 2029",other
MITP,"TPG Mortgage Investment Trust, Inc. 9.500% Senior Notes due 2029",other
MITQ,"Moving iMage Technologies, Inc. Common Stock",other
MITT,"TPG Mortgage Investment Trust, Inc. Common Stock",other
MITT$A,"TPG Mortgage Investment Trust, Inc. 8.25% Series A Cumulative Redeemable Preferred Stock",other
MITT$B,"TPG Mortgage Investment Trust, Inc. 8.00% Series B Cumulative Redeemable Preferred Stock",other
MITT$C,"TPG Mortgage Investment Trust, Inc. 8.00% Series C Fixed-to-Floating Rate Cumulative Redeemable Preferred Stock, $0.01 par value per share",other
MIY,"Blackrock MuniYield Michigan Quality Fund, Inc. Common Stock",other
MJ,Amplify Alternative Harvest ETF,other
MJSC,MUFG Japan Small Cap Active ETF,other
MKC,"McCormick & Company, Incorporated Common Stock",other
MKC.V,"McCormick & Company, Incorporated Common Stock",other
MKL,Markel Group Inc. Common Stock,other
MKOR,Matthews Korea Active ETF,other
MKTN,Federated Hermes MDT Market Neutral ETF,other
MLDR,Global X Intermediate-Term Treasury Ladder ETF,other
MLI,"Mueller Industries, Inc. Common Stock",other
MLM,"Martin Marietta Materials, Inc. Common Stock",other
MLN,VanEck Long Muni ETF,other
MLP,"Maui Land & Pineapple Company, Inc. Common Stock",other
MLPA,Global X MLP ETF,other
MLPB,"ETRACS Alerian MLP Infrastructure Index ETN Series B due April 2, 2040",other
MLPD,Global X MLP & Energy Infrastructure Covered Call ETF,other
MLPI,NEOS MLP & Energy Infrastructure High Income ETF,other
MLPR,ETRACS Quarterly Pay 1.5X Leveraged Alerian MLP Index ETN,other
MLPX,Global X MLP & Energy Infrastructure ETF,other
MLR,"Miller Industries, Inc. Common Stock",other
MLSS,"Milestone Scientific, Inc. Common Stock",other
MMA,Mixed Martial Arts Group Limited Ordinary Shares,other
MMAX,iShares Large Cap Max Buffer Mar ETF,other
MMCA,NYLI MacKay California Muni Intermediate ETF,other
MMD,NYLI MacKay DefinedTerm Muni Opportunities Fund Common Shares,other
MMI,"Marcus & Millichap, Inc. Common Stock",other
MMID,MFS Active Mid Cap ETF,other
MMIN,NYLI MacKay Muni Insured ETF,other
MMIT,NYLI MacKay Muni Intermediate ETF,other
MMK,State Street Prime Money Market ETF,other
MMKT,Texas Capital Government Money Market ETF,other
MMLG,First Trust Multi-Manager Large Growth ETF,other
MMM,3M Company Common Stock,other
MMMA,NYLI MacKay Muni Allocation ETF,other
MMS,"Maximus, Inc. Common Stock",other
MMSC,First Trust Multi-Manager Small Cap Opportunities ETF,other
MMSD,NYLI MacKay Muni Short Duration ETF,other
MMT,MFS Multimarket Income Trust Common Stock,other
MMTM,State Street SPDR S&P 1500 Momentum Tilt ETF,other
MMU,"Western Asset Managed Municipals Fund, Inc. Common Stock",other
MNA,NYLI Merger Arbitrage ETF,other
MNBD,ALPS Intermediate Municipal Bond ETF,other
MNR,Mach Natural Resources LP Common Units representing Limited Partner Interests,other
MNRS,Grayscale Bitcoin Miners ETF,other
MNSO,"MINISO Group Holding Limited American Depositary Shares, each representing four Ordinary Shares",other
MNTN,"MNTN, Inc. Class A Common Stock",other
MO,"Altria Group, Inc.",other
MOAT,VanEck Morningstar Wide Moat ETF,other
MOD,Modine Manufacturing Company Common Stock,other
MOG.A,Moog Inc. Class A Common Stock,other
MOG.B,Moog Inc. Class B Common Stock,other
MOGU,MOGU Inc. American Depositary Shares (each  representing 25 Class A Ordinary Shares),other
MOH,Molina Healthcare Inc Common Stock,other
MOO,VanEck Agribusiness ETF,other
MORT,VanEck Mortgage REIT Income ETF,other
MOS,Mosaic Company (The) Common Stock,other
MOTG,VanEck Morningstar Global Wide Moat ETF,other
MOTI,VanEck Morningstar International Moat ETF,other
MOTO,Guinness Atkinson Smart Transportation & Technology ETF,other
MOV,Movado Group Inc. Common Stock,other
MP,MP Materials Corp. Common Stock,other
MPA,Blackrock MuniYield Pennsylvania Quality Fund Common Stock,other
MPC,Marathon Petroleum Corporation Common Stock,other
MPL,Defiance Daily Target 2X Long MP ETF,other
MPLX,MPLX LP Common Units Representing Limited Partner Interests,other
MPLY,Monopoly ETF,other
MPRO,Monarch ProCap Index ETF,other
MPT,"Medical Properties Trust, Inc. common stock",other
MPTI,"M-tron Industries, Inc. Common Stock",other
MPU,Mega Matrix Inc. Class A Ordinary Shares,other
MPV,Barings Participation Investors Common Stock,other
MPX,Marine Products Corporation Common Stock,other
MQY,"Blackrock MuniYield Quality Fund, Inc. Common Stock",other
MRCP,PGIM S&P 500 Buffer 12 ETF - March,other
MRGR,ProShares Merger ETF,other
MRK,"Merck & Company, Inc. Common Stock (new)",other
MRNX,Defiance Daily Target 2X Long MRNA ETF,other
MRNY,YieldMax MRNA Option Income Strategy ETF,other
MRP,"Millrose Properties, Inc. Class A Common Stock",other
MRSH,Marsh Common Stock,other
MRSK,Toews Agility Shares Managed Risk ETF,other
MRT,"Marti Technologies, Inc. Class A Ordinary Shares",other
MS,Morgan Stanley Common Stock,other
MS$A,Morgan Stanley Dep Shs repstg 1/1000 Pfd Ser A,other
MS$E,Morgan Stanley DEPOSITARY SHARES REP 1/1000TH SHARES FIXED/FLTG PREFERRED STOCK SERIES E,other
MS$F,Morgan Stanley Dep Shs Rpstg 1/1000th Int Prd Ser F Fxd to Flag,other
MS$I,Morgan Stanley Depository Shares Representing 1/1000th Preferred Series 1 Fixed to Floating Non (Cum),other
MS$K,"Morgan Stanley Depositary Shares, each representing 1/1,000th of a share of Fixed-to-Floating Rate Non-Cumulative Preferred Stock,  Series K",other
MS$L,"Morgan Stanley Depositary Shares, each representing 1/1,000th of a share of 4.875% Non-Cumulative Preferred Stock, Series L",other
MS$O,"Morgan Stanley Depositary Shares, each representing 1/1,000th of a share of 4.250% Non-Cumulative Preferred Stock, Series O",other
MS$P,"Morgan Stanley Depositary Shares, each representing 1/1,000th of a share of 6.500% Non-Cumulative Preferred Stock, Series P",other
MS$Q,"Morgan Stanley Depositary Shares, each representing 1/1,000th of a share of 6.625% Non-Cumulative Preferred Stock, Series Q",other
MSA,MSA Safety Incorporated Common Stock,other
MSB,Mesabi Trust Common Stock,other
MSC,"Studio City International Holdings Limited American depositary shares, each representing four  Class A ordinary shares",other
MSCI,MSCI Inc. Common Stock,other
MSD,"Morgan Stanley Emerging Markets Debt Fund, Inc. Common Stock",other
MSDL,Morgan Stanley Direct Lending Fund Common Stock,other
MSFO,YieldMax MSFT Option Income Strategy ETF,other
MSFW,Roundhill MSFT WeeklyPay ETF,other
MSFX,T-Rex 2X Long Microsoft Daily Target ETF,other
MSFY,Kurv Yield Premium Strategy Microsoft (MSFT) ETF,other
MSGE,Madison Square Garden Entertainment Corp. Class A Common Stock,other
MSGS,Madison Square Garden Sports Corp. Class A Common Stock (New),other
MSI,"Motorola Solutions, Inc. Common Stock",other
MSIF,"MSC Income Fund, Inc. Common Stock",other
MSII,REX MSTR Growth & Income ETF,other
MSLC,Morgan Stanley Pathway Large Cap Equity ETF,other
MSM,"MSC Industrial Direct Company, Inc. Common Stock",other
MSMR,McElhenny Sheffield Managed Risk ETF,other
MSN,Emerson Radio Corporation Common Stock,other
MSOO,Leverage Shares 2x Capped Accelerated MSTR Monthly ETF,other
MSOS,AdvisorShares Pure US Cannabis ETF,other
MSOX,AdvisorShares MSOS Daily Leveraged ETF,other
MSSM,Morgan Stanley Pathway Small-Mid Cap Equity ETF,other
MSSS,Monarch Select Subsector Index ETF,other
MSST,YieldMax MSTR Performance & Distribution Target 25 ETF,other
MSTB,LHA Market State Tactical Beta ETF,other
MSTI,Madison Short Term Strategic Income ETF,other
MSTK,Tuttle Capital MSTR 0DTE Covered Call ETF,other
MSTQ,LHA Market State Tactical Q ETF,other
MSTU,T-Rex 2X Long MSTR Daily Target ETF,other
MSTW,Roundhill MSTR WeeklyPay ETF,other
MSTY,YieldMax MSTR Option Income Strategy ETF,other
MSTZ,T-Rex 2X Inverse MSTR Daily Target ETF,other
MT,Arcelor Mittal NY Registry Shares NEW,other
MTA,Metalla Royalty & Streaming Ltd. Common Shares,other
MTAL.U,"Metals Acquisition Corp. II Units, each consisting of one Class A ordinary share and one-third of one redeemable warrant",other
MTB,M&T Bank Corporation Common Stock,other
MTB$H,"M&T Bank Corporation Perpetual Fixed-to-Floating Rate Non-Cumulative Preferred Stock, Series H",other
MTB$J,"M&T Bank Corporation Depositary Shares each representing a 1/400th ownership interest in a share of Perpetual 7.500% Non-Cumulative Preferred Stock, Series J",other
MTB$K,"M&T Bank Corporation Depositary Shares each representing a 1/400th interest in a share of Perpetual 6.350% Non-Cumulative Preferred Stock, Series K",other
MTBA,Simplify MBS ETF,other
MTD,"Mettler-Toledo International, Inc. Common Stock",other
MTDR,Matador Resources Company Common Stock,other
MTEST,"NYSE Texas, Inc. TEST Common Stock",other
MTG,MGIC Investment Corporation Common Stock,other
MTGP,WisdomTree Mortgage Plus Bond Fund,other
MTH,Meritage Homes Corporation Common Stock,other
MTN,"Vail Resorts, Inc. Common Stock",other
MTNB,"Matinas Biopharma Holdings, Inc. Common Stock",other
MTR,Mesa Royalty Trust Common Stock,other
MTRA,Invesco International Growth Focus ETF,other
MTRN,Materion Corporation,other
MTUL,ETRACS 2x Leveraged MSCI US Momentum Factor TR ETN,other
MTUM,iShares MSCI USA Momentum Factor ETF,other
MTUS,Metallus Inc. Common Shares,other
MTW,"Manitowoc Company, Inc. (The) Common Stock",other
MTX,Minerals Technologies Inc. Common Stock,other
MTZ,"MasTec, Inc. Common Stock",other
MUA,"Blackrock MuniAssets Fund, Inc Common Stock",other
MUB,iShares National Muni Bond ETF,other
MUC,"Blackrock MuniHoldings California Quality Fund, Inc.  Common Stock",other
MUFG,"Mitsubishi UFJ Financial Group, Inc. Common Stock",other
MUJ,"Blackrock MuniHoldings New Jersey Quality Fund, Inc. Common Stock",other
MUNA,Northern Trust 2030 Tax-Exempt Distributing Ladder ETF,other
MUNB,Northern Trust 2035 Tax-Exempt Distributing Ladder ETF,other
MUNC,Northern Trust 2045 Tax-Exempt Distributing Ladder ETF,other
MUND,Northern Trust 2055 Tax-Exempt Distributing Ladder ETF,other
MUNI,PIMCO Intermediate Municipal Bond Active Exchange-Traded Fund,other
MUNX,AMG GW&K Muni Income ETF,other
MUNY,Vanguard New York Tax-Exempt Bond ETF,other
MUR,Murphy Oil Corporation Common Stock,other
MUSA,Murphy USA Inc. Common Stock,other
MUSE,TCW Multisector Credit Income ETF,other
MUSI,American Century Multisector Income ETF,other
MUSQ,MUSQ Global Music Industry Index ETF,other
MUST,Columbia Multi-Sector Municipal Income ETF,other
MUX,McEwen Inc. Common Stock,other
MVAL,VanEck Morningstar Wide Moat Value ETF,other
MVFD,Monarch Volume Factor Dividend Tree Index ETF,other
MVFG,Monarch Volume Factor Global Unconstrained Index ETF,other
MVO,MV Oil Trust Units of Beneficial Interests,other
MVPA,Miller Value Partners Appreciation ETF,other
MVPL,Miller Value Partners Leverage ETF,other
MVRL,ETRACS Monthly Pay 1.5X Leveraged Mortgage REIT ETN,other
MVV,ProShares Ultra MidCap400,other
MWA,MUELLER WATER PRODUCTS Common Stock,other
MWG,Multi Ways Holdings Limited Class A Ordinary Shares,other
MX,Magnachip Semiconductor Corporation Common Stock,other
MXC,Mexco Energy Corporation Common Stock,other
MXE,"Mexico Equity and Income Fund, Inc. (The) Common Stock",other
MXF,"Mexico Fund, Inc. (The) Common Stock",other
MXI,iShares Global Materials ETF,other
MYE,"Myers Industries, Inc. Common Stock",other
MYI,"Blackrock MuniYield Quality Fund III, Inc Common Stock",other
MYLD,Cambria Micro and SmallCap Shareholder Yield ETF,other
MYN,"Blackrock MuniYield New York Quality Fund, Inc.Common Stock",other
MYND,"Mynd.ai, Inc. American Depositary Shares",other
MYO,Myomo Inc. Common Stock,other
MYY,ProShares Short MidCap400,other
MZYX.U,"MOZAYYX Acquisition Corp. Units, each consisting of one Class A ordinary share and one-quarter of one redeemable warrant",other
MZZ,ProShares UltraShort MidCap400,other
NABL,"N-able, Inc. Common Stock",other
NAC,Nuveen California Quality Municipal Income Fund,other
NACP,Impact Shares NAACP Minority Empowerment ETF,other
NAD,Nuveen Quality Municipal Income Fund Common Stock,other
NAIL,Direxion Daily Homebuilders & Supplies Bull 3X ETF,other
NAK,"Northern Dynasty Minerals, Ltd. Common Stock",other
NAN,Nuveen New York Quality Municipal Income Fund Common Stock,other
NANC,Unusual Whales Subversive Democratic Trading ETF,other
NANR,State Street SPDR S&P North American Natural Resources ETF,other
NAPR,Innovator Growth-100 Power Buffer ETF - April,other
NAT,Nordic American Tankers Limited Common Stock,other
NATL,NCR Atleos Corporation Common Stock,other
NAUG,Innovator Growth-100 Power Buffer ETF - August,other
NAZ,Nuveen Arizona Quality Municipal Income Fund Common Stock,other
NBB,Nuveen Taxable Municipal Income Fund Common Shares of Beneficial Interest,other
NBCE,Neuberger China Equity ETF,other
NBCM,Neuberger Commodity Strategy ETF,other
NBCR,Neuberger Core Equity ETF,other
NBDS,Neuberger Disrupters ETF,other
NBET,Neuberger Energy Transition & Infrastructure ETF,other
NBFC,Neuberger Flexible Credit Income ETF,other
NBFR,Innovator Nasdaq-100 Managed 10 Buffer ETF,other
NBGX,Neuberger Growth ETF,other
NBH,Neuberger Municipal Fund Inc. Common Stock,other
NBHC,National Bank Holdings Corporation Common Stock,other
NBIE,Neuberger International Core Equity ETF,other
NBIZ,Tradr 2X Short NBIS Daily ETF,other
NBJP,Neuberger Japan Equity ETF,other
NBOS,Neuberger Option Strategy ETF,other
NBR,Nabors Industries Ltd.,other
NBSD,Neuberger Short Duration Income ETF,other
NBSM,Neuberger Small-Mid Cap ETF,other
NBTR,Neuberger Total Return Bond ETF,other
NBXG,Neuberger Next Generation Connectivity Fund Inc. Common Stock,other
NBY,"NovaBay Pharmaceuticals, Inc. Common Stock",other
NC,"NACCO Industries, Inc. Common Stock",other
NCA,Nuveen California Municipal Value Fund,other
NCDL,Nuveen Churchill Direct Lending Corp. Common Stock,other
NCL,Northann Corp. Common Stock,other
NCLH,Norwegian Cruise Line Holdings Ltd. Ordinary Shares,other
NCLO,Nuveen AA-BBB CLO ETF,other
NCV,Virtus Convertible & Income Fund Common Shares of Beneficial Interest,other
NCV$A,Virtus Convertible & Income Fund 5.625% Series A Cumulative Preferred Shares,other
NCZ,Virtus Convertible & Income Fund II Common Shares of Beneficial Interest,other
NCZ$A,Virtus Convertible & Income Fund II 5.50% Series A Cumulative Preferred Shares,other
NDEC,Innovator Growth-100 Power Buffer ETF - December,other
NDIA,Global X India Active ETF,other
NDIV,Amplify Energy & Natural Resources Covered Call ETF,other
NDMO,Nuveen Dynamic Municipal Opportunities Fund Common Shares of Beneficial Interest,other
NDOW,Anydrus Advantage ETF,other
NDVG,Nuveen Dividend Growth ETF,other
NE,Noble Corporation plc A Ordinary Shares,other
NE.A,Noble Corporation plc Tranche 2 Warrants,other
NE.W,Noble Corporation plc Tranche 1 Warrants,other
NEA,Nuveen AMT-Free Quality Municipal Income Fund Common Shares of Beneficial Interest Par Value $.01,other
NEAR,iShares Short Duration Bond Active ETF,other
NEBX,Tradr 2X Long NBIS Daily ETF,other
NEE,"NextEra Energy, Inc. Common Stock",other
NEE$N,"NextEra Energy, Inc. Series N Junior Subordinated Debentures due March 1, 2079",other
NEE$S,"NextEra Energy, Inc. 7.299% Corporate Units",other
NEE$T,"NextEra Energy, Inc. 7.234% Corporate Units",other
NEE$U,"NextEra Energy, Inc. Series U Junior Subordinated Debentures due June 1, 2085",other
NEE$V,"NextEra Energy, Inc. 7.375% Corporate Units",other
NEHI,NEOS Ethereum High Income ETF,other
NELS,Nelson Select ETF,other
NEM,Newmont Corporation,other
NEMD,Neuberger Emerging Markets Debt Hard Currency ETF,other
NEN,New England Realty Associates Limited Partnership Class A Depositary Receipts Evidencing Units of Limited Partnership,other
NERD,Roundhill Video Games ETF,other
NET,"Cloudflare, Inc. Class A Common Stock",other
NETL,Colterpoint Net Lease Real Estate ETF,other
NEU,NewMarket Corp Common Stock,other
NEWP,New Pacific Metals Corp. Common Shares,other
NEXA,Nexa Resources S.A. Common Shares,other
NFEB,Innovator Growth-100 Power Buffer ETF - February,other
NFG,National Fuel Gas Company Common Stock,other
NFGC,New Found Gold Corp Common Shares,other
NFJ,"Virtus Dividend, Interest & Premium Strategy Fund Common Shares of Beneficial Interest",other
NFLP,Kurv Yield Premium Strategy Netflix (NFLX) ETF,other
NFLT,Virtus Newfleet Multi-Sector Bond ETF,other
NFLU,T-Rex 2X Long NFLX Daily Target ETF,other
NFLW,Roundhill NFLX WeeklyPay ETF,other
NFLY,YieldMax NFLX Option Income Strategy ETF,other
NFRA,FlexShares STOXX Global Broad Infrastructure Index Fund,other
NG,Novagold Resources Inc.,other
NGG,"National Grid Transco, PLC National Grid PLC (NEW) American Depositary Shares",other
NGL,NGL ENERGY PARTNERS LP Common Units representing Limited Partner Interests,other
NGL$B,NGL ENERGY PARTNERS LP 9.00% Class B Fixed-to-Floating Rate Cumulative Redeemable Perpetual Preferred Units representing limited partnership interests,other
NGL$C,NGL ENERGY PARTNERS LP 9.625% Class C Fixed-to-Floating Rate Cumulative  Redeemable Perpetual Preferred Units representing  limited partner interests,other
NGS,"Natural Gas Services Group, Inc. Common Stock",other
NGVC,"Natural Grocers by Vitamin Cottage, Inc. Common Stock",other
NGVT,Ingevity Corporation Common Stock ,other
NHC,National HealthCare Corporation Common Stock,other
NHI,"National Health Investors, Inc. Common Stock",other
NHS,Neuberger High Yield Strategies Fund Inc. Common Stock,other
NHS.V,"Neuberger High Yield Strategies Fund Inc. Rights (expiring April 15, 2026) Rights when issued",other
NHYB,Nuveen High Yield Corporate Bond ETF,other
NHYM,Nuveen High Yield Municipal Income ETF,other
NI,NiSource Inc Common Stock,other
NIC,Nicolet Bankshares Inc. Common Stock,other
NIE,Virtus Equity & Convertible Income Fund Common Shares of Beneficial Interest,other
NIHI,NEOS MSCI EAFE High Income ETF,other
NIM,Nuveen Select Maturities Municipal Fund Common Stock,other
NIO,"NIO Inc. American depositary shares, each  representing one Class A ordinary share",other
NIQ,NIQ Global Intelligence plc Ordinary Shares,other
NITE,The Nightview Fund NITE,other
NJAN,Innovator Growth-100 Power Buffer ETF - January,other
NJNK,Columbia U.S. High Yield ETF,other
NJR,NewJersey Resources Corporation Common Stock,other
NJUL,Innovator Growth-100 Power Buffer ETF - July,other
NJUN,Innovator Growth-100 Power Buffer ETF - June,other
NKE,"Nike, Inc. Common Stock",other
NKX,Nuveen California AMT-Free Quality Municipal Income Fund,other
NL,"NL Industries, Inc. Common Stock",other
NLOP,Net Lease Office Properties Common Shares of Beneficial Interest,other
NLR,VanEck Uranium and Nuclear ETF,other
NLSI,NEOS Long/Short Equity Income ETF,other
NLY,Annaly Capital Management Inc. Common Stock,other
NLY$F,Annaly Capital Management Inc 6.95% Series F,other
NLY$G,Annaly Capital Management Inc 6.50% Series G Fixed-to-Floating Rate Cumulative Redeemable Preferred Stock,other
NLY$I,Annaly Capital Management Inc 6.750% Series I Fixed-to-Floating Rate Cumulative Redeemable Preferred Stock,other
NLY$J,Annaly Capital Management Inc. 8.875% Series J Fixed-Rate Cumulative Redeemable Preferred Stock,other
NMAI,Nuveen Multi-Asset Income Fund Common Shares of Beneficial Interest,other
NMAR,Innovator Growth-100 Power Buffer ETF - March,other
NMAX,"Newsmax, Inc. Class B Common Stock",other
NMAY,Innovator Growth-100 Power Buffer ETF - May,other
NMB,Simplify National Muni Bond ETF,other
NMBL,NovaTide Flexible Allocation ETF,other
NMCO,Nuveen Municipal Credit Opportunities Fund Common Shares,other
NMG,Nouveau Monde Graphite Inc. Common Shares,other
NMI,"Nuveen Municipal Income Fund, Inc. Common Stock",other
NML,Neuberger Energy Infrastructure and Income Fund Inc. Common Stock,other
NMM,Navios Maritime Partners LP Common Units Representing Limited Partner Interests,other
NMR,Nomura Holdings Inc ADR American Depositary Shares,other
NMS,Nuveen Minnesota Quality Municipal Income Fund ,other
NMT,Nuveen Massachusetts Quality Municipal Income Fund Common Stock,other
NMZ,"Nuveen Municipal High Income Opportunity Fund Common Stock, $0.01 par value, per share",other
NNEX,Tradr 2X Long NNE Daily ETF,other
NNI,"Nelnet, Inc. Common Stock",other
NNN,"NNN REIT, Inc. Common Stock",other
NNOV,Innovator Growth-100 Power Buffer ETF - November,other
NNVC,"NanoViricides, Inc. Common Stock",other
NNY,Nuveen New York Municipal Value Fund Common Stock,other
NOA,North American Construction Group Ltd. Common Shares (no par),other
NOAH,Noah Holdings Limited American Depositary Shares,other
NOBL,ProShares S&P 500 Dividend Aristocrats ETF,other
NOC,Northrop Grumman Corporation Common Stock,other
NOCT,Innovator Growth-100 Power Buffer ETF- October,other
NODE,VanEck Onchain Economy ETF,other
NOG,"Northern Oil and Gas, Inc. Common Stock",other
NOK,Nokia Corporation Sponsored American Depositary Shares,other
NOM,Nuveen Missouri Quality Municipal Income Fund ,other
NOMD,Nomad Foods Limited Ordinary Shares,other
NORW,Global X MSCI Norway ETF,other
NOTE,"FiscalNote Holdings, Inc. Class A common stock",other
NOTE.W,"FiscalNote Holdings, Inc. Warrants to purchase one share of Class A common stock, each at an exercise price of $11.50 per share",other
NOV,NOV Inc. Common Stock,other
NOVM,FT Vest U.S. Equity Max Buffer ETF - November,other
NOVP,PGIM S&P 500 Buffer 12 ETF - November,other
NOVZ,TrueShares Structured Outcome (November) ETF,other
NOW,"ServiceNow, Inc. Common Stock",other
NP,Neptune Insurance Holdings Inc. Class A Common Stock,other
NPB,"Northpointe Bancshares, Inc. Common Stock",other
NPCT,Nuveen Core Plus Impact Fund Common Shares of Beneficial Interest,other
NPFD,Nuveen Variable Rate Preferred & Income Fund Common Shares,other
NPFE,NPF Core Equity ETF,other
NPK,"National Presto Industries, Inc. Common Stock",other
NPKI,NPK International Inc. Common Stock,other
NPO,Enpro Inc. Common Stock,other
NPV,Nuveen Virginia Quality Municipal Income Fund Common Stock,other
NPWR,NET Power Inc. Class A Common Stock,other
NPWR.W,"NET Power Inc. Redeemable warrants, each whole warrant exercisable for one share of Class A Common Stock at an exercise price of $11.50",other
NQP,Nuveen Pennsylvania Quality Municipal Income Fund Common Stock,other
NRDY,Nerdy Inc. Class A Common Stock,other
NREF,"NexPoint Real Estate Finance, Inc. Common Stock",other
NREF$A,"NexPoint Real Estate Finance, Inc. 8.50% Series A Cumulative Redeemable Preferred Stock",other
NRG,"NRG Energy, Inc. Common Stock",other
NRGD,"MicroSectors U.S. Big Oil -3 Inverse Leveraged ETNs due February 17, 2045",other
NRGU,"MicroSectors U.S. Big Oil 3 Leveraged ETNs due February 17, 2045",other
NRGV,"Energy Vault Holdings, Inc. Common Stock",other
NRK,Nuveen New York AMT-Free Quality Municipal Income Fund ,other
NRO,Neuberger Real Estate Securities Income Fund Inc. Common Stock,other
NRP,Natural Resource Partners LP Limited Partnership,other
NRSH,Aztlan North America Nearshoring Stock Selection ETF,other
NRT,North European Oil Royality Trust Common Stock,other
NRUC,National Rural Utilities Cooperative Finance Corporation 5.500% Subordinated Notes due 2064 (Subordinated Deferrable Interest Notes),other
NRXS,"Neuraxis, Inc. Common Stock",other
NSA,National Storage Affiliates Trust Common Shares of Beneficial Interest,other
NSA$A,National Storage Affiliates Trust 6.000% Series A Cumulative Redeemable Preferred Shares of Beneficial Interest (Liquidation Preference $25.00 per share),other
NSA$B,National Storage Affiliates Trust 6.000% Series B Cumulative Redeemable Preferred Shares of Beneficial Interest,other
NSC,Norfolk Southern Corporation Common Stock,other
NSCI,Nuveen Securitized Income ETF,other
NSEP,Innovator Growth-100 Power Buffer ETF - September,other
NSP,"Insperity, Inc. Common Stock",other
NSRX,Nasus Pharma Ltd. Ordinary Shares,other
NTB,Bank of N.T. Butterfield & Son Limited (The) Voting Ordinary Shares,other
NTEST,NYSE Tick Pilot Test Sym-Control,other
NTEST.A,NYSE Tick Pilot Test Sym-G1,other
NTEST.B,NYSE Tick Pilot Test Sym-G2,other
NTEST.C,Tick Pilot Test C Common Stock,other
NTIP,"Network-1 Technologies, Inc. Common Stock",other
NTR,Nutrien Ltd. Common Shares,other
NTSD,WisdomTree Efficient U.S. Plus International Equity Fund,other
NTSE,WisdomTree Emerging Markets Efficient Core Fund,other
NTSI,WisdomTree International Efficient Core Fund,other
NTST,NetSTREIT Corp. Common Stock,other
NTSX,WisdomTree U.S. Efficient Core Fund,other
NTZ,"Natuzzi, S.p.A.",other
NU,Nu Holdings Ltd. Class A Ordinary Shares,other
NUAG,Nuveen Enhanced Yield U.S. Aggregate Bond ETF,other
NUBD,Nuveen ESG U.S. Aggregate Bond ETF,other
NUDM,Nuveen ESG International Developed Markets Equity ETF,other
NUDV,Nuveen ESG Dividend ETF,other
NUE,Nucor Corporation Common Stock,other
NUEM,Nuveen ESG Emerging Markets Equity ETF,other
NUGO,Nuveen Growth Opportunities ETF,other
NUGT,Direxion Daily Gold Miners Index Bull 2X ETF,other
NUHY,Nuveen ESG High Yield Corporate Bond ETF,other
NUKX,Nicholas Nuclear Income ETF,other
NUKZ,Range Nuclear Renaissance Index ETF,other
NULC,Nuveen ESG Large-Cap ETF,other
NULG,Nuveen ESG Large-Cap Growth ETF,other
NULV,Nuveen ESG Large-Cap Value ETF,other
NUMG,Nuveen ESG Mid-Cap Growth ETF,other
NUMI,Nuveen Municipal Income ETF,other
NUMV,Nuveen ESG Mid-Cap Value ETF,other
NURE,Nuveen Short-Term REIT ETF,other
NUS,"Nu Skin Enterprises, Inc. Common Stock",other
NUSA,Nuveen ESG 1-5 Year U.S. Aggregate Bond ETF,other
NUSC,Nuveen ESG Small-Cap ETF,other
NUV,"Nuveen Municipal Value Fund, Inc. Common Stock",other
NUVB,Nuvation Bio Inc. Class A Common Stock,other
NUW,Nuveen AMT-Free Municipal Value Fund,other
NVBT,AllianzIM U.S. Large Cap Buffer10 Nov ETF,other
NVBU,AllianzIM U.S. Equity Buffer15 Uncapped Nov ETF,other
NVBW,AllianzIM U.S. Large Cap Buffer20 Nov ETF,other
NVDB,ProShares Ultra NVDA,other
NVDO,Leverage Shares 2x Capped Accelerated NVDA Monthly ETF,other
NVDQ,T-Rex 2X Inverse NVIDIA Daily Target ETF,other
NVDW,Roundhill NVDA WeeklyPay ETF,other
NVDX,T-Rex 2X Long NVIDIA Daily Target ETF,other
NVDY,YieldMax NVDA Option Income Strategy ETF,other
NVG,Nuveen AMT-Free Municipal Credit Income Fund ,other
NVGS,Navigator Holdings Ltd. Ordinary Shares (Marshall Islands),other
NVII,REX NVDA Growth & Income ETF,other
NVIR,Horizon Kinetics Energy and Remediation ETF,other
NVIT,YieldMax NVDA Performance & Distribution Target 25 ETF,other
NVO,Novo Nordisk A/S Common Stock,other
NVOH,Novo Nordisk A/S B Shares ADRhedged,other
NVOX,Defiance Daily Target 2X Long NVO ETF,other
NVR,"NVR, Inc. Common Stock",other
NVRI,Enviri Corporation Common Stock,other
NVS,Novartis AG Common Stock,other
NVST,Envista Holdings Corporation Common Stock,other
NVT,nVent Electric plc Ordinary Shares ,other
NVTX,Tradr 2X Long NVTS Daily ETF,other
NWAX,New America Acquisition I Corp. Class A Common Stock,other
NWAX.U,"New America Acquisition I Corp. Units, each consisting of one share of Class A Common Stock and one-half of one redeemable warrant",other
NWAX.W,"New America Acquisition I Corp. Warrants, each whole warrant is exercisable to purchase one share of Class A common stock",other
NWG,"NatWest Group plc American Depositary Shares, (each representing two (2) Ordinary Shares)",other
NWLG,Nuveen Winslow Large-Cap Growth ESG ETF,other
NWN,Northwest Natural Holding Company Common Stock,other
NX,Quanex Building Products Corporation Common Stock,other
NXDR,"Nextdoor Holdings, Inc. Class A Common Stock",other
NXDT,NexPoint Diversified Real Estate Trust Common Stock,other
NXDT$A,NexPoint Diversified Real Estate Trust 5.50% Series A Cumulative Preferred Shares ($25.00 liquidation preference per share),other
NXE,Nexgen Energy Ltd. Common Shares,other
NXG,NXG NextGen Infrastructure Income Fund Common Shares of Beneficial Interest,other
NXJ,Nuveen New Jersey Qualified Municipal Fund ,other
NXP,Nuveen Select Tax Free Income Portfolio Common Stock,other
NXRT,"NexPoint Residential Trust, Inc. Common Stock",other
NXTE,AXS Green Alpha ETF,other
NXTI,Simplify Next Intangible Core Index ETF,other
NXUS,Nuveen International Aggregate Bond ETF,other
NYC,American Strategic Investment Co. Class A Common Stock,other
NYF,iShares New York Muni Bond ETF,other
NYM,AB New York Intermediate Municipal ETF,other
NYT,New York Times Company (The) Common Stock,other
NZF,Nuveen Municipal Credit Income Fund ,other
O,Realty Income Corporation Common Stock,other
OACP,OneAscent Core Plus Bond ETF,other
OAEM,OneAscent Emerging Markets ETF,other
OAIM,OneAscent International Equity ETF,other
OAK$A,"Brookfield Oaktree Holdings, LLC 6.625% Series A Preferred Units",other
OAK$B,"Brookfield Oaktree Holdings, LLC 6.550% Series B Preferred Units",other
OAKG,Oakmark Global Large Cap ETF,other
OAKI,Oakmark International Large Cap ETF,other
OAKM,Oakmark U.S. Large Cap ETF,other
OALC,OneAscent Large Cap Core ETF,other
OARK,YieldMax Innovation Option Income Strategy ETF,other
OASC,OneAscent Enhanced Small and Mid Cap ETF,other
OBDC,Blue Owl Capital Corporation Common Stock,other
OBE,Obsidian Energy Ltd. Common Shares,other
OBK,"Origin Bancorp, Inc. Common Stock",other
OBND,State Street Loomis Sayles Opportunistic Bond ETF,other
OBOR,KraneShares MSCI One Belt One Road Index ETF,other
OC,Owens Corning Inc Common Stock New,other
OCIO,ClearShares OCIO ETF,other
OCTB,Aptus October Buffer ETF,other
OCTH,Innovator Premium Income 20 Barrier ETF - October,other
OCTJ,Innovator Premium Income 30 Barrier ETF - October,other
OCTM,FT Vest U.S. Equity Max Buffer ETF - October,other
OCTP,PGIM S&P 500 Buffer 12 ETF - October,other
OCTT,AllianzIM U.S. Large Cap Buffer10 Oct ETF,other
OCTU,AllianzIM U.S. Equity Buffer15 Uncapped Oct ETF,other
OCTW,AllianzIM U.S. Large Cap Buffer20 Oct ETF,other
OCTZ,TrueShares Structured Outcome (October) ETF,other
ODC,Oil-Dri Corporation Of America Common Stock,other
ODHY,Obra Defensive High Yield ETF,other
ODV,Osisko Development Corp. Common Shares,other
OEC,Orion S.A. Common Shares,other
OEF,iShares S&P 100 Fund,other
OEFA,ALPS O'Shares International Developed Quality Dividend ETF,other
OEI,Optimized Equity Income ETF,other
OFG,OFG Bancorp Common Stock,other
OFRM,"Once Upon a Farm, PBC Common Stock",other
OGCP,"Empire State Realty OP, L.P. Series 60 Operating Partnership Units Representing Limited Partnership Interests",other
OGE,OGE Energy Corp Common Stock,other
OGEN,Oragenics Inc. Common Stock,other
OGIG,ALPS O'Shares Global Internet Giants ETF,other
OGN,Organon & Co. Common Stock ,other
OGS,"ONE Gas, Inc. Common Stock",other
OGSP,Obra High Grade Structured Products ETF,other
OHI,"Omega Healthcare Investors, Inc. Common Stock",other
OI,"O-I Glass, Inc. Common Stock",other
OIA,Invesco Municipal Income Opportunities Trust Common Stock,other
OIH,VanEck Oil Services ETF,other
OII,"Oceaneering International, Inc. Common Stock",other
OILD,MicroSectors Oil & Gas Exp. & Prod. -3x Inverse Leveraged ETN,other
OILK,ProShares K-1 Free Crude Oil ETF,other
OILT,Texas Capital Texas Oil Index ETF,other
OILU,MicroSectors Oil & Gas Exp. & Prod. 3x Leveraged ETN,other
OIS,"Oil States International, Inc. Common Stock",other
OKE,"ONEOK, Inc. Common Stock",other
OKLO,Oklo Inc. Class A common stock,other
OKLS,Defiance Daily Target 2X Short OKLO ETF,other
OLN,Olin Corporation Common Stock,other
OLP,"One Liberty Properties, Inc. Common Stock",other
OMAH,VistaShares Target 15 Berkshire Select Income ETF,other
OMC,Omnicom Group Inc. Common Stock,other
OMF,"OneMain Holdings, Inc. Common Stock",other
OMFL,Invesco Russell 1000 Dynamic Multifactor ETF,other
OMFS,Invesco Russell 2000 Dynamic Multifactor ETF,other
OND,ProShares On-Demand ETF,other
ONDL,Defiance Daily Target 2X Long ONDS ETF,other
ONDU,Tradr 2X Long ONDS Daily ETF,other
ONEH,TrueShares Equity Hedge ETF,other
ONEO,State Street SPDR Russell 1000 Momentum Focus ETF,other
ONEV,State Street SPDR Russell 1000 Low Volatility Focus ETF,other
ONEY,State Street SPDR Russell 1000 Yield Focus ETF,other
ONEZ,TrueShares Seasonality Laddered Buffered ETF,other
ONIT,Onity Group Inc. Common Stock,other
ONL,Orion Properties Inc. Common Stock,other
ONLN,ProShares Online Retail ETF,other
ONOF,Global X Adaptive U.S. Risk Management ETF,other
ONON,On Holding AG Class A Ordinary Shares,other
ONTF,"ON24, Inc. Common Stock",other
ONTO,Onto Innovation Inc. Common Stock,other
OOMA,"Ooma, Inc. Common Stock",other
OOSP,Obra Opportunistic Structured Products ETF,other
OPAD,Offerpad Solutions Inc. Class A Common Stock,other
OPER,ETF ClearShares Ultra-Short Maturity ETF,other
OPEX,Tradr 2X Long OPEN Daily ETF,other
OPFI,OppFi Inc. Class A Common Stock,other
OPFI.W,OppFi Inc. Warrants,other
OPHC,"OptimumBank Holdings, Inc. Common Stock",other
OPLN,"OPENLANE, Inc. Common Stock",other
OPP,"RiverNorth/DoubleLine Strategic Opportunity Fund, Inc. Common Stock",other
OPP$A,"RiverNorth/DoubleLine Strategic Opportunity Fund, Inc. 4.375% Series A Cumulative Preferred Stock",other
OPP$B,"RiverNorth/DoubleLine Strategic Opportunity Fund, Inc. 4.75% Series B Cumulative Preferred Stock",other
OPP$C,"RiverNorth/DoubleLine Strategic Opportunity Fund, Inc. 6.00% Series C Term Preferred Stock (Liquidation Preference $10.00 per share)",other
OPPE,WisdomTree European Opportunities Fund,other
OPTT,"Ocean Power Technologies, Inc. Common Stock",other
OPTU,"Optimum Communications, Inc. Class A common stock",other
OPY,"Oppenheimer Holdings, Inc. Class A Common Stock (DE)",other
OR,OR Royalties Inc. Common Shares,other
ORA,"Ormat Technologies, Inc. Common Stock",other
ORC,"Orchid Island Capital, Inc. Common Stock",other
ORCL,Oracle Corporation Common Stock,other
ORCL$D,"Oracle Corporation Depositary Shares, each representing a 1/2,000th interest in a sh of 6.50% Series D Mandatory Convertible Preferred Stock",other
ORI,Old Republic International Corporation Common Stock,other
ORLA,Orla Mining Ltd. Common Shares,other
ORN,"Orion Group Holdings, Inc. Common",other
ORO,Arrow Valtoro ETF,other
OSCR,"Oscar Health, Inc. Class A Common Stock",other
OSCV,Opus Small Cap Value ETF,other
OSEA,Harbor International Compounders ETF,other
OSG,"Octave Specialty Group, Inc. Common Stock",other
OSK,Oshkosh Corporation (Holding Company)Common Stock,other
OSTX,OS Therapies Incorporated Common Stock,other
OTF,Blue Owl Technology Finance Corp. Common Stock,other
OTH,Off The Hook YS Inc. Common Stock,other
OTIS,Otis Worldwide Corporation Common Stock ,other
OUNZ,VanEck Merk Gold ETF,other
OUSA,ALPS O'Shares U.S. Quality Dividend ETF,other
OUSM,ALPS O'Shares U.S. Small-Cap Quality Dividend ETF,other
OUT,OUTFRONT Media Inc. Common Stock,other
OVB,Overlay Shares Core Bond ETF,other
OVF,Overlay Shares Foreign Equity ETF,other
OVL,Overlay Shares Large Cap Equity ETF,other
OVLH,Overlay Shares Hedged Large Cap Equity ETF,other
OVM,Overlay Shares Municipal Bond ETF,other
OVS,Overlay Shares Small Cap Equity ETF,other
OVT,Overlay Shares Short Term Bond ETF,other
OVV,Ovintiv Inc. (DE),other
OWL,Blue Owl Capital Inc. Class A Common Stock,other
OWLT,"Owlet, Inc. Class A Common Stock",other
OWNB,Bitwise Bitcoin Standard Corporations ETF,other
OWNS,Quaker Investment Trust CCM Affordable Housing MBS ETF,other
OXM,"Oxford Industries, Inc. Common Stock",other
OXY,Occidental Petroleum Corporation Common Stock,other
OXY.W,Occidental Petroleum Corporation Warrants ,other
OZ,"Belpointe PREP, LLC Class A Units",other
PAAA,PGIM AAA CLO ETF,other
PAAS,Pan American Silver Corp. Common Stock,other
PAAU,T-REX 2X Long PAAS Daily Target ETF,other
PAB,PGIM Active Aggregate Bond ETF,other
PAC,"Grupo Aeroportuario Del Pacifico, S.A. B. de C.V. Grupo Aeroportuario Del Pacifico, S.A. de C.V. (each representing 10 Series B shares)",other
PACK,Ranpak Holdings Corp Class A Common Stock,other
PACS,"PACS Group, Inc. Common Stock",other
PAG,"Penske Automotive Group, Inc. Common Stock",other
PAGS,PagSeguro Digital Ltd. Class A Common Shares,other
PAI,Western Asset Investment Grade Income Fund Inc.,other
PAII,Pyrophyte Acquisition Corp. II Class A Ordinary Shares,other
PAII.U,"Pyrophyte Acquisition Corp. II Units, each consisting of one Class A ordinary share and one-half of one redeemable warrant",other
PAII.W,"Pyrophyte Acquisition Corp. II Warrants, each whole warrant exercisable for one Class A Ordinary Share at an exercise price of $11.50 per share",other
PALC,Pacer Lunt Large Cap Multi-Factor Alternator ETF,other
PALL,abrdn Physical Palladium Shares ETF,other
PAM,Pampa Energia S.A.,other
PAMC,Pacer Lunt MidCap Multi-Factor Alternator ETF,other
PAPI,Parametric Equity Premium Income ETF,other
PAPL,Pineapple Financial Inc. Common Stock,other
PAPR,Innovator U.S. Equity Power Buffer ETF - April,other
PAR,PAR Technology Corporation Common Stock,other
PARR,"Par Pacific Holdings, Inc.  Common Stock",other
PATH,"UiPath, Inc. Class A Common Stock",other
PATX,Tradr 2X Long PATH Daily ETF,other
PAUG,Innovator U.S. Equity Power Buffer ETF - August,other
PAVE,Global X U.S. Infrastructure Development ETF,other
PAWZ,ProShares Pet Care ETF,other
PAXS,PIMCO Access Income Fund Common Shares of Beneficial Interest,other
PAY,"Paymentus Holdings, Inc. Class A Common Stock",other
PAYC,"Paycom Software, Inc. Common Stock",other
PAYH,TrueShares S&P Autocallable High Income ETF,other
PAYM,TrueShares S&P Autocallable Defensive Income ETF,other
PAYR,Federated Hermes Enhanced Income ETF,other
PB,"Prosperity Bancshares, Inc. Common Stock",other
PBA,Pembina Pipeline Corp. Ordinary Shares (Canada),other
PBAP,PGIM S&P 500 Buffer 20 ETF - April,other
PBAU,PGIM S&P 500 Buffer 20 ETF - August,other
PBD,Invesco Global Clean Energy ETF,other
PBDC,Putnam BDC Income ETF,other
PBDE,PGIM S&P 500 Buffer 20 ETF - December,other
PBE,Invesco Biotechnology & Genome ETF,other
PBF,PBF Energy Inc. Class A Common Stock,other
PBFB,PGIM S&P 500 Buffer 20 ETF - February,other
PBFR,PGIM Laddered S&P 500 Buffer 20 ETF,other
PBH,Prestige Consumer Healthcare Inc. Common Stock,other
PBI,Pitney Bowes Inc. Common Stock,other
PBI$B,Pitney Bowes Inc 6.70% Notes Due 2043,other
PBJ,Invesco Food & Beverage ETF,other
PBJA,PGIM S&P 500 Buffer 20 ETF - January,other
PBJL,PGIM S&P 500 Buffer 20 ETF - July,other
PBJN,PGIM S&P 500 Buffer 20 ETF - June,other
PBL,PGIM Portfolio Ballast ETF,other
PBMR,PGIM S&P 500 Buffer 20 ETF - March,other
PBMY,PGIM S&P 500 Buffer 20 ETF - May,other
PBNV,PGIM S&P 500 Buffer 20 ETF - November,other
PBOC,PGIM S&P 500 Buffer 20 ETF - October,other
PBOT,Pictet AI & Automation ETF,other
PBP,Invesco S&P 500 BuyWrite ETF,other
PBR,Petroleo Brasileiro S.A. Petrobras ADS,other
PBR.A,Petroleo Brasileiro S.A. Petrobras American Depositary Shares representing Preferred Shares,other
PBSE,PGIM S&P 500 Buffer 20 ETF - September,other
PBT,Permian Basin Royalty Trust Common Stock,other
PBTP,Invesco 0-5 Yr US TIPS ETF,other
PBUS,Invesco MSCI USA ETF,other
PBW,Invesco WilderHill Clean Energy ETF,other
PCCE,Polen Capital China Growth ETF,other
PCEF,Invesco CEF Income Composite ETF,other
PCF,High Income Securities Fund Common Stock,other
PCFI,Polen Floating Rate Income ETF,other
PCG,Pacific Gas & Electric Co. Common Stock,other
PCG$A,Pacific Gas & Electric Co. 6% Preferred Stock,other
PCG$B,Pacific Gas & Electric Co. 5 1/2% Preferred Stock,other
PCG$C,Pacific Gas & Electric Co. 5% 1st Preferred Stock,other
PCG$D,Pacific Gas & Electric Co. 5% 1st  Red. Preferred Stock,other
PCG$E,Pacific Gas & Electric Co. 5% 1st A Preferred Stock,other
PCG$G,Pacific Gas & Electric Co. 4.80% 1st Preferred Stock,other
PCG$H,Pacific Gas & Electric Co. 4.50% 1st Preferred Stock,other
PCG$I,Pacific Gas & Electric Co. 4.36% 1st Preferred Stock,other
PCG$X,PG&E Corp 6.000% Series A Mandatory Convertible Preferred Stock,other
PCGG,Polen Capital Global Growth ETF,other
PCHI,Polen High Income ETF,other
PCI,PGIM Corporate Bond 5-10 Year ETF,other
PCIG,Polen Capital International Growth ETF,other
PCL,PGIM Corporate Bond 10+ Year ETF,other
PCLG,Polen Focus Growth ETF,other
PCLN,Pictet Cleaner Planet ETF,other
PCLO,VIRTUS SEIX AAA Private Credit CLO ETF,other
PCM,"PCM Fund, Inc. Common Stock",other
PCN,Pimco Corporate & Income Strategy Fund Common Stock,other
PCOR,"Procore Technologies, Inc. Common Stock",other
PCQ,PIMCO California Municipal Income Fund Common Stock,other
PCR,Simplify VettaFi Private Credit Strategy ETF,other
PCRB,Putnam ESG Core Bond ETF,other
PCS,PGIM Corporate Bond 0-5 Year ETF,other
PCY,Invesco Emerging Markets Sovereign Debt ETF,other
PD,"PagerDuty, Inc. Common Stock",other
PDCC,Pearl Diver Credit Company Inc. Common Stock,other
PDEC,Innovator U.S. Equity Power Buffer ETF - December,other
PDI,PIMCO Dynamic Income Fund Common Stock,other
PDM,"Piedmont Realty Trust, Inc. Class A Common Stock",other
PDN,Invesco RAFI Developed Markets ex-U.S. Small-Mid ETF,other
PDO,PIMCO Dynamic Income Opportunities Fund Common Shares of Beneficial Interest,other
PDPA,Pearl Diver Credit Company Inc. 8.00% Series A Preferred Stock Due 2029,other
PDS,Precision Drilling Corporation Common Stock,other
PDT,John Hancock Premium Dividend Fund,other
PDX,PIMCO Dynamic Income Strategy Fund Common Shares of Beneficial Interest,other
PEB,Pebblebrook Hotel Trust Common Shares of Beneficial Interest,other
PEB$E,Pebblebrook Hotel Trust 6.375% Series E Cumulative Redeemable Preferred Shares of Beneficial Interest,other
PEB$F,Pebblebrook Hotel Trust 6.3% Series F Cumulative Redeemable Preferred Shares of Beneficial Interest,other
PEB$G,Pebblebrook Hotel Trust 6.375% Series G Cumulative Redeemable Preferred Shares of Beneficial Interest,other
PEB$H,Pebblebrook Hotel Trust 5.700% Series H Cumulative Redeemable Preferred Shares of Beneficial Interest,other
PED,Pedevco Corp. Common Stock,other
PEG,Public Service Enterprise Group Incorporated Common Stock,other
PEJ,Invesco Leisure and Entertainment ETF,other
PEMX,Putnam Emerging Markets ex-China ETF,other
PEN,"Penumbra, Inc. Common Stock",other
PEO,"Adams Natural Resources Fund, Inc. Common Stock",other
PERF,Perfect Corp. Class A Ordinary Share,other
PERF.W,"Perfect Corp. Warrants, each exercisable for one Class A Ordinary Share at a price of $11.50 per share",other
PEVC,Pacer PE/VC ETF,other
PEW,GrabAGun Digital Holdings Inc. Common Stock,other
PEW.W,"GrabAGun Digital Holdings Inc. Warrants, each whole warrant exercisable to purchase one share of Common Stock at an exercise price of $11.50 per share",other
PEX,ProShares Global Listed Private Equity ETF,other
PEXL,Pacer US Export Leaders ETF,other
PFD,Flaherty & Crumrine Preferred and Income Fund Incorporated,other
PFE,"Pfizer, Inc. Common Stock",other
PFEB,Innovator U.S. Equity Power Buffer ETF - February,other
PFFA,Virtus InfraCap U.S. Preferred Stock ETF,other
PFFD,Global X U.S. Preferred ETF,other
PFFL,"ETRACS 2xMonthly Pay Leveraged Preferred Stock Index ETN due September 25, 2048",other
PFFR,InfraCap REIT Preferred ETF,other
PFFV,Global X Variable Rate Preferred ETF,other
PFGC,Performance Food Group Company Common Stock,other
PFH,"Prudential Financial, Inc. 4.125% Junior Subordinated Notes due 2060",other
PFIG,Invesco Fundamental Investment Grade Corporate Bond  ETF,other
PFIX,Simplify Interest Rate Hedge ETF,other
PFL,PIMCO Income Strategy Fund Shares of Beneficial Interest,other
PFLD,AAM Low Duration Preferred and Income Securities ETF,other
PFLT,PennantPark Floating Rate Capital Ltd. Common Stock,other
PFN,PIMCO Income Strategy Fund II,other
PFO,Flaherty & Crumrine Preferred and Income Opportunity Fund Incorporated,other
PFRL,PGIM Floating Rate Income ETF,other
PFS,"Provident Financial Services, Inc Common Stock",other
PFSI,"PennyMac Financial Services, Inc. Common Stock",other
PFUT,Putnam Sustainable Future ETF,other
PFXF,VanEck Preferred Securities ex Financials ETF,other
PG,Procter & Gamble Company (The) Common Stock,other
PGF,Invesco Financial Preferred ETF,other
PGHY,Invesco Global ex-US High Yield Corporate Bond ETF,other
PGP,Pimco Global StocksPlus & Income Fund Common Shares of Beneficial Interest,other
PGR,Progressive Corporation (The) Common Stock,other
PGRI,Putnam International Stock ETF,other
PGRO,Putnam Focused Large Cap Growth ETF,other
PGX,Invesco Preferred ETF,other
PGZ,Principal Real Estate Income Fund Common Shares of Beneficial Interest,other
PH,Parker-Hannifin Corporation Common Stock,other
PHDG,Invesco S&P 500 Downside Hedged ETF,other
PHEQ,Parametric Hedged Equity ETF,other
PHG,Koninklijke Philips N.V. NY Registry Shares,other
PHGE,BiomX Inc. COmmon Stock,other
PHI,PLDT Inc. Sponsored ADR,other
PHIN,PHINIA Inc. Common Stock,other
PHK,Pimco High Income Fund,other
PHM,"PulteGroup, Inc. Common Stock",other
PHR,"Phreesia, Inc. Common Stock",other
PHXE$,"Phoenix Energy One, LLC Series A Cumulative Redeemable Preferred Shares",other
PHYD,Putnam ESG High Yield ETF,other
PHYL,PGIM Active High Yield Bond ETF,other
PHYS,Sprott Physical Gold Trust ETV,other
PICB,Invesco International Corporate Bond ETF,other
PICK,iShares MSCI Global Select Metals & Mining Producers Fund,other
PIEL,Pacer International Export Leaders ETF,other
PIEQ,Principal International Equity ETF,other
PIFI,ClearShares Piton Intermediate Fixed Income ETF,other
PII,Polaris Inc. Common Stock,other
PILL,Direxion Daily Pharmaceutical & Medical Bull 3X ETF,other
PIM,Putnam Master Intermediate Income Trust Common Stock,other
PINE,"Alpine Income Property Trust, Inc. Common Stock",other
PINE$A,"Alpine Income Property Trust, Inc. 8.00% Series A Cumulative Redeemable Preferred Stock",other
PINK,Simplify Health Care ETF,other
PINS,"Pinterest, Inc. Class A Common Stock",other
PIPE,Invesco SteelPath MLP & Energy Infrastructure ETF,other
PIPR,Piper Sandler Companies Common Stock,other
PIT,VanEck Commodity Strategy ETF,other
PJAN,Innovator U.S. Equity Power Buffer ETF - January,other
PJBF,PGIM Jennison Better Future ETF,other
PJFG,PGIM Jennison Focused Growth ETF,other
PJFM,PGIM Jennison Focused Mid-Cap ETF,other
PJFV,PGIM Jennison Focused Value ETF,other
PJIO,PGIM Jennison International Opportunities ETF,other
PJP,Invesco Pharmaceuticals ETF,other
PJT,PJT Partners Inc. Class A Common Stock,other
PJUL,Innovator U.S. Equity Power Buffer ETF - July,other
PJUN,Innovator U.S. Equity Power Buffer ETF - June,other
PK,Park Hotels & Resorts Inc. Common Stock ,other
PKB,Invesco Building & Construction ETF,other
PKE,Park Aerospace Corp. Common Stock,other
PKG,Packaging Corporation of America Common Stock,other
PKST,Peakstone Realty Trust Common Shares,other
PKX,POSCO HOLDINGS INC. American Depositary Shares (Each representing 1/4th of a share of Common Stock),other
PL,Planet Labs PBC Class A Common Stock,other
PL.W,"Planet Labs PBC Redeemable warrants, each whole warrant exercisable for one share of Class A common stock, each at an exercise price of $11.50 per share",other
PLAG,Planet Green Holdings Corp. Common Stock,other
PLD,"Prologis, Inc. Common Stock",other
PLDR,Putnam Sustainable Leaders ETF,other
PLG,Platinum Group Metals Ltd. Ordinary Shares (Canada),other
PLGI,PL Growth and Income ETF,other
PLNT,"Planet Fitness, Inc. Common Stock",other
PLOO,Leverage Shares 2x Capped Accelerated PLTR Monthly ETF,other
PLOW,"Douglas Dynamics, Inc. Common Stock",other
PLTA,ProShares Ultra PLTR,other
PLTI,REX PLTR Growth & Income ETF,other
PLTM,GraniteShares Platinum Shares ETF,other
PLTW,Roundhill PLTR WeeklyPay ETF,other
PLTY,YieldMax PLTR Option Income Strategy ETF,other
PLU,Defiance Daily Target 2x Long PL ETF,other
PLX,"Protalix BioTherapeutics, Inc. (DE) Common Stock",other
PM,Philip Morris International Inc Common Stock,other
PMAP,PGIM S&P 500 Max Buffer ETF - April,other
PMAR,Innovator U.S. Equity Power Buffer ETF - March,other
PMAU,PGIM S&P 500 Max Buffer ETF - August,other
PMAY,Innovator U.S. Equity Power Buffer ETF - May,other
PMDE,PGIM S&P 500 Max Buffer ETF - December,other
PMFB,PGIM S&P 500 Max Buffer ETF - February,other
PMI,"Picard Medical, Inc. Common Stock",other
PMIO,PGIM Municipal Income Opportunities ETF,other
PMJA,PGIM S&P 500 Max Buffer ETF - January,other
PMJL,PGIM S&P 500 Max Buffer ETF - July,other
PMJN,PGIM S&P 500 Max Buffer ETF - June,other
PML,Pimco Municipal Income Fund II Common Shares of Beneficial Interest,other
PMM,Putnam Managed Municipal Income Trust Common Stock,other
PMMF,iShares Prime Money Market ETF,other
PMMR,PGIM S&P 500 Max Buffer ETF - March,other
PMMY,PGIM S&P 500 Max Buffer ETF - May,other
PMNT,Perfect Moment Ltd. Common Stock,other
PMNV,PGIM S&P 500 Max Buffer ETF - November,other
PMO,Putnam Municipal Opportunities Trust Common Stock,other
PMOC,PGIM S&P 500 Max Buffer ETF - October,other
PMSE,PGIM S&P 500 Max Buffer ETF - September,other
PMT,PennyMac Mortgage Investment Trust Common Shares of Beneficial Interest,other
PMT$A,PennyMac Mortgage Investment Trust 8.125% Series A Fixed-to-Floating Rate Cumulative Redeemable Preferred Shares of Beneficial Interest,other
PMT$B,PennyMac Mortgage Investment Trust 8.00% Series B Fixed-to-Floating Rate Cumulative Redeemable Preferred Shares of Beneficial Interest,other
PMT$C,PennyMac Mortgage Investment Trust 6.75% Series C Cumulative Redeemable Preferred Shares of Beneficial Interest,other
PMTU,PennyMac Mortgage Investment Trust 8.50% Senior Notes due 2028,other
PMTV,PennyMac Mortgage Investment Trust 9.00% Senior Notes due 2030,other
PMTW,PennyMac Mortgage Investment Trust 9.00% Senior Notes due 2030,other
PNC,"PNC Financial Services Group, Inc. (The) Common Stock",other
PNFP,"Pinnacle Financial Partners, Inc. Common stock",other
PNFP$A,"Pinnacle Financial Partners, Inc. Fixed-to-Floating Rate Non-Cumulative Perpetual Preferred Stock, Series A",other
PNFP$B,"Pinnacle Financial Partners, Inc. Fixed-to-Floating Rate Non-Cumulative Perpetual Preferred Stock, Series B",other
PNFP$C,"Pinnacle Financial Partners, Inc. Fixed-to-Floating Rate Non-Cumulative Perpetual Preferred Stock, Series C",other
PNI,Pimco New York Municipal Income Fund II Common Shares of Beneficial Interest,other
PNNT,PennantPark Investment Corporation Common Stock,other
PNOV,Innovator U.S. Equity Power Buffer ETF - November,other
PNR,Pentair plc. Ordinary Share,other
PNW,Pinnacle West Capital Corporation Common Stock,other
POAS,Phaos Technology Holdings (Cayman) Limited Class A Ordinary Shares,other
POCT,Innovator U.S. Equity Power Buffer ETF - October,other
PONX,Tradr 2X Long PONY Daily ETF,other
POR,Portland General Electric Co Common Stock,other
POST,"Post Holdings, Inc. Common Stock",other
POW,VistaShares Electrification Supercycle ETF,other
POWA,Invesco Bloomberg Pricing Power ETF,other
POWR,iShares U.S. Power Infrastructure ETF,other
PPA,Invesco Aerospace & Defense ETF,other
PPEM,Putnam PanAgora ESG Emerging Markets Equity ETF,other
PPG,"PPG Industries, Inc. Common Stock",other
PPIE,Putnam PanAgora ESG International Equity ETF,other
PPL,PPL Corporation Common Stock,other
PPLC,PPL Corporation Corporate Units,other
PPLT,abrdn Physical Platinum Shares ETF,other
PPT,Putnam Premier Income Trust Common Stock,other
PPTY,U.S. Diversified Real Estate ETF,other
PQDI,Principal Spectrum Preferred and Income ETF,other
PQNT,Pictet AI Enhanced International Equity ETF,other
PQUS,Pictet AI Enhanced US Equity ETF,other
PR,Permian Resources Corporation Class A Common Stock,other
PRA,ProAssurance Corporation Common Stock,other
PRAB,State Street IG Public & Private ABS ETF,other
PRAE,PlanRock Alternative Growth ETF,other
PRAY,FIS Christian Stock Fund,other
PRCS,Parnassus Core Select ETF,other
PREF,Principal Spectrum Preferred Securities Active ETF,other
PRF,Invesco RAFI US 1000 ETF,other
PRFD,PIMCO Preferred and Capital Securities Active Exchange-Traded Fund,other
PRG,"PROG Holdings, Inc. Common Stock",other
PRGO,Perrigo Company plc Ordinary Shares,other
PRH,"Prudential Financial, Inc. 5.950% Junior Subordinated Notes due 2062",other
PRI,"Primerica, Inc. Common Stock",other
PRIF$D,"Priority Income Fund, Inc. 7.00% Series D Term Preferred Stock due 2029",other
PRIF$J,"Priority Income Fund, Inc. 6.000% Series J Term Preferred Stock due 2028",other
PRIF$K,"Priority Income Fund, Inc. 7.000% Series K Cumulative Preferred Stock",other
PRIF$L,"Priority Income Fund, Inc. 6.375% Series L Term Preferred Stock Due 2029",other
PRIM,Primoris Services Corporation Common Stock,other
PRIV,State Street IG Public & Private Credit ETF,other
PRK,Park National Corporation Common Stock,other
PRKS,United Parks & Resorts Inc. Common Stock,other
PRLB,"Proto Labs, Inc. Common stock",other
PRM,"Perimeter Solutions, SA Common Stock",other
PRMB,Primo Brands Corporation Class A Common Stock,other
PRNT,3D Printing (The) ETF,other
PRS,"Prudential Financial, Inc. 5.625% Junior Subordinated Notes due 2058",other
PRSD,State Street Short Duration IG Public & Private Credit ETF,other
PRSU,"Pursuit Attractions and Hospitality, Inc. Common Stock",other
PRT,PermRock Royalty Trust Units of Beneficial Interest,other
PRU,"Prudential Financial, Inc. Common Stock",other
PRVS,Parnassus Value Select ETF,other
PRXG,Praxis Impact Large Cap Growth ETF,other
PRXV,Praxis Impact Large Cap Value ETF,other
PSA,Public Storage Common Stock,other
PSA$F,"Public Storage Depositary Shares Each Representing 1/1,000 of a 5.15% Cumulative Preferred Share of Beneficial Interest, Series F, par value $0.01 per share",other
PSA$G,"Public Storage Depositary Shares, Each Representing 1/1,000 of a 5.05% Cumulative Preferred Share of Beneficial Interest, Series G",other
PSA$H,"Public Storage Depositary Shares Each Representing 1/1,000 of a  5.60% Cumulative Preferred  Share of Beneficial Interest, Series H",other
PSA$I,"Public Storage Depositary Shares Each Representing 1/1,000 of a 4.875% Cumulative Preferred Share of Beneficial Interest, Series I, par value $0.01 per share",other
PSA$J,"Public Storage Depositary Shares Each Representing 1/1,000 of a 4.700% Cumulative Preferred Share of Beneficial Interest, Series J, par value $0.01 per share",other
PSA$K,"Public Storage Depositary Shares Each Representing 1/1,000 of a 4.75% Cumulative Preferred Share of Beneficial Interest, Series K",other
PSA$L,"Public Storage Depositary Shares Each Representing 1/1,000 of a 4.625% Cumulative Preferred Share of Beneficial Interest, Series L, par value $0.01 per share",other
PSA$M,"Public Storage Depositary Shares Each Representing 1/1,000 of a 4.125% Cumulative Preferred Share of Beneficial Interest, Series M",other
PSA$N,"Public Storage Depositary Shares Each Representing 1/1,000 of a 3.875% Cumulative Preferred Share of Beneficial Interest, Series N",other
PSA$O,"Public Storage Depositary Shares Each Representing 1/1,000 of a 3.900% Cumulative Preferred Share of Beneficial Interest, Series O",other
PSA$P,"Public Storage Depositary Shares Each Representing 1/1,000 of a 4.000% Cumulative Preferred Share of Bene cial Interest, Series P",other
PSA$Q,"Public Storage Depositary Shares Each Representing 1/1,000 of a 3.950% Cumulative Preferred Share of Beneficial Interest, Series Q, par value $0.01 per share",other
PSA$R,"Public Storage Depositary Shares Each Representing 1/1,000 of a 4.00% Cumulative Preferred Share of Bene cial Interest, Series R",other
PSA$S,"Public Storage Depositary Shares Each Representing 1/1,000 of a 4.100% Cumulative Preferred Share of Beneficial Interest, Series S",other
PSBD,Palmer Square Capital BDC Inc. Common Stock,other
PSCJ,Pacer Swan SOS Conservative (July) ETF,other
PSCQ,Pacer Swan SOS Conservative (October) ETF,other
PSCW,Pacer Swan SOS Conservative (April) ETF,other
PSCX,Pacer Swan SOS Conservative (January) ETF,other
PSDM,PGIM Short Duration Multi-Sector Bond ETF,other
PSEC$A,Prospect Capital Corporation 5.35% Series A Fixed Rate Cumulative Perpetual Preferred Stock,other
PSEP,Innovator U.S. Equity Power Buffer ETF - September,other
PSF,"Cohen & Steers Select Preferred and Income Fund, Inc. Common Stock",other
PSFD,Pacer Swan SOS Flex (January) ETF,other
PSFE,Paysafe Limited Common Shares,other
PSFF,Pacer Swan SOS Fund of Funds ETF,other
PSFJ,Pacer Swan SOS Flex (July) ETF,other
PSFM,Pacer Swan SOS Flex (April) ETF,other
PSFO,Pacer Swan SOS Flex (October) ETF,other
PSH,PGIM Short Duration High Yield ETF,other
PSI,Invesco Semiconductors ETF,other
PSIL,AdvisorShares Psychedelics ETF,other
PSK,State Street SPDR ICE Preferred Securities ETF,other
PSLV,Sprott Physical Silver Trust ETV,other
PSMD,Pacer Swan SOS Moderate (January) ETF,other
PSMJ,Pacer Swan SOS Moderate (July) ETF,other
PSMO,Pacer Swan SOS Moderate (October) ETF,other
PSMR,Pacer Swan SOS Moderate (April) ETF,other
PSN,Parsons Corporation Common Stock,other
PSO,"Pearson, Plc Common Stock",other
PSP,Invesco Global Listed Private Equity ETF,other
PSQ,ProShares Short QQQ,other
PSQA,Palmer Square CLO Senior Debt ETF,other
PSQH,"PSQ Holdings, Inc. Class A Common Stock",other
PSQH.W,"PSQ Holdings, Inc. Warrants, each exercisable for one share of Class A common stock at an exercise price of $11.50 per share",other
PSQO,Palmer Square Credit Opportunities ETF,other
PSR,Invesco Active U.S. Real Estate Fund,other
PST,ProShares UltraShort Lehman 7-10 Year Treasury,other
PSTG,"Everpure, Inc. Class A common stock",other
PSTL,"Postal Realty Trust, Inc. Class A Common Stock",other
PSTP,Innovator Power Buffer Step-Up Strategy ETF,other
PSX,Phillips 66 Common Stock,other
PTA,Cohen & Steers Tax-Advantaged Preferred Securities and Income Fund Common Shares of Beneficial Interest,other
PTBD,Pacer Trendpilot US Bond ETF,other
PTEU,Pacer TrendpilotTM European Index ETF,other
PTHS,Pelthos Therapeutics Inc. Common Stock,other
PTIN,Pacer Trendpilot International ETF,other
PTL,Inspire 500 ETF,other
PTLC,Pacer Trendpilot US Large Cap ETF,other
PTMC,Pacer Trendpilot US Mid Cap ETF,other
PTN,"Palatin Technologies, Inc. Common Stock",other
PTRB,PGIM Total Return Bond ETF,other
PTY,Pimco Corporate & Income Opportunity Fund,other
PUK,Prudential Public Limited Company Common Stock,other
PULS,PGIM Ultra Short Bond ETF,other
PULT,Putnam ESG Ultra Short ETF,other
PUMP,ProPetro Holding Corp. Common Stock,other
PUSH,PGIM Ultra Short Municipal Bond ETF,other
PVAL,Putnam Focused Large Cap Value ETF,other
PVEX,TrueShares ConVex Protect ETF,other
PVH,PVH Corp. Common Stock,other
PVI,Invesco Floating Rate Municipal Income ETF,other
PVL,Permianville Royalty Trust Units of Beneficial Interest,other
PW,Power REIT (MD) Common Stock,other
PW$A,Power REIT 7.75% Series A Cumulative Perpetual Preferred Stock,other
PWB,Invesco Large Cap Growth ETF,other
PWER,Nomura Energy Transition ETF,other
PWR,"Quanta Services, Inc. Common Stock",other
PWS,Pacer WealthShield ETF,other
PWV,Invesco Large Cap Value ETF,other
PWZ,Invesco California AMT-Free Municipal Bond Portfolio,other
PXE,Invesco Energy Exploration & Production ETF,other
PXED,"Phoenix Education Partners, Inc. Common Stock",other
PXF,Invesco RAFI Developed Markets ex-U.S. ETF,other
PXH,Invesco RAFI Emerging Markets ETF,other
PXJ,Invesco Oil & Gas Services ETF,other
PYLD,PIMCO Multisector Bond Active Exchange-Traded Fund,other
PYPY,YieldMax PYPL Option Income Strategy ETF,other
PYT,PPlus Tr GSC-2 Tr Ctf Fltg Rate,other
PZA,Invesco National AMT-Free Municipal Bond ETFo,other
PZG,Paramount Gold Nevada Corp. Common Stock,other
PZT,Invesco New York AMT-Free Municipal Bond ETF,other
Q,"Qnity Electronics, Inc. Common Stock",other
QAI,NYLI Hedge Multi-Strategy Tracker ETF,other
QARP,Xtrackers Russell 1000 US Quality at a Reasonable Price ETF ETF,other
QBER,TrueShares Quarterly Bear Hedge ETF,other
QBF,Innovator Uncapped Bitcoin 20 Floor ETF - Quarterly,other
QBSF,AllianzIM U.S. Equity Buffer15 ETF,other
QBTS,D-Wave Quantum Inc. Common Shares,other
QBTX,Tradr 2X Long QBTS Daily ETF,other
QBUL,TrueShares Quarterly Bull Hedge ETF,other
QCAP,FT Vest Nasdaq-100 Conservative Buffer ETF - April,other
QCJA,FT Vest Nasdaq-100 Conservative Buffer ETF - January,other
QCJL,FT Vest Nasdaq-100 Conservative Buffer ETF - July,other
QCOC,FT Vest Nasdaq-100 Conservative Buffer ETF - October,other
QDEC,FT Vest Nasdaq-100 Buffer ETF - December,other
QDEF,FlexShares Quality Dividend Defensive Index Fund,other
QDF,FlexShares Quality Dividend Index Fund,other
QDIV,Global X S&P 500 Quality Dividend ETF,other
QDPL,Pacer Metaurus US Large Cap Dividend Multiplier 400 ETF,other
QDTE,Roundhill Innovation-100 0DTE Covered Call Strategy ETF,other
QDVO,Amplify CWP Growth & Income ETF,other
QEFA,State Street SPDR MSCI EAFE StrategicFactors ETF,other
QEMM,State Street SPDR MSCI Emerging Markets StrategicFactors ETF,other
QETH,Invesco Galaxy Ethereum ETF,other
QFHD,Pacer S&P 500 Quality FCF High Dividend ETF,other
QFLR,Innovator Nasdaq-100 Managed Floor ETF,other
QFRD,Pacer S&P 500 Quality FCF R&D Leaders,other
QGEN,Qiagen N.V. Common Shares,other
QGRO,American Century U.S. Quality Growth ETF,other
QGRW,WisdomTree U.S. Quality Growth Fund,other
QHY,WisdomTree U.S. High Yield Corporate Bond Fund,other
QID,ProShares UltraShort QQQ,other
QIDX,Indexperts Quality Earnings Focused ETF,other
QIG,WisdomTree U.S. Corporate Bond Fund,other
QINT,American Century Quality Diversified International ETF,other
QIS,Simplify Multi-QIS Alternative ETF,other
QJUN,FT Vest Nasdaq-100 Buffer ETF - June,other
QLC,FlexShares US Quality Large Cap Index Fund,other
QLD,ProShares Ultra QQQ,other
QLTA,iShares Aaa A Rated Corporate Bond ETF,other
QLTI,GMO International Quality ETF,other
QLTY,GMO U.S. Quality ETF,other
QLV,FlexShares US Quality Low Volatility Index Fund,other
QLVD,FlexShares Developed Markets ex-US Quality Low Volatility Index Fund,other
QLVE,FlexShares Emerging Markets  Quality Low Volatility Index Fund,other
QMAG,FT Vest Nasdaq-100 Moderate Buffer ETF - August,other
QMAR,FT Vest Nasdaq-100 Buffer ETF - March,other
QMFE,FT Vest Nasdaq-100 Moderate Buffer ETF - February,other
QMMY,FT Vest Nasdaq-100 Moderate Buffer ETF - May,other
QMNV,FT Vest Nasdaq-100 Moderate Buffer ETF - November,other
QNC,Quantum eMotion Corp. Common Shares,other
QPX,AdvisorShares Q Dynamic Growth ETF,other
QQH,HCM Defender 100 Index ETF,other
QQQD,Direxion Daily Magnificent 7 Bear 1X ETF,other
QQQU,Direxion Daily Magnificent 7 Bull 2X ETF,other
QRFT,QRAFT AI-Enhanced U.S. Large Cap ETF,other
QSIG,WisdomTree U.S. Short Term Corporate Bond Fund,other
QSOL,Invesco Galaxy Solana ETF,other
QSPT,FT Vest Nasdaq-100 Buffer ETF - September,other
QSR,Restaurant Brands International Inc. Common Shares,other
QSU,Defiance Daily Target 2X Long QS ETF,other
QTAC,Q3 All-Season Tactical Advantage ETF,other
QTAP,Innovator Growth Accelerated Plus ETF - April,other
QTJA,Innovator Growth Accelerated Plus ETF - January,other
QTJL,Innovator Growth Accelerated Plus ETF - July,other
QTOC,Innovator Growth Accelerated Plus ETF - October,other
QTPI,North Square RCIM Tax-Advantaged Preferred and Income Securities ETF,other
QTWO,"Q2 Holdings, Inc. Common Stock",other
QUAD,"Quad Graphics, Inc Class A Common Stock",other
QUAL,iShares MSCI USA Quality Factor ETF,other
QUBX,Tradr 2X Long QUBT Daily ETF,other
QUIZ,Zacks Quality International ETF,other
QULL,ETRACS 2x Leveraged MSCI US Quality Factor TR ETN,other
QUS,State Street SPDR MSCI USA StrategicFactors ETF,other
QUSA,VistaShares Target 15 USA Quality Income ETF,other
QUVU,Hartford Quality Value ETF,other
QVCC,"QVC, Inc. 6.250% Senior Secured Notes due 2068",other
QVCD,"QVC, Inc. 6.375% Senior Secured Notes due 2067",other
QVML,Invesco S&P 500 QVM Multi-factor ETF,other
QVMM,Invesco S&P MidCap 400 QVM Multi-factor ETF,other
QVMS,Invesco S&P SmallCap 600 QVM Multi-factor ETF,other
QVMT,Invesco S&P 500 Concentrated QVM ETF,other
QVOY,Q3 All-Season Active Rotation ETF Q3 All-Season Active Rotation ETF,other
QWLD,State Street SPDR MSCI World StrategicFactors ETF,other
QXAS,Quantify 2X Daily Alt Season Crypto ETF,other
QXO,"QXO, Inc. Common Stock",other
QXO$B,"QXO, Inc.  Depositary Shares, each representing a 1/20th interest in a share of 5.50% Series B Mandatory Convertible Preferred Stock",other
R,"Ryder System, Inc. Common Stock",other
RA,Brookfield Real Assets Income Fund Inc. Common Stock,other
RAAA,Reckoner Yield Enhanced AAA CLO ETF,other
RAAR,Reckoner Yield Enhanced AAA CLO Reinvesting ETF,other
RAAX,VanEck Real Assets ETF,other
RAAY,Reckoner Yield Enhanced AAA CLO Annual ETF,other
RAC,Rithm Acquisition Corp. Class A Ordinary Shares,other
RAC.U,Rithm Acquisition Corp. Units (each consists of one Class A Ordinary Share and one-third of one redeemable Warrant),other
RAC.W,"Rithm Acquisition Corp. Redeemable warrants, each whole warrant exercisable for one Class A ordinary share at an exercise price of $11.50",other
RACE,Ferrari N.V. Common Shares,other
RAFE,PIMCO RAFI ESG U.S. ETF,other
RAL,Ralliant Corporation Common Stock,other
RAMP,"LiveRamp Holdings, Inc. Common Stock",other
RAVI,FlexShares Ultra-Short Income Fund,other
RAYJ,Rayliant SMDAM Japan Equity ETF,other
RB,ProShares Russell 2000 Dynamic Buffer ETF,other
RBA,"RB Global, Inc. Common Stock",other
RBC,RBC Bearings Incorporated Common Stock,other
RBLD,First Trust Alerian US NextGen Infrastructure ETF,other
RBLU,T-REX 2X Long RBLX Daily Target ETF,other
RBLX,Roblox Corporation Class A Common Stock,other
RBLY,YieldMax RBLX Option Income Strategy ETF,other
RBRK,"Rubrik, Inc. Class A Common Stock",other
RBUF,Innovator U.S. Small Cap 10 Buffer ETF - Quarterly,other
RC,Ready Capital Corporation Common Stock,other
RC$C,Ready Capital Corporation 6.25% Series C Cumulative Convertible Preferred Stock,other
RC$E,Ready Capital Corporation 6.50% Series E Cumulative Redeemable Preferred Stock,other
RCB,Ready Capital Corporation 6.20% Senior Notes due 2026,other
RCD,Ready Capital Corporation 9.00% Senior Notes due 2029,other
RCG,"RENN Fund, Inc Common Stock",other
RCI,"Rogers Communication, Inc. Common Stock",other
RCL,Royal Caribbean Cruises Ltd. Common Stock,other
RCLO,Reckoner BBB-B CLO ETF,other
RCLR,Reckoner BBB-B CLO Reinvesting ETF,other
RCLY,Reckoner BBB-B CLO Annual ETF,other
RCS,"PIMCO Strategic Income Fund, Inc.",other
RCTR,First Trust Bloomberg Nuclear Power ETF,other
RCUS,"Arcus Biosciences, Inc. Common Stock",other
RDDT,"Reddit, Inc. Class A Common Stock",other
RDFI,Rareview Dynamic Fixed Income ETF,other
RDIV,Invesco S&P Ultra Dividend Revenue ETF,other
RDN,Radian Group Inc. Common Stock,other
RDOG,ALPS REIT Dividend Dogs ETF,other
RDTE,Roundhill Russell 2000 0DTE Covered Call Strategy ETF,other
RDVI,FT Vest Rising Dividend Achievers Target Income ETF,other
RDW,Redwire Corporation Common Stock,other
RDWU,T-REX 2X Long RDW Daily Target ETF,other
RDY,Dr. Reddy's Laboratories Ltd Common Stock,other
RDYY,YieldMax RDDT Option Income Strategy ETF,other
RECS,Columbia Research Enhanced Core ETF,other
REED,"Reed's, Inc. Common Stock",other
REET,iShares Global REIT ETF,other
REFA,Columbia Research Enhanced International Equity ETF,other
REGL,ProShares S&P MidCap 400 Dividend Aristocrats ETF,other
REGS,Columbia Large Cap Growth ETF,other
REI,"Ring Energy, Inc. Common Stock",other
REK,ProShares Short Real Estate,other
REKT,Direxion Daily Crypto Industry Bear 1X ETF,other
RELX,RELX PLC PLC American Depositary Shares (Each representing One Ordinary Share),other
REM,iShares Mortgage Real Estate ETF,other
REMC,Columbia Research Enhanced Mid Cap ETF,other
REMX,VanEck Rare Earth and Strategic Metals ETF,other
REPX,"Riley Exploration Permian, Inc. Common Stock",other
RERE,ATRenew Inc. American Depositary Shares (every three of which representing two Class A ordinary shares),other
RES,"RPC, Inc. Common Stock",other
RESM,Columbia Research Enhanced Small Cap ETF,other
RETL,Direxion Daily Retail Bull 3X ETF,other
REVS,Columbia Research Enhanced Value ETF,other
REW,ProShares UltraShort Technology,other
REX,REX American Resources Corporation,other
REXR,"Rexford Industrial Realty, Inc. Common Stock",other
REXR$B,"Rexford Industrial Realty, Inc. 5.875% Series B Cumulative Redeemable Preferred Stock",other
REXR$C,"Rexford Industrial Realty, Inc. 5.625% Series C Cumulative Redeemable Preferred Stock, par value $0.01 per share",other
REZ,iShares Residential and Multisector Real Estate ETF,other
REZI,"Resideo Technologies, Inc. Common Stock ",other
RF,Regions Financial Corporation Common Stock,other
RF$C,"Regions Financial Corporation Depositary Shares, each Representing a 1/40th Interest in a  Share of 5.700% Fixed-to-Floating Rate Non-Cumulative  Perpetual Preferred Stock, Series C",other
RF$E,"Regions Financial Corporation Depositary Shares, Each Representing a 1/40th Interest in a Share of 4.45% Non-Cumulative Perpetual Preferred Stock, Series E",other
RF$F,"Regions Financial Corporation Depositary Shares Each Representing a 1/40th Interest in a Share of Non-Cumulative Perpetual Preferred Stock, Series F",other
RFCI,RiverFront Dynamic Core Income ETF,other
RFDA,RiverFront Dynamic US Dividend Advantage ETF,other
RFFC,ALPS Active Equity Opportunity ETF,other
RFG,Invesco S&P MidCap 400 Pure Growth ETF,other
RFI,"Cohen & Steers Total Return Realty Fund, Inc. Common Stock",other
RFIX,Simplify Bond Bull ETF,other
RFL,"Rafael Holdings, Inc. Class B Common Stock",other
RFLR,Innovator U.S. Small Cap Managed Floor ETF,other
RFM,"RiverNorth Flexible Municipal Income Fund, Inc. Common Stock",other
RFMZ,"RiverNorth Flexible Municipal Income Fund II, Inc. Common Stock",other
RFV,Invesco S&P MidCap 400 Pure Value ETF,other
RGA,"Reinsurance Group of America, Incorporated Common Stock",other
RGEF,Rockefeller Global Equity ETF,other
RGNT,Regentis Biomaterials Ltd. Ordinary Shares,other
RGR,"Sturm, Ruger & Company, Inc. Common Stock",other
RGT,"Royce Global Trust, Inc. Common Stock",other
RGTU,Tradr 2X Long RGTI Daily ETF,other
RH,RH Common Stock,other
RHI,Robert Half Inc. Common Stock,other
RHLD,Resolute Holdings Management Common Stock ,other
RHP,"Ryman Hospitality Properties, Inc. (REIT)",other
RHRX,RH Tactical Rotation ETF,other
RHTX,RH Tactical Outlook ETF,other
RIET,Hoya Capital High Dividend Yield ETF,other
RIG,Transocean Ltd (Switzerland) Common Stock,other
RIGS,RiverFront Strategic Income Fund,other
RILA,Indexperts Gorilla Aggressive Growth ETF,other
RINF,ProShares Inflation Expectations ETF,other
RIO,Rio Tinto Plc Common Stock,other
RIOX,Defiance Daily Target 2X Long RIOT ETF,other
RISN,Inspire Capital Appreciation ETF,other
RISR,FolioBeyond Alternative Income and Interest Rate Hedge ETF,other
RITA,ETFB Green SRI REITs ETF,other
RITM,Rithm Capital Corp. Common Stock,other
RITM$A,Rithm Capital Corp. 7.50% Series A Fixed-to-Floating Rate Cumulative Redeemable Preferred Stock,other
RITM$B,Rithm Capital Corp. 7.125% Series B Fixed-to-Floating Rate Cumulative Redeemable Preferred Stock,other
RITM$C,Rithm Capital Corp. 6.375% Series C Fixed-to-Floating Rate Cumulative Redeemable Preferred Stock,other
RITM$D,Rithm Capital Corp. 7.00% Fixed-Rate Reset Series D Cumulative Redeemable Preferred Stock,other
RITM$E,Rithm Capital Corp. 8.75% Series E Fixed-Rate Cumulative Redeemable Preferred Stock,other
RITM$F,Rithm Capital Corp. 8.750% Series F Fixed-Rate Reset Cumulative Redeemable Preferred Stock,other
RIV,"RiverNorth Opportunities Fund, Inc. Common Stock",other
RIV$A,"RiverNorth Opportunities Fund, Inc. 6.00% Series A Perpetual Preferred Stock",other
RJDI,RJ Eagle GCM Dividend Select Income ETF,other
RJF,"Raymond James Financial, Inc. Common Stock",other
RJMI,RJ Eagle Municipal Income ETF,other
RJVI,RJ Eagle Vertical Income ETF,other
RKT,"Rocket Companies, Inc. Class A Common Stock",other
RKTL,Defiance Daily Target 2X Long RKT ETF,other
RL,Ralph Lauren Corporation Common Stock,other
RLGT,"Radiant Logistics, Inc. Common Stock",other
RLI,RLI Corp. Common Stock (DE),other
RLJ,RLJ Lodging Trust Common Shares of Beneficial Interest $0.01 par value,other
RLJ$A,RLJ Lodging Trust $1.95 Series A Cumulative Convertible  Preferred Shares,other
RLTY,Cohen & Steers Real Estate Opportunities and Income Fund Common Shares of Beneficial Interest,other
RLX,"RLX Technology Inc. American Depositary Shares, each representing the right to receive one (1) Class A ordinary share",other
RLY,State Street Multi-Asset Real Return ETF,other
RM,Regional Management Corp. Common Stock,other
RMAX,"RE/MAX Holdings, Inc. Class A Common Stock",other
RMCA,Rockefeller California Municipal Bond ETF,other
RMD,ResMed Inc. Common Stock,other
RMI,"RiverNorth Opportunistic Municipal Income Fund, Inc. Common Stock",other
RMIF,LHA Risk-Managed Income ETF,other
RMM,"RiverNorth Managed Duration Municipal Income Fund, Inc. Common Stock",other
RMME,Rareview Government Money Market ETF,other
RMMZ,"RiverNorth Managed Duration Municipal Income Fund II, Inc. Common Stock",other
RMNY,Rockefeller New York Municipal Bond ETF,other
RMOP,Rockefeller Opportunistic Municipal Bond ETF,other
RMRC,ARMOR Core Risk-Managed ETF,other
RMT,"Royce Micro-Cap Trust, Inc. Common Stock",other
RND,First Trust Bloomberg R&D Leaders ETF,other
RNG,"RingCentral, Inc. Class A Common Stock",other
RNGR,"Ranger Energy Services, Inc. Class A Common Stock",other
RNP,"Cohen & Steers REIT and Preferred and Income Fund, Inc. Common Shares",other
RNR,RenaissanceRe Holdings Ltd. Common Stock,other
RNR$F,"RenaissanceRe Holdings Ltd. Depositary Shares, each Representing a 1/1,000th Interest in a 5.750% Series F Preference Share",other
RNR$G,"RenaissanceRe Holdings Ltd. Depositary Shares, each representing a 1/1,000th interest in a share of 4.20% Series G Preference Shares",other
RNST,Renasant Corporation Common Stock,other
RNTY,YieldMax Target 12 Real Estate Option Income ETF,other
RNWZ,TrueShares Eagle Global Renewable Energy Income ETF,other
ROAM,Hartford Multifactor Emerging Markets ETF,other
ROBN,T-Rex 2X Long HOOD Daily Target ETF,other
ROBO,ROBO Global Robotics and Automation Index ETF,other
RODM,Hartford Multifactor Developed Markets (ex-US) ETF,other
ROG,Rogers Corporation Common Stock,other
ROK,"Rockwell Automation, Inc. Common Stock",other
ROKT,State Street SPDR S&P Kensho Final Frontiers ETF,other
ROL,"Rollins, Inc. Common Stock",other
ROLR,"High Roller Technologies, Inc. Common Stock",other
ROM,ProShares Ultra Technology,other
ROMO,Strategy Shares Newfound/ReSolve Robust Momentum ETF,other
RONB,Baron First Principles ETF,other
ROPE,Coastal Compass 100 ETF,other
ROSC,Hartford Multifactor Small Cap ETF,other
ROUS,Hartford Multifactor U.S. Equity ETF,other
RPAR,RPAR Risk Parity ETF,other
RPC,"Ridgepost Capital, Inc. Class A Common Stock",other
RPG,Invesco S&P 500 Pure Growth ETF,other
RPHS,Regents Park Hedged Market Strategy ETF,other
RPM,RPM International Inc. Common Stock,other
RPT,Rithm Property Trust Inc. Common stock,other
RPT$C,Rithm Property Trust Inc. 9.875% Series C Fixed-to-Floating Rate Cumulative Redeemable Preferred Stock,other
RPV,Invesco S&P 500 Pure Value ETF,other
RQI,Cohen & Steers Quality Income Realty Fund Inc Common Shares,other
RRC,Range Resources Corporation Common Stock,other
RRX,Regal Rexnord Corporation Common Stock,other
RS,"Reliance, Inc. Common Stock",other
RSBA,Return Stacked Bonds & Merger Arbitrage ETF,other
RSBT,Return Stacked Bonds & Managed Futures ETF,other
RSBY,Return Stacked Bonds & Futures Yield ETF,other
RSDE,FT Vest U.S. Equity Equal Weight Buffer ETF - December,other
RSEE,Rareview Systematic Equity ETF,other
RSF,RiverNorth Capital and Income Fund Common Stock,other
RSG,"Republic Services, Inc. Common Stock",other
RSHO,Tema American Reshoring ETF,other
RSI,"Rush Street Interactive, Inc. Class A Common Stock",other
RSJN,FT Vest U.S. Equity Equal Weight Buffer ETF - June,other
RSKD,Riskified Ltd. Class A Ordinary Shares,other
RSMC,Rockefeller U.S. Small-Mid Cap ETF,other
RSMR,FT Vest U.S. Equity Equal Weight Buffer ETF - March,other
RSMV,Relative Strength Managed Volatility Strategy ETF,other
RSP,Invesco S&P 500 Equal Weight ETF,other
RSPA,Invesco S&P 500 Equal Weight Income Advantage ETF,other
RSPC,Invesco S&P 500 Equal Weight Communication Services ETF,other
RSPD,Invesco S&P 500 Equal Weight Consumer Discretionary ETF,other
RSPE,Invesco ESG S&P 500 Equal Weight ETF,other
RSPF,Invesco S&P 500 Equal Weight Financial ETF,other
RSPG,Invesco S&P 500 Equal Weight Energy ETF,other
RSPH,Invesco S&P 500 Equal Weight Health Care ETF,other
RSPM,Invesco S&P 500 Equal Weight Materials ETF,other
RSPN,Invesco S&P 500 Equal Weight Industrials Portfolio,other
RSPR,Invesco S&P 500 Equal Weight Real Estate ETF,other
RSPS,Invesco S&P 500 Equal Weight Consumer Staples ETF,other
RSPT,Invesco S&P 500 Equal Weight Technology ETF,other
RSPU,Invesco S&P 500 Equal Weight Utilities ETF,other
RSSB,Return Stacked Global Stocks & Bonds ETF,other
RSSE,FT Vest U.S. Equity Equal Weight Buffer ETF  September,other
RSSL,Global X Russell 2000 ETF,other
RSST,Return Stacked U.S. Stocks & Managed Futures ETF,other
RSSX,Return Stacked U.S. Stocks & Gold/Bitcoin ETF,other
RSSY,Return Stacked U.S. Stocks & Futures Yield ETF,other
RTAI,Rareview Tax Advantaged Income ETF,other
RTO,Rentokil Initial plc American Depositary Shares (each representing five (5) Ordinary Shares),other
RTRE,Rareview Total Return Bond ETF,other
RTX,RTX Corporation Common Stock,other
RULE,Adaptive Core ETF,other
RVER,Trenchless Fund ETF,other
RVI,Robinhood Ventures Fund I Common Shares of Beneficial Interest,other
RVLV,"Revolve Group, Inc. Class A Common Stock",other
RVNU,Xtrackers Municipal Infrastructure Revenue Bond ETF,other
RVP,"Retractable Technologies, Inc. Common Stock",other
RVRB,Reverb ETF,other
RVT,"Royce Small-Cap Trust, Inc. Common Stock",other
RVTY,"Revvity, Inc. Common Stock",other
RW,Rainwater Equity ETF,other
RWEM,Rayliant Wilshire NxtGen Emerging Markets Equity ETF,other
RWJ,Invesco S&P SmallCap 600 Revenue ETF,other
RWK,Invesco S&P MidCap 400 Revenue ETF,other
RWL,Invesco S&P 500 Revenue ETF,other
RWLC,Rayliant Wilshire NxtGen US Large Cap Equity ETF,other
RWM,ProShares Short Russell2000,other
RWO,State Street SPDR Dow Jones Global Real Estate ETF,other
RWR,State Street SPDR Dow Jones REIT ETF,other
RWT,"Redwood Trust, Inc. Common Stock",other
RWT$A,"Redwood Trust, Inc. 10.00% Series A Fixed-Rate Reset Cumulative Redeemable Preferred Stock",other
RWTN,"Redwood Trust, Inc. 9.125% Senior Notes Due 2029",other
RWTO,"Redwood Trust, Inc. 9.00% Senior Notes Due 2029",other
RWTP,"Redwood Trust, Inc. 9.125% Senior Notes Due 2030",other
RWTQ,"Redwood Trust, Inc. 9.500% Senior Notes Due 2030",other
RWX,State Street SPDR Dow Jones International Real Estate ETF,other
RXD,ProShares UltraShort Health Care,other
RXI,iShares Global Consumer Discretionary ETF,other
RXL,ProShares Ultra Health Care,other
RXO,"RXO, Inc. Common Stock",other
RY,Royal Bank Of Canada Common Stock,other
RYAM,Rayonier Advanced Materials Inc. Common Stock,other
RYAN,"Ryan Specialty Holdings, Inc. Class A Common Stock",other
RYDE,Ryde Group Ltd. Class A Ordinary Shares,other
RYLD,Global X Russell 2000 Covered Call ETF,other
RYLG,Global X Russell 2000 Covered Call & Growth ETF,other
RYN,Rayonier Inc. REIT Common Stock,other
RYSE,Vest 10 Year Interest Rate Hedge ETF,other
RYZ,Ryerson Holding Corporation Common Stock,other
RZB,"Reinsurance Group of America, Incorporated 5.75% Fixed-To-Floating Rate Subordinated Debentures due 2056",other
RZC,"Reinsurance Group of America, Incorporated 7.125% Fixed-Rate Reset Subordinated Debentures due 2052",other
RZG,Invesco S&P SmallCap 600 Pure Growth ETF,other
RZV,Invesco S&P SmallCap 600 Pure Value ETF,other
S,"SentinelOne, Inc. Class A Common Stock",other
SA,"Seabridge Gold, Inc. Ordinary Shares (Canada)",other
SAA,ProShares Ultra SmallCap600,other
SABA,Saba Capital Income & Opportunities Fund II Shares of Beneficial Interest,other
SAC,Safeguard Acquisition Corp. Class A Ordinary Shares,other
SAC.U,"Safeguard Acquisition Corp. Units, each consisting of one Class A ordinary share and one-half of one redeemable warrant",other
SAC.W,"Safeguard Acquisition Corp. Warrants, each whole warrant exercisable for one Class A ordinary share at an exercise price of $11.50 per share",other
SACH,Sachem Capital Corp. Common Shares,other
SACH$A,Sachem Capital Corp. 7.75% Series A Cumulative Redeemable Preferred Stock,other
SAEF,Schwab Ariel Opportunities ETF,other
SAFE,Safehold Inc. New Common Stock ,other
SAGP,Strategas Global Policy Opportunities ETF,other
SAH,"Sonic Automotive, Inc. Common Stock",other
SAJ,Saratoga Investment Corp 8.00% Notes due 2027,other
SAM,"Boston Beer Company, Inc. (The) Common Stock",other
SAMM,Strategas Macro Momentum ETF,other
SAMT,Strategas Macro Thematic Opportunities ETF,other
SAN,"Banco Santander, S.A. Sponsored ADR (Spain)",other
SAP,SAP  SE ADS,other
SAPH,SAP SE ADRhedged,other
SAR,Saratoga Investment Corp New,other
SARO,"StandardAero, Inc. Common Stock",other
SASS,M.D. Sass Concentrated Value ETF,other
SAT,Saratoga Investment Corp 6.00% Notes due 2027,other
SATO,Invesco Alerian Galaxy Crypto Economy ETF,other
SAUG,FT Vest U.S. Small Cap Moderate Buffer ETF - August,other
SAV,Saratoga Investment Corp 7.50% Notes due 2031,other
SAWG,AAM Sawgrass US Large Cap Quality Growth ETF,other
SAWS,AAM Sawgrass US Small Cap Quality Growth ETF,other
SAY,Saratoga Investment Corp 8.125% Notes due 2027,other
SAZ,Saratoga Investment Corp 8.50% Notes due 2028,other
SB,"Safe Bulkers, Inc Common Stock ($0.001 par value)",other
SB$C,"Safe Bulkers, Inc Cumulative Redeemable Perpetual Preferred Series C (Marshall Islands)",other
SB$D,"Safe Bulkers, Inc Perpetual Preferred Series D (Marshall Islands)",other
SBAR,Simplify Barrier Income ETF,other
SBB,ProShares Short SmallCap600,other
SBDS,"Solo Brands, Inc. Class A Common Stock",other
SBEV,"Splash Beverage Group, Inc. (NV) Common Stock",other
SBH,"Sally Beauty Holdings, Inc. (Name to be changed from Sally Holdings, Inc.) Common Stock",other
SBI,Western Asset Intermediate Muni Fund Inc Common Stock,other
SBIL,Simplify Government Money Market ETF,other
SBIO,ALPS Medical Breakthroughs ETF,other
SBIT,ProShares UltraShort Bitcoin ETF,other
SBND,Columbia Short Duration Bond ETF,other
SBR,Sabine Royalty Trust Common Stock,other
SBS,Companhia de saneamento Basico Do Estado De Sao Paulo - Sabesp American Depositary Shares (Each repstg 250 Common Shares),other
SBSI,"Southside Bancshares, Inc. Common Stock",other
SBSW,D/B/A Sibanye-Stillwater Limited ADS,other
SBTU,T-REX 2X Long SBET Daily Target ETF,other
SBXD,SilverBox Corp IV Class A Ordinary Shares,other
SBXD.U,"SilverBox Corp IV Units, each consisting of one Class A ordinary share and one-third of one redeemable warrant",other
SBXD.W,"SilverBox Corp IV Redeemable warrants, each whole warrant exercisable for one Class A Ordinary Share at an exercise price of $11.50",other
SBXE,SilverBox Corp V Class A Ordinary Shares,other
SBXE.U,"SilverBox Corp V Units, each consisting of one Class A Ordinary Share and one-third of one redeemable warrant",other
SBXE.W,"SilverBox Corp V Redeemable warrants, each whole warrant exercisable for one Class A Ordinary Share at an exercise price of $11.50",other
SCAP,Infrastructure Capital Small Cap Income ETF,other
SCC,ProShares UltraShort Consumer Discretionary,other
SCCD,Sachem Capital Corp. 6.00% Notes due 2026,other
SCCE,Sachem Capital Corp. 6.00% Notes due 2027,other
SCCF,Sachem Capital Corp. 7.125% Notes due 2027,other
SCCG,Sachem Capital Corp. 8.00% Notes due 2027,other
SCCO,Southern Copper Corporation Common Stock,other
SCCR,Schwab Core Bond ETF,other
SCD,LMP Capital and Income Fund Inc. Common Stock,other
SCDL,ETRACS 2x Leveraged US Dividend Factor TR ETN,other
SCDV,Bahl & Gaynor Small Cap Dividend ETF,other
SCE$G,SCE Trust II Trust Preferred Securities,other
SCE$L,SCE TRUST VI,other
SCE$M,SCE Trust VII 7.50% Trust Preference Securities,other
SCE$N,SCE Trust VIII 6.95% Trust Preference Securities,other
SCEC,Sterling Capital Enhanced Core Bond ETF,other
SCEP,Sterling Capital Hedged Equity Premium Income ETF,other
SCHA,Schwab U.S. Small-Cap ETF,other
SCHB,Schwab U.S. Broad Market ETF,other
SCHC,Schwab International Small-Cap Equity ETF,other
SCHD,Schwab US Dividend Equity ETF,other
SCHE,Schwab Emerging Markets Equity ETF,other
SCHF,Schwab International Equity ETF,other
SCHG,Schwab U.S. Large-Cap Growth ETF,other
SCHH,Schwab U.S. REIT ETF,other
SCHI,Schwab 5-10 Year Corporate Bond ETF,other
SCHJ,Schwab 1-5 Year Corporate Bond ETF,other
SCHK,Schwab 1000 Index ETF,other
SCHM,Schwab U.S. Mid Cap ETF,other
SCHO,Schwab Short-Term U.S. Treasury ETF,other
SCHP,Schwab U.S. TIPS ETF,other
SCHQ,Schwab Long-Term U.S. Treasury ETF,other
SCHR,Schwab Intermediate-Term U.S. Treasury ETF,other
SCHV,Schwab U.S. Large-Cap Value ETF,other
SCHW,Charles Schwab Corporation (The) Common Stock,other
SCHW$D,"The Charles Schwab Corporation Depositary Shares each representing 1/40th interest in a share of 5.95% Non-Cumulative Perpetual Preferred Stock, Series D",other
SCHW$J,"The Charles Schwab Corporation Depositary Shares, Each Representing a 1/40th Interest in a Share of 4.450% Non-Cumulative Perpetual Preferred Stock, Series J",other
SCHX,Schwab U.S. Large-Cap ETF,other
SCHY,Schwab International Dividend Equity ETF,other
SCHZ,Schwab US Aggregate Bond ETF,other
SCI,Service Corporation International Common Stock,other
SCIO,First Trust Structured Credit Income Opportunities ETF,other
SCJ,iShares MSCI Japan Sm Cap,other
SCL,Stepan Company Common Stock,other
SCLZ,Swan Enhanced Dividend Income ETF,other
SCM,Stellus Capital Investment Corporation Common Stock,other
SCMB,Schwab Municipal Bond ETF,other
SCMC,Sterling Capital Multi-Strategy Income ETF,other
SCNM,Sterling Capital National Municipal Bond ETF,other
SCO,ProShares UltraShort Bloomberg Crude Oil,other
SCOW,Pacer S&P SmallCap 600 Quality FCF Aristocrats ETF,other
SCUS,Schwab Ultra-Short Income ETF,other
SCYB,Schwab High Yield Bond ETF,other
SD,"SandRidge Energy, Inc. Common Stock",other
SDCI,USCF SummerHaven Dynamic Commodity Strategy No K-1 Fund,other
SDCP,Virtus Newfleet Short Duration Core Plus Bond ETF,other
SDD,ProShares UltraShort SmallCap600,other
SDEM,Global X MSCI SuperDividend Emerging Markets ETF,other
SDFI,AB Short Duration Income ETF,other
SDHC,Smith Douglas Homes Corp. Class A Common Stock,other
SDHY,PGIM Short Duration High Yield Opportunities Fund Common Shares,other
SDIV,Global X SuperDividend ETF,other
SDMF,Simplify DBi CTA Managed Futures Index ETF,other
SDOG,ALPS Sector Dividend Dogs ETF,other
SDOW,UltraPro Short Dow30,other
SDP,ProShares UltraShort Utilities,other
SDRL,Seadrill Limited Common Shares,other
SDS,ProShares UltraShort S&P500,other
SDVD,FT Vest SMID Rising Dividend Achievers Target Income ETF,other
SDY,State Street SPDR S&P Dividend ETF,other
SE,"Sea Limited American Depositary Shares, each representing one Class A Ordinary Share",other
SEA,U.S. Global Sea to Sky Cargo ETF,other
SEAL$A,Seapeak LLC 9.00% Series A Cumulative Redeemable Perpetual Preferred Units,other
SEAL$B,Seapeak LLC 8.50% Series B Fixed-to-Floating Rate Cumulative Redeemable Perpetual Preferred Units,other
SEB,Seaboard Corporation Common Stock,other
SECR,NYLI MacKay Securitized Income ETF,other
SECT,Main Sector Rotation ETF,other
SECU,iShares Securitized Income Active ETF,other
SEE,Sealed Air Corporation Common Stock,other
SEF,ProShares Short Financials,other
SEG,Seaport Entertainment Group Inc. Common Stock,other
SEI,"Solaris Energy Infrastructure, Inc. Class A Common Stock",other
SEIM,SEI Enhanced U.S. Large Cap Momentum Factor ETF,other
SEIQ,SEI Enhanced U.S. Large Cap Quality Factor ETF,other
SEIV,SEI Enhanced U.S. Large Cap Value Factor ETF,other
SEIX,Virtus Seix Senior Loan ETF,other
SELV,SEI Enhanced Low Volatility U.S. Large Cap ETF,other
SEM,Select Medical Holdings Corporation Common Stock,other
SEMG,Suncoast Select Growth ETF,other
SEMI,Columbia Select Technology ETF,other
SEMR,"SEMrush Holdings, Inc. Class A Common Stock",other
SEPI,Shelton Equity Premium Income ETF,other
SEPM,FT Vest U.S. Equity Max Buffer ETF - September,other
SEPP,PGIM S&P 500 Buffer 12 ETF - September,other
SEPT,AllianzIM U.S. Large Cap Buffer10 Sep ETF,other
SEPU,AllianzIM U.S. Equity Buffer15 Uncapped Sep ETF,other
SEPW,AllianzIM U.S. Large Cap Buffer20 Sep ETF,other
SEPZ,TrueShares Structured Outcome (September) ETF,other
SER,"Serina Therapeutics, Inc. Common Stock",other
SES,SES AI Corporation Class A Common Stock,other
SES.W,"SES AI Corporation Warrants, each whole warrant exercisable for one share of Class A Common Stock at an exercise price of $11.50 per share",other
SETH,ProShares Short Ether ETF,other
SF,Stifel Financial Corporation Common Stock,other
SF$B,"Stifel Financial Corporation Depositary Shares, Each Representing 1/1,000th  Interest in a Share of 6.25% Non-Cumulative  Preferred Stock, Series B",other
SF$C,"Stifel Financial Corporation Depositary Shares, Each Representing 1/1,000th Interest in a Share of 6.125% Non Cumulative Preferred Stock, Series C",other
SF$D,"Stifel Financial Corporation Depositary Shares, Each Representing 1/1,000th Interest in a Share of 4.50% Non-Cumulative Preferred Stock, Series D",other
SFB,Stifel Financial Corporation 5.20% Senior Notes due 2047,other
SFBS,"ServisFirst Bancshares, Inc. Common Stock",other
SFEB,FT Vest U.S. Small Cap Moderate Buffer ETF - February,other
SFGV,Sequoia Global Value ETF,other
SFL,SFL Corporation Ltd,other
SFLR,Innovator Equity Managed Floor ETF,other
SFTX,Horizon International Managed Risk ETF,other
SFTY,Horizon Managed Risk ETF,other
SFY,SoFi Select 500 ETF,other
SFYF,SoFi Social 50 ETF,other
SG,"Sweetgreen, Inc. Class A Common Stock",other
SGDJ,Sprott Junior Gold Miners ETF,other
SGDM,Sprott Gold Miners ETF,other
SGHC,Super Group (SGHC) Limited Ordinary Shares,other
SGI,Somnigroup International Inc. Common Stock,other
SGLC,SGI U.S. Large Cap Core ETF,other
SGOL,abrdn Physical Gold Shares ETF,other
SGOV,iShares 0-3 Month Treasury Bond ETF,other
SGRT,SMART Earnings Growth 30 ETF,other
SGRW,Harbor Active Small Cap Growth ETF,other
SGU,Star Group L.P. Common Stock,other
SGVT,Schwab Government Money Market ETF,other
SH,ProShares Short S&P500,other
SHAG,WisdomTree Yield Enhanced U.S. Short-Term Aggregate Bond Fund,other
SHAK,"Shake Shack, Inc. Class A Common Stock",other
SHDG,Soundwatch Hedged Equity ETF,other
SHE,State Street SPDR MSCI USA Gender Diversity ETF,other
SHEH,Shell plc ADRhedged,other
SHEL,Shell PLC American Depositary Shares (each representing two (2) Ordinary Shares) ,other
SHG,Shinhan Financial Group Co Ltd American Depositary Shares,other
SHLD,Global X Defense Tech ETF,other
SHM,State Street SPDR Nuveen ICE Short Term Municipal Bond ETF,other
SHNY,"MicroSectors Gold 3X Leveraged ETNs due January 29, 2043",other
SHO,"Sunstone Hotel Investors, Inc. Sunstone Hotel Investors, Inc. Common Shares",other
SHO$H,"Sunstone Hotel Investors, Inc. 6.125% Series H Cumulative Redeemable Preferred Stock",other
SHO$I,"Sunstone Hotel Investors, Inc. 5.70% Series I Cumulative Redeemable Preferred Stock",other
SHOC,Strive U.S. Semiconductor ETF,other
SHPP,Pacer Industrials and Logistics ETF,other
SHRT,Gotham Short Strategies ETF,other
SHUS,Stratified LargeCap Hedged ETF,other
SHV,iShares 0-1 Year Treasury Bond ETF,other
SHW,Sherwin-Williams Company (The) Common Stock,other
SHYD,VanEck Short High Yield Muni ETF,other
SHYG,iShares 0-5 Year High Yield Corporate Bond ETF,other
SHYL,Xtrackers Short Duration High Yield Bond ETF,other
SHYM,iShares Short Duration High Yield Muni Active ETF,other
SI,"Shoulder Innovations, Inc. Common Stock",other
SID,Companhia Siderurgica Nacional S.A. Common Stock,other
SIF,"SIFCO Industries, Inc. Common Stock",other
SIFI,Harbor Ares Systematic Multi-Sector Income ETF,other
SIG,Signet Jewelers Limited Common Shares,other
SIHY,Harbor Ares Systematic High Yield ETF,other
SII,Sprott Inc. Common Shares,other
SIJ,ProShares UltraShort Industrials,other
SIL,Global X Silver Miners ETF,other
SILA,"Sila Realty Trust, Inc. Common Stock",other
SILJ,Amplify Junior Silver Miners ETF,other
SIM,"Grupo Simec, S.A.B. de C.V. American Depositary Shares",other
SIMS,State Street SPDR S&P Kensho Intelligent Structures ETF,other
SIO,Touchstone Strategic Income ETF,other
SIOO,VistaShares Target 15 S&P 100 Distribution ETF,other
SITC,SITE Centers Corp. Common Stock,other
SITE,"SiteOne Landscape Supply, Inc. Common Stock",other
SIVR,abrdn Physical Silver Shares ETF,other
SIXA,ETC 6 Meridian Mega Cap Equity ETF,other
SIXD,AllianzIM U.S. Large Cap 6 Month Buffer10 Jun/Dec ETF,other
SIXF,AllianzIM U.S. Large Cap 6 Month Buffer10 Feb/Aug ETF,other
SIXH,ETC 6 Meridian Hedged Equity Index Option ETF,other
SIXJ,AllianzIM U.S. Large Cap 6 Month Buffer10 Jan/Jul ETF,other
SIXL,ETC 6 Meridian Low Beta Equity ETF,other
SIXO,AllianzIM U.S. Large Cap 6 Month Buffer10 Apr/Oct ETF,other
SIXP,AllianzIM U.S. Large Cap 6 Month Buffer10 Mar/Sep ETF,other
SIXS,ETC 6 Meridian Small Cap Equity ETF,other
SIXZ,AllianzIM U.S. Large Cap 6 Month Buffer10 May/Nov ETF,other
SIZE,iShares MSCI USA Size Factor ETF,other
SJB,ProShares Short High Yield,other
SJM,The J.M. Smucker Company Common Stock,other
SJNK,State Street SPDR Bloomberg Short Term High Yield Bond ETF,other
SJT,San Juan Basin Royalty Trust Common Stock,other
SKE,Skeena Resources Limited Common Shares,other
SKF,ProShares UltraShort Financials,other
SKIL,Skillsoft Corp. Class A Common Stock,other
SKLZ,Skillz Inc. Class A Common Stock,other
SKM,"SK Telecom Co., Ltd. Common Stock",other
SKT,Tanger Inc. Common Stock,other
SKY,"Champion Homes, Inc. Common Stock",other
SKYH,Sky Harbour Group Corporation Class A Common Stock,other
SKYH.W,"Sky Harbour Group Corporation Warrants, each whole warrant exercisable for one share of Class A common stock at an exercise price of $11.50 per share",other
SLAI,SOLAI Limited American Depositary Shares (each representing one hundred (100) Class A Ordinary Shares),other
SLB,SLB Limited Common Shares,other
SLDR,Global X Short-Term Treasury Ladder ETF,other
SLF,Sun Life Financial Inc. Common Stock,other
SLG,SL Green Realty Corp Common Stock,other
SLG$I,SL Green Realty Corporation Preferred Series I,other
SLGN,Silgan Holdings Inc. Common Stock,other
SLI,Standard Lithium Ltd. Common Shares,other
SLJY,Amplify SILJ Junior Silver Miners Covered Call ETF,other
SLND,"Southland Holdings, Inc. Common Stock",other
SLND.W,"Southland Holdings, Inc. Warrants",other
SLNZ,TCW Senior Loan ETF,other
SLON,ProShares Ultra Solana ETF,other
SLQT,"SelectQuote, Inc. Common Stock",other
SLSR,Solaris Resources Inc. Common Shares,other
SLTY,YieldMax Ultra Short Option Income Strategy ETF,other
SLV,iShares Silver Trust,other
SLVM,Sylvamo Corporation Common Stock,other
SLVP,iShares MSCI Global Silver Miners Fund,other
SLVX,Nicholas Silver Income ETF,other
SLX,VanEck Steel ETF,other
SLYG,State Street SPDR S&P 600 Small Cap Growth ETF,other
SLYV,State Street SPDR S&P 600 Small Cap Value ETF,other
SM,SM Energy Company Common Stock,other
SMA,"SmartStop Self Storage REIT, Inc. Common Stock",other
SMAP,Amplify Small-Mid Cap Equity ETF,other
SMAX,iShares Large Cap Max Buffer Sep ETF,other
SMAY,FT Vest U.S. Small Cap Moderate Buffer ETF - May,other
SMB,VanEck Short Muni ETF,other
SMBK,"SmartFinancial, Inc. Common Stock",other
SMBS,Schwab Mortgage-Backed Securities ETF,other
SMC,Summit Midstream Corporation Common Stock,other
SMCY,YieldMax SMCI Option Income Strategy ETF,other
SMDD,UltraPro Short MidCap400,other
SMDV,ProShares Russell 2000 Dividend Growers ETF,other
SMDX,Intech S&P Small-Mid Cap Diversified Alpha ETF,other
SMFG,Sumitomo Mitsui Financial Group Inc Unsponsored American Depositary Shares (Japan),other
SMG,Scotts Miracle-Gro Company (The) Common Stock,other
SMHB,ETRACS Monthly Pay 2x Leveraged Small Cap High Dividend ETN Series B,other
SMHI,SEACOR Marine Holdings Inc. Common Stock ,other
SMIG,Bahl & Gaynor Small/Mid Cap Income Growth ETF,other
SMIN,Ishares MSCI India Small Cap ETF,other
SMIZ,Zacks Small/Mid Cap ETF,other
SMJF,SMJ International Holdings Inc. Class A Ordinary Shares,other
SMLF,iShares U.S. Small-Cap Equity Factor ETF,other
SMLL,Harbor Active Small Cap ETF,other
SMLV,State Street SPDR US Small Cap Low Volatility Index ETF,other
SMMD,iShares Russell 2500 ETF,other
SMMU,Short Term Municipal Bond Active Exchange-Traded Fund,other
SMMV,iShares MSCI USA Small-Cap Min Vol Factor ETF,other
SMN,ProShares UltraShort Materials,other
SMOG,VanEck Low Carbon Energy ETF,other
SMOT,VanEck Morningstar SMID Moat ETF,other
SMOX,Horizon Small/Mid Cap Core Equity ETF,other
SMP,"Standard Motor Products, Inc. Common Stock",other
SMQ,Tradr 1X Short Innovation 100 Monthly ETF,other
SMR,NuScale Power Corporation Class A Common Stock,other
SMRF,"ALPS Nautilus SMR, Nuclear & Technology ETF",other
SMRT,"SmartRent, Inc. Class A Common Stock",other
SMTH,ALPS Smith Core Plus Bond ETF,other
SMU,Tradr 2X Long SMR Daily ETF,other
SMUP,T-REX 2X Long SMR Daily Target ETF,other
SMWB,Similarweb Ltd. Ordinary Shares,other
SMZ,Tradr 2X Short SMR Daily ETF,other
SN,"SharkNinja, Inc. Ordinary Shares",other
SNA,Snap-On Incorporated Common Stock,other
SNAP,Snap Inc. Class A Common Stock,other
SNAV,Mohr Sector Nav ETF,other
SNDA,"Sonida Senior Living, Inc. Common Stock",other
SNDR,"Schneider National, Inc. Common Stock",other
SNDU,T-REX 2X Long SNDK Daily Target ETF,other
SNN,"Smith & Nephew SNATS, Inc. Common Stock",other
SNOU,T-REX 2X Long SNOW Daily Target ETF,other
SNOV,FT Vest U.S. Small Cap Moderate Buffer ETF - November,other
SNOW,Snowflake Inc. Common Stock,other
SNOY,YieldMax SNOW Option Income Strategy ETF,other
SNPD,Xtrackers S&P Dividend Aristocrats Screened ETF,other
SNPE,Xtrackers S&P 500 Scored & Screened ETF,other
SNPG,Xtrackers S&P 500 Growth Scored & Screened ETF,other
SNPX,Tradr 2X Long SNPS Daily ETF,other
SNTH,MRP SynthEquity ETF,other
SNX,TD SYNNEX Corporation Common Stock,other
SNXX,Tradr 2X Long SNDK Daily ETF,other
SO,Southern Company (The) Common Stock,other
SOAR,"Volato Group, Inc. Class A Common Stock",other
SOBO,South Bow Corporation Common Shares,other
SOC,Sable Offshore Corp. Common Stock,other
SOEZ,Franklin Solana ETF,other
SOFR,Amplify Samsung SOFR ETF,other
SOJC,"Southern Company (The) Series 2017B 5.25% Junior Subordinated Notes due December 1, 2077",other
SOJD,"Southern Company (The) Series 2020A 4.95% Junior Subordinated Notes due January 30, 2080",other
SOJE,"Southern Company (The) Series 2020C 4.20% Junior Subordinated Notes due October 15, 2060",other
SOJF,"Southern Company (The) Series 2025A 6.50% Junior Subordinated Notes due March 15, 2085",other
SOLM,Amplify Solana 3% Monthly Option Income ETF,other
SOLR,Guinness Atkinson Sustainable Energy ETF,other
SOLV,Solventum Corporation Common Stock,other
SOLX,T-REX 2X Long SOL Daily Target ETF,other
SOMN,Southern Company (The) 2025 Series A Corporate Units,other
SON,Sonoco Products Company Common Stock,other
SONY,Sony Group Corporation American Depositary Shares ,other
SOR,"Source Capital, Inc. Cmn Shs of BI",other
SOS,SOS Limited Class A Ordinary Shares,other
SOUL,Soulpower Acquisition Corporation Class A Ordinary Shares,other
SOUL.R,"Soulpower Acquisition Corporation Rights, each right entitling the holder to receive one-tenth (1/10) of one Class A Ordinary Share",other
SOUL.U,"Soulpower Acquisition Corporation Units, each consisting of one Class A ordinary share and one right",other
SOVF,Sovereign's Capital Flourish Fund,other
SOXL,Direxion Daily Semiconductor Bull 3X ETF,other
SOXS,Direxion Daily Semiconductor Bear 3X ETF,other
SOXY,YieldMax Target 12 Semiconductor Option Income ETF,other
SOYB,Teucrium Soybean Fund ETV,other
SPAB,State Street SPDR Portfolio Aggregate Bond ETF,other
SPB,"Spectrum Brands Holdings, Inc. Common Stock",other
SPBO,State Street SPDR Portfolio Corporate Bond ETF,other
SPBU,AllianzIM Buffer15 Uncapped Allocation ETF,other
SPBW,AllianzIM Buffer20 Allocation ETF,other
SPBX,AllianzIM 6 Month Buffer10 Allocation ETF,other
SPCE,"Virgin Galactic Holdings, Inc. Common Stock",other
SPCI,Tuttle Capital Space Industry Income Blast ETF,other
SPCZ,RiverNorth Enhanced Pre-Merger SPAC ETF,other
SPD,Simplify US Equity PLUS Downside Convexity ETF,other
SPDG,State Street SPDR Portfolio S&P Sector Neutral Dividend ETF,other
SPDN,Direxion Daily S&P 500 Bear 1X ETF,other
SPDV,AAM S&P 500 High Dividend Value ETF,other
SPDW,State Street SPDR Portfolio Developed World ex-US ETF,other
SPE,"Special Opportunities Fund, Inc Common Stock",other
SPE$C,"Special Opportunities Fund Inc. 2.75% Convertible Preferred Stock, Series C",other
SPEM,State Street SPDR Portfolio Emerging Markets ETF,other
SPEU,State Street SPDR Portfolio Europe ETF,other
SPFF,Global X SuperIncome Preferred ETF,other
SPG,"Simon Property Group, Inc. Common Stock",other
SPG$J,"Simon Property Group, Inc. Simon Property Group 8 3/8% Series J Cumulative Redeemable Preferred Stock",other
SPGI,S&P Global Inc. Common Stock,other
SPGM,State Street SPDR Portfolio MSCI Global Stock Market ETF,other
SPGP,Invesco S&P 500 GARP ETF,other
SPH,"Suburban Propane Partners, L.P. Common Stock",other
SPHB,Invesco S&P 500 High Beta ETF,other
SPHD,Invesco S&P 500 High Dividend Low Volatility ETF,other
SPHQ,Invesco S&P 500 Quality ETF,other
SPHR,Sphere Entertainment Co. Class A Common Stock,other
SPHY,State Street SPDR Portfolio High Yield Bond ETF,other
SPIB,State Street SPDR Portfolio Intermediate Term Corporate Bond ETF,other
SPIN,State Street US Equity Premium Income ETF,other
SPIP,State Street SPDR Portfolio TIPS ETF,other
SPIR,"Spire Global, Inc. Class A Common Stock",other
SPLB,State Street SPDR Portfolio Long Term Corporate Bond ETF,other
SPLS,PIMCO US Stocks PLUS Active Bond Exchange-Traded Fund,other
SPLV,Invesco S&P 500 Low Volatility ETF,other
SPMA,"Sound Point Meridian Capital, Inc. 8.00% Series A Preferred Shares Due 2029",other
SPMB,State Street SPDR Portfolio Mortgage Backed Bond ETF,other
SPMC,"Sound Point Meridian Capital, Inc. Common Stock",other
SPMD,State Street SPDR Portfolio S&P 400 Mid Cap ETF,other
SPME,"Sound Point Meridian Capital, Inc. 7.875% Series B Preferred Shares due 2030",other
SPMO,Invesco S&P 500 Momentum ETF,other
SPNT,SiriusPoint Ltd. Common Shares,other
SPOT,Spotify Technology S.A. Ordinary Shares,other
SPPP,Sprott Physical Platinum and Palladium Trust,other
SPRE,SP Funds S&P Global REIT Sharia ETF,other
SPRU,Spruce Power Holding Corporation Class A Common Stock,other
SPSB,State Street SPDR Portfolio Short Term Corporate Bond ETF,other
SPSK,SP Funds Dow Jones Global Sukuk ETF,other
SPSM,State Street SPDR Portfolio S&P 600 Small Cap ETF,other
SPTB,State Street SPDR Portfolio Treasury ETF,other
SPTE,SP Funds S&P Global Technology ETF,other
SPTI,State Street SPDR Portfolio Intermediate Term Treasury ETF,other
SPTL,State Street SPDR Portfolio Long Term Treasury ETF,other
SPTM,State Street SPDR Portfolio S&P 1500 Composite Stock Market ETF,other
SPTS,State Street SPDR Portfolio Short Term Treasury ETF,other
SPTU,State Street SPDR Portfolio Ultra Short T-Bill ETF,other
SPUC,Simplify US Equity PLUS Upside Convexity ETF,other
SPUS,SP Funds S&P 500 Sharia Industry Exclusions ETF,other
SPUT,Innovator Equity Premium Income - Daily PutWrite ETF,other
SPUU,Direxion Daily S&P 500 Bull 2X ETF,other
SPVM,Invesco S&P 500 Value with Momentum ETF,other
SPWO,SP Funds S&P World (ex-US) ETF,other
SPXC,"SPX Technologies, Inc. Common Stock",other
SPXE,ProShares S&P 500 Ex-Energy ETF,other
SPXL,Direxion Daily S&P 500 Bull 3X ETF,other
SPXN,ProShares S&P 500 Ex-Financials ETF,other
SPXS,Direxion Daily S&P 500 Bear 3X ETF,other
SPXT,ProShares S&P 500 Ex-Technology ETF,other
SPXU,ProShares UltraPro Short S&P500,other
SPXV,ProShares S&P 500 Ex-Health Care ETF,other
SPXX,Nuveen S&P 500 Dynamic Overwrite Fund,other
SPY,State Street SPDR S&P 500 ETF Trust,other
SPYA,Twin Oak Endure ETF,other
SPYC,Simplify US Equity PLUS Convexity ETF,other
SPYD,State Street SPDR Portfolio S&P 500 High Dividend ETF,other
SPYG,State Street SPDR Portfolio S&P 500 Growth ETF,other
SPYH,NEOS S&P 500 Hedged Equity Income ETF,other
SPYI,NEOS S&P 500 High Income ETF,other
SPYM,State Street SPDR Portfolio S&P 500 ETF,other
SPYT,Defiance S&P 500 Target Income ETF,other
SPYU,"MAX S&P 500 4X Leveraged ETNs due October 30, 2043",other
SPYV,State Street SPDR Portfolio S&P 500 Value ETF,other
SPYX,State Street SPDR S&P 500 Fossil Fuel Reserves Free ETF,other
SQM,Sociedad Quimica y Minera S.A. Common Stock,other
SQMX,FT Vest U.S. Equity Quarterly Max Buffer ETF,other
SQNS,Sequans Communications S.A. American Depositary Shares (each representing one hundred (100) Ordinary Shares),other
SR,Spire Inc. Common Stock,other
SRE,DBA Sempra Common Stock,other
SREA,DBA Sempra 5.750% Junior Subordinated Notes due 2079,other
SRFM,Surf Air Mobility Inc. Common Stock,other
SRG,Seritage Growth Properties Class A Common Stock,other
SRG$A,Seritage Growth Properties 7.00% Series A Cumulative Redeemable Preferred Shares of Beneficial Interest,other
SRHQ,SRH U.S. Quality GARP ETF,other
SRHR,SRH REIT Covered Call ETF,other
SRI,"Stoneridge, Inc. Common Stock",other
SRJN,Spire Inc. 6.375% Junior Subordinated Notes due 2086,other
SRL,Scully Royalty Ltd.,other
SRLN,State Street Blackstone Senior Loan ETF,other
SROI,Calamos Antetokounmpo Global Sustainable Equities ETF,other
SRPU,Tradr 2X Long SRPT Daily ETF,other
SRS,ProShares UltraShort Real Estate,other
SRTY,ProShares UltraPro Short Russell2000,other
SRV,NXG Cushing Midstream Energy Fund Common Shares of Beneficial Interest,other
SRVR,Pacer Data & Infrastructure Real Estate ETF,other
SRXH,"SRX Health Solutions, Inc. Common Stock",other
SSB,SouthState Bank Corporation Common Stock,other
SSD,"Simpson Manufacturing Company, Inc. Common Stock",other
SSFI,Day Hagan Smart Sector Fixed Income ETF,other
SSG,ProShares UltraShort Semiconductors,other
SSK,REX-Osprey SOL + Staking ETF,other
SSL,Sasol Ltd. American Depositary Shares,other
SSO,ProShares Ultra S&P500,other
SSPY,Stratified LargeCap Index ETF,other
SST,"System1, Inc. Class A Common Stock",other
SSTK,"Shutterstock, Inc. Common Stock",other
SSUS,Day Hagan Smart Sector ETF,other
SSXU,Day Hagan Smart Sector International ETF,other
ST,Sensata Technologies Holding plc Ordinary Shares,other
STAG,"Stag Industrial, Inc. Common Stock",other
STAX,Nomura Tax-Free USA Short Term ETF,other
STBF,Performance Trust Short Term Bond ETF,other
STBQ,Amplify Stablecoin Technology ETF,other
STC,Stewart Information Services Corporation Common Stock,other
STCE,Schwab Crypto Thematic ETF,other
STE,STERIS plc (Ireland) Ordinary Shares,other
STEL,"Stellar Bancorp, Inc. Common Stock",other
STEM,"Stem, Inc. Class A Common Stock",other
STEN,iShares Large Cap 10% Target Buffer Sep ETF,other
STEW,"SRH Total Return Fund, Inc. Common Stock",other
STG,"Sunlands Technology Group American Depositary Shares, representing Class A ordinary shares",other
STHH,STMicroelectronics NV ADRhedged,other
STIP,iShares 0-5 Year TIPS Bond ETF,other
STK,Columbia Seligman Premium Technology Growth Fund Inc,other
STLA,Stellantis N.V. Common Shares,other
STM,STMicroelectronics N.V. Common Stock,other
STN,Stantec Inc Common Stock,other
STNG,Scorpio Tankers Inc. Common Shares,other
STOT,State Street DoubleLine Short Duration Total Return Tactical ETF,other
STOX,Horizon Core Equity ETF,other
STPZ,PIMCO 1-5 Year U.S. TIPS Index Exchange-Traded Fund,other
STRN,SMART Trend 25 ETF,other
STRV,Strive 500 ETF,other
STRW,"Strawberry Fields REIT, Inc. Common Stock",other
STSM,Defiance Daily Target 2X Short TSM ETF,other
STT,State Street Corporation Common Stock,other
STT$G,"State Street Corporation Depositary shares, each representing a 1/4,000th ownership interest in a share of Fixed-to-Floating Rate Non-Cumulative",other
STUB,"StubHub Holdings, Inc. Class A Common Stock",other
STVN,Stevanato Group S.p.A. Ordinary Shares,other
STWD,"STARWOOD PROPERTY TRUST, INC. Starwood Property Trust Inc.",other
STXD,Strive 1000 Dividend Growth ETF,other
STXE,Strive Emerging Markets Ex-China ETF,other
STXG,Strive 1000 Growth ETF,other
STXI,Strive International Developed Markets ETF,other
STXK,Strive Small-Cap ETF,other
STXM,Strive Mid-Cap ETF,other
STXS,"Stereotaxis, Inc. Common Stock",other
STXT,Strive Total Return Bond ETF,other
STXV,Strive 1000 Value ETF,other
STZ,"Constellation Brands, Inc. Common Stock",other
SU,Suncor Energy  Inc. Common Stock,other
SUB,iShares Short-Term National Muni Bond ETF,other
SUI,"Sun Communities, Inc. Common Stock",other
SUN,Sunoco LP Common Units representing limited partner interests,other
SUNB,"Sunbelt Rentals Holdings, Inc. Common Stock",other
SUNC,"SunocoCorp LLC Common Units, representing limited liability company interests",other
SUPL,ProShares Supply Chain Logistics ETF,other
SUPV,Grupo Supervielle S.A. American Depositary Shares each Representing five Class B shares,other
SURE,AdvisorShares Insider Advantage ETF,other
SURI,Simplify Propel Opportunities ETF,other
SUSA,iShares ESG Optimized MSCI USA ETF,other
SUZ,Suzano S.A. American Depositary Shares (each representing One Ordinary Share),other
SVAL,iShares US Small Cap Value Factor ETF,other
SVIX,-1x Short VIX Futures ETF,other
SVM,Silvercorp Metals Inc. Common Shares,other
SVOL,Simplify Volatility Premium ETF,other
SVV,"Savers Value Village, Inc. Common Stock",other
SVXY,ProShares Short VIX Short Term Futures ETF,other
SW,Smurfit WestRock plc Ordinary Shares,other
SWAN,Amplify BlackSwan Growth & Treasury Core ETF,other
SWK,"Stanley Black & Decker, Inc. Common Stock",other
SWX,"Southwest Gas Holdings, Inc. Common Stock (DE)",other
SWZ,Total Return Securities Fund Common Stock,other
SXC,"SunCoke Energy, Inc. Common Stock",other
SXI,Standex International Corporation Common Stock,other
SXQG,ETC 6 Meridian Quality Growth ETF,other
SXT,Sensient Technologies Corporation Common Stock,other
SYF,Synchrony Financial Common Stock,other
SYF$A,"Synchrony Financial Depositary Shares, each Representing a 1/40th Interest in a Share of 5.625% Fixed Rate Non-Cumulative Perpetual Preferred Stock, Series A",other
SYF$B,"Synchrony Financial Depositary Shares Each Representing a 1/40th Interest in a Share of 8.250% Fixed Rate Reset Non-Cumulative Perpetual Preferred Stock, Series B",other
SYFI,AB Short Duration High Yield ETF,other
SYK,Stryker Corporation Common Stock,other
SYLD,Cambria Shareholder Yield ETF,other
SYNX,Silynxcom Ltd. Ordinary Shares,other
SYSB,iShares Systematic Bond ETF,other
SYY,Sysco Corporation Common Stock,other
SZK,ProShares UltraShort Consumer Staples,other
SZNE,Pacer CFRA-Stovall Equal Weight Seasonal Rotation ETF,other
T,AT&T Inc.,other
T$A,"AT&T Inc. Depositary Shares, each representing a 1/1,000th interest in a share of 5.000% Perpetual Preferred Stock, Series A",other
T$C,"AT&T Inc. Depositary Shares, each representing a 1/1,000th interest in a share of 4.750% Perpetual Preferred Stock, Series C",other
TABD,Transamerica Bond Active ETF,other
TAC,TransAlta Corporation Ordinary Shares,other
TACK,Fairlead Tactical Sector ETF,other
TACN,T. Rowe Price Active Core International Equity ETF,other
TACU,T. Rowe Price Active Core U.S. Equity ETF,other
TAFI,AB Tax-Aware Short Duration Municipal ETF,other
TAFL,AB Tax-Aware Long Municipal ETF,other
TAFM,AB Tax-Aware Intermediate Municipal ETF,other
TAGG,T. Rowe Price QM U.S. Bond ETF,other
TAGS,Teucrium Agricultural Fund ETV,other
TAIL,Cambria Tail Risk ETF,other
TAK,Takeda Pharmaceutical Company Limited American Depositary Shares (each representing 1/2 of a share of Common Stock),other
TAL,TAL Education Group American Depositary Shares,other
TALO,"Talos Energy, Inc. Common Stock",other
TALV,Transamerica Large Value Active ETF,other
TAN,Invesco Solar ETF,other
TAP,Molson Coors Beverage Company Class B Common Stock,other
TAP.A,Molson Coors Beverage Company Class A Common Stock,other
TAPR,Innovator Equity Defined Protection ETF - 2 Yr to April 2027,other
TAXF,American Century Diversified Municipal Bond ETF,other
TAXM,BondBloxx IR+M Tax-Aware ETF for Massachusetts Residents,other
TAXX,BondBloxx IR+M Tax-Aware Short Duration ETF,other
TBB,AT&T Inc. 5.350% Global Notes due 2066,other
TBBB,BBB Foods Inc. Class A Common Shares,other
TBF,ProShares Short 20+ Year Treasury,other
TBFC,The Brinsmere Fund  Conservative ETF,other
TBFG,The Brinsmere Fund Growth ETF,other
TBG,TBG Dividend Focus ETF,other
TBI,"TrueBlue, Inc. Common Stock",other
TBJL,Innovator 20  Year Treasury Bond 9 Buffer ETF - July,other
TBLL,Invesco Short Term Treasury ETF,other
TBLU,Tortoise Global Water Fund,other
TBN,Tamboran Resources Corporation Common stock,other
TBT,ProShares UltraShort Lehman 20  Year Treasury,other
TBUX,T. Rowe Price Ultra Short-Term Bond ETF,other
TBX,ProShares Short 7 10 Year Treasury,other
TBXU,Direxion Daily Biotech Top 5 Bull 2X ETF,other
TCAF,T. Rowe Price Capital Appreciation Equity ETF,other
TCAI,Tortoise AI Infrastructure ETF,other
TCAL,T. Rowe Price Capital Appreciation Premium Income ETF,other
TCBX,"Third Coast Bancshares, Inc. Common Stock",other
TCGL,TechCreate Group Ltd. Class A Ordinary Shares,other
TCHP,T. Rowe Price Blue Chip Growth ETF,other
TCI,"Transcontinental Realty Investors, Inc. Common Stock",other
TCPA,TransCanada PipeLines Limited 6.250% Junior Subordinated Notes due 2085,other
TCPB,Thrivent Core Plus Bond ETF,other
TCV,Towle Value ETF,other
TD,Toronto Dominion Bank (The) Common Stock,other
TDAQ,TappAlpha Innovation 100 Growth & Daily Income ETF,other
TDAX,TDAQ Lift ETF,other
TDAY,"USA TODAY Co., Inc. Common Stock",other
TDC,Teradata Corporation Common Stock,other
TDEC,FT Vest Emerging Markets Buffer ETF - December,other
TDF,"Templeton Dragon Fund, Inc. Common Stock",other
TDG,Transdigm Group Incorporated Common Stock,other
TDOC,"Teladoc Health, Inc. Common Stock",other
TDS,"Telephone and Data Systems, Inc. Common Shares",other
TDS$U,"Telephone and Data Systems, Inc. Depositary Shares, Each Representing a 1/1,000th Interest in a 6.625% Series UU Cumulative Redeemable Perpetual Preferred Stock",other
TDS$V,"Telephone and Data Systems, Inc. Depositary Shares, Each Representing a 1/1,000th Interest in a 6.000% Series VV Cumulative Redeemable Perpetual Preferred Stock",other
TDTF,FlexShares iBoxx 5 Year Target Duration TIPS Index Fund,other
TDTT,FlexShares iBoxx 3 Year Target Duration TIPS Index Fund,other
TDV,ProShares S&P Technology Dividend Aristocrats ETF,other
TDVG,T. Rowe Price Dividend Growth ETF,other
TDVI,FT Vest Technology Dividend Target Income ETF,other
TDW,Tidewater Inc. Common Stock,other
TDY,Teledyne Technologies Incorporated Common Stock,other
TE,T1 Energy Inc. Common Stock,other
TE.W,"T1 Energy Inc. Warrants, each whole warrant exercisable to purchase one Common Stock at an exercise price of $11.50 per share",other
TEC,Harbor Transformative Technologies ETF,other
TECB,iShares U.S. Tech Breakthrough Multisector ETF,other
TECK,Teck Resources Ltd Ordinary Shares,other
TECL,Direxion Daily S&P 500 Bear 3X ETF,other
TECS,Direxion Technology Bear 3X ETF,other
TEI,"Templeton Emerging Markets Income Fund, Inc. Common Stock",other
TEK,iShares Technology Opportunities Active ETF,other
TEL,TE Connectivity plc Ordinary Shares,other
TEMD,Templeton Emerging Markets Debt ETF,other
TEMR,T. Rowe Price Emerging Markets Equity Research ETF,other
TEMT,Tradr 2X Long TEM Daily ETF,other
TEMX,Touchstone Sands Capital Emerging Markets ex-China Growth ETF,other
TEN,Tsakos Energy Navigation Ltd Common Shares,other
TEN$E,"Tsakos Energy Navigation Ltd Series E Fixed-to-Floating Rate Cumulative Redeemable Perpetual Preferred Shares, par value $1.00",other
TEN$F,"Tsakos Energy Navigation Ltd Series F Fixed-to-Floating Rate Cumulative Redeemable Perpetual Preferred Shares, par value $1.00",other
TEND,iShares Large Cap 10% Target Buffer Dec ETF,other
TENJ,iShares Large Cap 10% Target Buffer Jun ETF,other
TENM,iShares Large Cap 10% Target Buffer Mar ETF,other
TEO,Telecom Argentina SA,other
TEQI,T. Rowe Price Equity Income ETF,other
TESL,Simplify Volt TSLA Revolution ETF,other
TEST,YieldMax TSLA Performance & Distribution Target 25 ETF,other
TETH,21Shares Ethereum ETF,other
TEVA,Teva Pharmaceutical Industries Limited American Depositary Shares,other
TEX,Terex Corporation Common Stock,other
TEXU,Direxion Daily Energy Top 5 Bull 2X ETF,other
TFC,Truist Financial Corporation Common Stock,other
TFC$I,Truist Financial Corporation Depositary Shares,other
TFC$O,"Truist Financial Corporation Depositary Shares, Each Representing a 1/1,000th Interest in a Share of Series O Non-Cumulative Perpetual Preferred Stock",other
TFC$R,"Truist Financial Corporation Depositary Shares, each representing 1/1,000th interest in a share of Series R Non-Cumulative Perpetual Preferred Stock",other
TFFI,Chesapeake Trend-Following Fixed Income ETF,other
TFI,State Street SPDR Nuveen ICE Municipal Bond ETF,other
TFII,TFI International Inc. Common Shares,other
TFIN,"Triumph Financial, Inc. Common Stock",other
TFIN$,"Triumph Financial, Inc. Depositary Shares, Each Representing a 1/40th Interest in a Share of 7.125% Series C Fixed-Rate Non-Cumulative Perpetual Preferred Stock",other
TFJL,Innovator 20  Year Treasury Bond 5 Floor ETF - July,other
TFLO,iShares Treasury Floating Rate Bond ETF,other
TFLR,T. Rowe Price Floating Rate ETF,other
TFPM,Triple Flag Precious Metals Corp. Common Shares,other
TFPN,Blueprint Chesapeake Multi-Asset Trend ETF,other
TFSA,"Terra Income Fund 6, LLC 7.00% Notes due 2026",other
TFX,Teleflex Incorporated Common Stock,other
TG,Tredegar Corporation Common Stock,other
TGB,"Taseko Mines, Ltd. Common Stock",other
TGE,The Generation Essentials Group Class A Ordinary Shares,other
TGE.W,"The Generation Essentials Group Warrants, each whole warrant exercisable for one Class A Ordinary Share",other
TGEN,Tecogen Inc. Common Stock,other
TGLB,T. Rowe Price Global Equity ETF,other
TGLR,LAFFER TENGLER Equity Income ETF,other
TGLS,Tecnoglass Inc. Ordinary Shares,other
TGNA,TEGNA Inc,other
TGRT,T. Rowe Price Growth ETF,other
TGRW,T. Rowe Price Growth Stock ETF,other
TGS,Transportadora de Gas del Sur SA TGS Common Stock,other
TGT,Target Corporation Common Stock,other
THC,Tenet Healthcare Corporation Common Stock,other
THD,iShares MSCI Thailand ETF,other
THEQ,T. Rowe Price Hedged Equity ETF,other
THG,Hanover Insurance Group Inc,other
THIR,THOR Index Rotation ETF,other
THLV,THOR Equal Weight Low Volatility ETF,other
THM,"International Tower Hill Mines, Ltd. Ordinary Shares (Canada)",other
THNQ,ROBO Global Artificial Intelligence ETF,other
THNR,Amplify Weight Loss Drug & Treatment ETF,other
THO,"Thor Industries, Inc. Common Stock",other
THQ,abrdn Healthcare Opportunities Fund Shares of Beneficial Interest,other
THR,"Thermon Group Holdings, Inc. Common Stock",other
THRO,iShares U.S. Thematic Rotation Active ETF,other
THTA,SoFi Enhanced Yield ETF,other
THW,abrdn World Healthcare Fund Shares of Beneficial Interest,other
THY,Toews Agility Shares Dynamic Tactical Income ETF,other
THYF,T. Rowe Price U.S. High Yield ETF,other
TIC,"TIC Solutions, Inc. Common Stock",other
TIER,T. Rowe Price International Equity Research ETF,other
TII,Titan Mining Corporation Common Shares,other
TIIV,AAM Todd International Intrinsic Value ETF,other
TILL,Teucrium Agricultural Strategy No K-1 ETF,other
TILT,FlexShares Mornigstar US Market Factors Tilt Index Fund ETF,other
TIMB,TIM S.A. American Depositary Shares (Each representing 5 Common Shares) ,other
TIME,Clockwise U.S. Core Equity ETF,other
TINS,Templeton International Insights ETF,other
TINT,ProShares Smart Materials ETF,other
TINY,ProShares Nanotechnology ETF,other
TIP,iShares TIPS Bond ETF,other
TIPA,Northern Trust 2030 Inflation-Linked Distributing Ladder ETF,other
TIPB,Northern Trust 2035 Inflation-Linked Distributing Ladder ETF,other
TIPC,Northern Trust 2045 Inflation-Linked Distributing Ladder ETF,other
TIPD,Northern Trust 2055 Inflation-Linked Distributing Ladder ETF,other
TIPX,State Street SPDR Bloomberg 1a??10 Year TIPS ETF,other
TIPZ,PIMCO Broad U.S. TIPS Index Exchange-Traded Fund,other
TISI,"Team, Inc. Common Stock",other
TJAN,Innovator Equity Defined Protection ETF - 2 Yr to January 2027,other
TJUL,Innovator Equity Defined Protection ETF - 2 Yr to July 2027,other
TJUN,FT Vest Emerging Markets Buffer ETF - June,other
TJX,"TJX Companies, Inc. (The) Common Stock",other
TK,Teekay Corporation Ltd. Common Stock,other
TKC,Turkcell Iletisim Hizmetleri AS Common Stock,other
TKNQ,Amplify Tokenization Technology ETF,other
TKO,"TKO Group Holdings, Inc. Class A Common Stock",other
TKR,Timken Company (The) Common Stock,other
TLCI,Touchstone International Equity ETF,other
TLDR,The Laddered T-Bill ETF,other
TLH,iShares 10-20 Year Treasury Bond ETF,other
TLK,"PT Telekomunikasi Indonesia, Tbk",other
TLTD,FlexShares Morningstar Developed Markets ex-US Factor Tilt Index Fund,other
TLTE,FlexShares Morningstar Emerging Markets Factor Tilt Index Fund,other
TLTI,NEOS Enhanced Income 20+ Year Treasury Bond ETF,other
TLTP,Amplify TLT U.S. Treasury 12% Option Income ETF,other
TLTW,iShares 20+ Year Treasury Bond BuyWrite Strategy ETF,other
TLTX,Global X Treasury Bond Enhanced Income ETF,other
TLYS,"Tilly's, Inc. Common Stock",other
TM,Toyota Motor Corporation Common Stock,other
TMAR,FT Vest Emerging Markets Buffer ETF - March,other
TMAT,Main Thematic Innovation ETF,other
TMDE,TMD Energy Limited Ordinary Shares,other
TMDV,ProShares Russell US Dividend Growers ETF,other
TME,"Tencent Music Entertainment Group American Depositary Shares, each representing two Class A Ordinary Shares",other
TMF,Direxion Daily 20-Yr Treasury Bull 3x Shrs,other
TMFC,Motley Fool 100 Index ETF ETF,other
TMFE,Motley Fool Capital Efficiency 100 Index ETF,other
TMFG,Motley Fool Global Opportunities ETF,other
TMFM,Motley Fool Mid-Cap Growth ETF,other
TMFS,Motley Fool Small-Cap Growth ETF,other
TMFX,Motley Fool Next Index ETF,other
TMH,Toyota Motor Corporation ADRhedged,other
TMHC,Taylor Morrison Home Corporation Common Stock,other
TMLP,Tortoise MLP ETF,other
TMO,Thermo Fisher Scientific Inc Common Stock,other
TMP,Tompkins Financial Corporation Common Stock,other
TMQ,Trilogy Metals Inc. Common Stock,other
TMSL,T. Rowe Price Small-Mid Cap ETF,other
TMV,Direxion Daily 20-Year Treasury Bear 3X,other
TMVE,Thrivent Mid Cap Value ETF,other
TNA,Direxion Small Cap Bull 3X ETF,other
TNC,Tennant Company Common Stock,other
TNET,"TriNet Group, Inc. Common Stock",other
TNGY,Tortoise Energy Fund,other
TNK,Teekay Tankers Ltd.,other
TNL,Travel   Leisure Co. Common  Stock,other
TNUK,Tortoise Nuclear Renaissance ETF,other
TOAK,Manager Directed Portfolios Twin Oak Short Horizon Absolute Return ETF,other
TOCT,Innovator Equity Defined Protection ETF - 2 Yr to October 2027,other
TOGA,Managed Portfolio Series Tremblant Global ETF,other
TOK,iShares MSCI Kokusai ETF,other
TOKE,Cambria Cannabis ETF,other
TOL,"Toll Brothers, Inc. Common Stock",other
TOLL,Tema Monopolies and Oligopolies ETF,other
TOLZ,ProShares DJ Brookfield Global Infrastructure ETF,other
TOON,"Kartoon Studios, Inc. Common Stock",other
TOPC,iShares S&P 500 3% Capped ETF,other
TOPP,Toppoint Holdings Inc. Common Stock,other
TOPS,"TOP Ships, Inc. Common Stock",other
TOPT,iShares Top 20 U.S. Stocks ETF,other
TOS,Twin Oak Strategic Solutions ETF,other
TOST,"Toast, Inc. Class A Common Stock",other
TOT,LionShares U.S. Equity Total Return ETF,other
TOTL,State Street DoubleLine Total Return Tactical ETF,other
TOTR,T. Rowe Price Total Return ETF,other
TOUS,T. Rowe Price International Equity ETF,other
TOV,JLens 500 Jewish Advocacy U.S. ETF,other
TOVX,"Theriva Biologics, Inc. Common Stock",other
TOXR,Shares of Beneficial Interest,other
TPAY,Roundhill S&P 500 Target 10 Managed Distribution ETF,other
TPB,"Turning Point Brands, Inc. Common Stock",other
TPC,Tutor Perini Corporation Common Stock,other
TPET,Trio Petroleum Corp. Common Stock,other
TPH,"Tri Pointe Homes, Inc. Common Stock",other
TPHD,Timothy Plan High Dividend Stock ETF,other
TPIF,Timothy Plan International ETF,other
TPL,Texas Pacific Land Corporation Common Stock,other
TPLC,Timothy Plan US Large/Mid Cap Core ETF,other
TPOR,Direxion Daily Transportation Bull 3X ETF,other
TPR,"Tapestry, Inc. Common Stock",other
TPRY,VistaShares Target 15 TEPRTantrum Contrarian Distribution ETF,other
TPSC,Timothy Plan US Small Cap Core ETF,other
TPTA,"Terra Property Trust, Inc. 6.00% Notes due 2026",other
TPVG,TriplePoint Venture Growth BDC Corp. Common Stock,other
TPYP,Tortoise North American Pipeline Fund,other
TPZ,Tortoise Electrification Infrastructure ETF,other
TR,"Tootsie Roll Industries, Inc. Common Stock",other
TRAD.U,"APEX Tech Acquisition Inc. Units, each consisting of one Class A ordinary share and one right to receive one sixth (1/6) of a Class A ordinary share",other
TRAK,"ReposiTrak, Inc. Common Stock",other
TRC,Tejon Ranch Co Common Stock,other
TREX,"Trex Company, Inc. Common Stock",other
TRFK,Pacer Data and Digital Revolution ETF,other
TRFM,AAM Transformers ETF,other
TRGP,"Targa Resources, Inc. Common Stock",other
TRIO,MC Trio Equity Buffered ETF,other
TRN,"Trinity Industries, Inc. Common Stock",other
TRND,Pacer Trendpilot Fund of Funds ETF,other
TRNO,Terreno Realty Corporation Common Stock,other
TROT,Invesco MSCI Treasury Duration Rotation ETF,other
TROX,Tronox Holdings plc Ordinary Shares (UK),other
TRP,TC Energy Corporation Common Stock,other
TRPA,Hartford AAA CLO ETF,other
TRSY,Xtrackers US 0-1 Year Treasury ETF,other
TRT,Trio-Tech International Common Stock,other
TRTN$A,Triton International Limited 8.50% Series A Cumulative Redeemable Perpetual  Preference Shares,other
TRTN$B,Triton International Limited 8.00% Series B Cumulative Redeemable Perpetual Preference Shares,other
TRTN$C,Triton International Limited 7.375% Series C Cumulative Redeemable Perpetual Preference Shares,other
TRTN$D,Triton International Limited 6.875% Series D Cumulative Redeemable Perpetual Preference Shares,other
TRTN$E,Triton International Limited 5.75% Series E Cumulative Redeemable Perpetual Preference Shares,other
TRTN$F,Triton International Limited 7.625% Series F Cumulative Redeemable Perpetual Preference Shares,other
TRTN$G,Triton International Limited 7.500% Series G Cumulative Redeemable Perpetual Preference Shares,other
TRTX,"TPG RE Finance Trust, Inc. Common Stock",other
TRTX$C,"TPG RE Finance Trust, Inc. 6.25% Series C Cumulative Redeemable Preferred Stock, $0.001 par value per share",other
TRTY,Cambria Trinity ETF,other
TRU,TransUnion Common Stock,other
TRV,"The Travelers Companies, Inc. Common Stock",other
TRX,TRX Gold Corporation Common Stock,other
TS,Tenaris S.A. American Depositary Shares,other
TSCV,Thrivent Small Cap Value ETF,other
TSEC,Touchstone Securitized Income ETF,other
TSEP,FT Vest Emerging Market Buffer ETF - September,other
TSES,Truth Social American Energy Security ETF,other
TSI,"TCW Strategic Income Fund, Inc. Common Stock",other
TSIC,Truth Social American Icons ETF,other
TSII,REX TSLA Growth & Income ETF,other
TSLI,ProShares Ultra TSLA,other
TSLO,Leverage Shares 2x Capped Accelerated TSLA Monthly ETF,other
TSLP,Kurv Yield Premium Strategy Tesla (TSLA) ETF,other
TSLT,T-REX 2X Long Tesla Daily Target ETF,other
TSLW,Roundhill TSLA WeeklyPay ETF,other
TSLX,"Sixth Street Specialty Lending, Inc. Common Stock",other
TSLY,YieldMax TSLA Option Income Strategy ETF,other
TSLZ,T-Rex 2X Inverse Tesla Daily Target ETF,other
TSM,Taiwan Semiconductor Manufacturing Company Ltd.,other
TSME,Thrivent Small-Mid Cap Equity ETF,other
TSMY,YieldMax TSM Option Income Strategy ETF,other
TSN,"Tyson Foods, Inc. Common Stock",other
TSNF,Truth Social American Next Frontiers ETF,other
TSOL,21Shares Solana ETF,other
TSPA,T. Rowe Price U.S. Equity Research ETF,other
TSPX,Twin Oak Active Opportunities ETF,other
TSQ,"Townsquare Media, Inc. Class A Common Stock",other
TSRS,Truth Social American Red State REITs ETF,other
TSSD,Truth Social American Security & Defense ETF,other
TSXD,Direxion Daily Semiconductors Top 5 Bear 2X ETF,other
TSXU,Direxion Daily Semiconductors Top 5 Bull 2X ETF,other
TSYW,Roundhill Treasury Bond WeeklyPay ETF,other
TT,Trane Technologies plc,other
TTAM,Titan America SA Common Shares,other
TTC,Toro Company (The) Common Stock,other
TTDU,T-REX 2X Long TTD Daily Target ETF,other
TTE,TotalEnergies SE Ordinary Shares,other
TTI,"Tetra Technologies, Inc. Common Stock",other
TTOP,21Shares FTSE Crypto 10 Index ETF,other
TTT,ProShares UltraPro Short 20 Year Treasury,other
TTXD,Direxion Daily Technology Top 5 Bear 2X ETF,other
TTXU,Direxion Daily Technology Top 5 Bull 2X ETF,other
TU,Telus Corporation Ordinary Shares,other
TUA,Simplify Short Term Treasury Futures Strategy ETF,other
TUSB,Thrivent Ultra Short Bond ETF,other
TUSI,Touchstone Ultra Short Income ETF,other
TUYA,"Tuya Inc. American Depositary Shares, each representing one Class A Ordinary Share",other
TV,Grupo Televisa S.A.B. Common Stock,other
TVAL,T. Rowe Price Value ETF,other
TVC,Tennessee Valley Authority Common Stock,other
TVE,Tennessee Valley Authority,other
TWI,"Titan International, Inc. (DE) Common Stock",other
TWLO,Twilio Inc. Class A Common Stock,other
TWM,ProShares UltraShort Russell2000,other
TWN,"Taiwan Fund, Inc. (The) Common Stock",other
TWO,Two Harbors Investment Corp,other
TWO$A,Two Harbors Investments Corp 8.125% Series A Fixed-to-Floating Rate Cumulative Redeemable Preferred Stock ($25.00 liquidation preference per share),other
TWO$B,Two Harbors Investments Corp 7.625% Series B Fixed-to-Floating Rate Cumulative Redeemable Preferred Stock,other
TWO$C,Two Harbors Investments Corp 7.25% Series C Fixed-to-Floating Rate Cumulative Redeemable Preferred Stock,other
TWOD,Two Harbors Investments Corp 9.375% Senior Notes due 2030,other
TWOX,iShares Large Cap Accelerated Outcome ETF,other
TX,"Ternium S.A. Ternium S.A. American Depositary Shares (each representing ten shares, USD1.00 par value)",other
TXBC,21Shares FTSE Crypto 10 ex-BTC Index ETF,other
TXNM,"TXNM Energy, Inc. Common Stock",other
TXO,"TXO Partners, L.P. Common Units Representing Limited Partner Interests",other
TXS,Texas Capital Texas Equity Index ETF,other
TXT,Textron Inc. Common Stock,other
TXXI,BondBloxx IR+M Tax-Aware Intermediate Duration ETF,other
TY,Tri Continental Corporation Common Stock,other
TY$,Tri Continental Corporation Preferred Stock,other
TYA,Simplify Intermediate Term Treasury Futures Strategy ETF,other
TYD,Direxion Daily 10-Yr Treasury Bull 3x Shrs,other
TYG,Tortoise Energy Infrastructure Corporation Common Stock,other
TYL,"Tyler Technologies, Inc. Common Stock",other
TYLD,Cambria Tactical Yield ETF,other
TYLG,Global X Information Technology Covered Call & Growth ETF,other
TYO,Direxion Daily 10-Yr Treasury Bear 3x Shrs,other
TZA,Direxion Small Cap Bear 3X ETF,other
U,Unity Software Inc. Common Stock,other
UA,"Under Armour, Inc. Class C Common Stock",other
UAA,"Under Armour, Inc. Class A Common Stock",other
UAC,United Acquisition Corp. I Class A Ordinary Shares,other
UAC.U,"United Acquisition Corp. I Units, each consisting of one Class A ordinary share and one-quarter of one redeemable warrant",other
UAC.W,"United Acquisition Corp. I Warrants, each whole warrant exercisable for one Class A ordinary share at an exercise price of $11.50",other
UAMY,United States Antimony Corporation Common Stock,other
UAN,"CVR Partners, LP Common Units representing Limited Partner Interests",other
UAPR,Innovator U.S. Equity Ultra Buffer ETF - April,other
UAUG,Innovator U.S. Equity Ultra Buffer ETF - August,other
UAVS,"AgEagle Aerial Systems, Inc. Common Stock",other
UBER,"Uber Technologies, Inc. Common Stock",other
UBEW,Roundhill UBER WeeklyPay ETF,other
UBOT,"Direxion Daily Robotics, Artificial Intelligence & Automation Index Bull 2X ETF",other
UBR,ProShares Ultra MSCI Brazil Capped,other
UBS,UBS Group AG Registered Ordinary Shares,other
UBT,ProShares Ultra 20+ Year Treasury,other
UCB,"United Community Banks, Inc. Common Stock",other
UCC,ProShares Ultra Consumer Discretionary,other
UCIB,"ETRACS UBS Bloomberg Constant Maturity Commodity Index (CMCI) Total Return ETN Series B due April 5, 2038",other
UCO,ProShares Ultra Bloomberg Crude Oil,other
UCON,First Trust Smith Unconstrained Bond ETF,other
UDEC,Innovator U.S. Equity Ultra Buffer ETF - December,other
UDI,USCF Dividend Income Fund,other
UDIV,Franklin U.S. Core Dividend Tilt Index ETF,other
UDN,Invesco DB USD Index Bearish ETF,other
UDOW,ProShares UltraPro Dow30,other
UDR,"UDR, Inc. Common Stock",other
UE,Urban Edge Properties Common Shares of Beneficial Interest,other
UEC,Uranium Energy Corp. Common Stock,other
UFEB,Innovator U.S. Equity Ultra Buffer ETF - February,other
UFI,"Unifi, Inc. New Common Stock",other
UFOD,Tuttle Capital UFO Disclosure ETF,other
UGA,United States Gasoline Fund LP,other
UGE,ProShares Ultra Consumer Staples,other
UGI,UGI Corporation Common Stock,other
UGL,ProShares Ultra Gold,other
UGP,Ultrapar Participacoes S.A. (New) American Depositary Shares (Each representing one Common Share),other
UHAL,U-Haul Holding Company Common Stock,other
UHAL.B,U-Haul Holding Company Series N Non-Voting Common Stock ,other
UHS,"Universal Health Services, Inc. Common Stock",other
UHT,Universal Health Realty Income Trust Common Stock,other
UI,Ubiquiti Inc. Common Stock,other
UIS,Unisys Corporation New Common Stock,other
UJAN,Innovator U.S. Equity Ultra Buffer ETF - January,other
UJB,ProShares Ultra High Yield ETF,other
UJUL,Innovator U.S. Equity Ultra Buffer ETF - July,other
UJUN,Innovator U.S. Equity Ultra Buffer ETF - June,other
UL,Unilever PLC American Depositary Shares (each representing One Ordinary Share),other
ULE,ProShares Ultra Euro,other
ULS,UL Solutions Inc. Class A Common Stock,other
ULST,State Street Ultra Short Term Bond ETF,other
ULTY,YieldMax Ultra Option Income Strategy ETF,other
UMAC,"Unusual Machines, Inc. Common Stock",other
UMAR,Innovator U.S. Equity Ultra Buffer ETF - March,other
UMAY,Innovator U.S. Equity Ultra Buffer ETF - May,other
UMC,United Microelectronics Corporation (NEW) Common Stock,other
UMDD,UltraPro MidCap400,other
UMH,"UMH Properties, Inc. Common Stock",other
UMH$D,"UMH Properties, Inc. 6.375% Series D Cumulative Redeemable Preferred Stock, Liquidation Preference $25 per share",other
UMI,USCF Midstream Energy Income Fund ETF,other
UNF,Unifirst Corporation Common Stock,other
UNFI,"United Natural Foods, Inc. Common Stock",other
UNG,United States Natural Gas Fund LP,other
UNH,UnitedHealth Group Incorporated Common Stock (DE),other
UNHW,Roundhill UNH WeeklyPay ETF,other
UNL,United States 12 Month Natural Gas Fund,other
UNM,Unum Group Common Stock,other
UNMA,Unum Group 6.250% Junior Subordinated Notes due 2058,other
UNOV,Innovator U.S. Equity Ultra Buffer ETF - November,other
UNP,Union Pacific Corporation Common Stock,other
UNX,Tradr 2X Long U Daily ETF,other
UOCT,Innovator U.S. Equity Ultra Buffer ETF - October,other
UP,Wheels Up Experience Inc. Class A Common Stock,other
UPAR,UPAR Ultra Risk Parity ETF,other
UPGD,Invesco Bloomberg Analyst Rating Improvers ETF,other
UPRO,ProShares UltraPro S&P 500,other
UPS,"United Parcel Service, Inc. Common Stock",other
UPSD,Aptus Large Cap Upside ETF,other
UPSX,Tradr 2X Long UPST Daily ETF,other
UPV,ProShares Ultra FTSE Europe,other
UPW,ProShares Ultra Utilities,other
URA,Global X Uranium ETF,other
URAA,Direxion Daily Uranium Industry Bull 2X ETF,other
URAN,Themes Uranium & Nuclear ETF,other
URE,ProShares Ultra Real Estate,other
URG,Ur Energy Inc Common Shares (Canada),other
URI,"United Rentals, Inc. Common Stock",other
URNM,Sprott Uranium Miners ETF,other
URSP,ProShares Ultra S&P 500 Equal Weight,other
URTH,iShares MSCI World ETF,other
URTY,ProShares UltraPro Russell2000,other
USA,Liberty All-Star Equity Fund Common Stock,other
USAC,"USA Compression Partners, LP Common Units Representing Limited Partner Interests",other
USAI,Pacer American Energy Infrastructure ETF,other
USAS,"Americas Gold and Silver Corporation Common Shares, no par value",other
USAX,Tradr 2X Long USAR Daily ETF,other
USB,U.S. Bancorp Common Stock,other
USB$A,"U.S. Bancorp Depositary Shares, Each representing a 1/100th interest in a share of Series A Non-CumulativePerpetual Pfd Stock",other
USB$H,U.S. Bancorp Depositary Shares repstg 1/1000th Pfd Ser B,other
USB$P,"U.S. Bancorp Depositary Shares each representing a 1/1,000th interest in a share of Series K Non-Cumulative Perpetual Preferred Stock",other
USB$Q,"U.S. Bancorp Depositary Shares, Each Representing a 1/1,000th Interest in a Share of Series L Non-Cumulative Perpetual Preferred Stock",other
USB$R,"U.S. Bancorp Depositary Shares, Each Representing a 1/1,000th Interest in a Share of Series M Non-Cumulative Perpetual Preferred Stock",other
USB$S,"U.S. Bancorp Depositary Shares, each representing a 1/1,000th interest in a share of Series O Non-Cumulative Perpetual Preferred Stock",other
USBC,"USBC, Inc. Common Stock",other
USCA,Xtrackers MSCI USA Climate Action Equity ETF,other
USCI,United States Commodity Index Fund ETV,other
USD,ProShares Ultra Semiconductors,other
USDU,WisdomTree Bloomberg U.S. Dollar Bullish Fund,other
USE,USCF Energy Commodity Strategy Absolute Return Fund,other
USEP,Innovator U.S. Equity Ultra Buffer ETF - September,other
USEW,Cambria US EW ETF,other
USFD,US Foods Holding Corp. Common Stock,other
USFE,First Eagle US Equity ETF,other
USFR,WisdomTree Floating Rate Treasury Fund,other
USG,USCF Gold Strategy Plus Income Fund,other
USHY,iShares Broad USD High Yield Corporate Bond ETF,other
USL,United States 12 Month Oil,other
USLN,iShares Broad USD Floating Rate Loan ETF,other
USMD,CoreValues America First Technology ETF,other
USMF,WisdomTree U.S. Multifactor Fund,other
USML,ETRACS 2x Leveraged MSCI US Minimum Volatility Factor TR ETN,other
USMV,iShares MSCI USA Min Vol Factor ETF,other
USNA,"USANA Health Sciences, Inc. Common Stock",other
USNG,Amplify Samsung U.S. Natural Gas Infrastructure ETF,other
USNZ,Xtrackers Net Zero Pathway Paris Aligned US Equity ETF,other
USO,United States Oil Fund,other
USPH,"U.S. Physical Therapy, Inc. Common Stock",other
USPX,Franklin U.S. Equity Index ETF,other
USRT,iShares Core U.S. REIT ETF,other
USSE,Segall Bryant & Hamill Trust Segall Bryant & Hamill Select Equity ETF,other
USSG,Xtrackers MSCI USA Selection Equity ETF,other
UST,ProShares Ultra 7-10 Year Treasury,other
UTES,Virtus Reaves Utilities ETF,other
UTF,"Cohen & Steers Infrastructure Fund, Inc Common Stock",other
UTG,Reaves Utility Income Fund Common Shares of Beneficial Interest,other
UTI,Universal Technical Institute Inc Common Stock,other
UTL,UNITIL Corporation Common Stock,other
UTSL,Direxion Daily Utilities Bull 3X ETF,other
UTZ,Utz Brands Inc Class A Common Stock ,other
UUP,Invesco DB USD Index Bullish Fund ETF,other
UUU,"Universal Safety Products, Inc. Common Stock",other
UUUU,Energy Fuels Inc Ordinary Shares (Canada),other
UVE,UNIVERSAL INSURANCE HOLDINGS INC Common Stock,other
UVIX,2x Long VIX Futures ETF,other
UVV,Universal Corporation Common Stock,other
UVXY,ProShares Ultra VIX Short Term Futures ETF,other
UWM,ProShares Ultra Russell2000,other
UWMC,UWM Holdings Corporation Class A Common Stock,other
UX,Roundhill Uranium ETF,other
UXAP,FT Vest U.S. Equity Uncapped Accelerator ETF - April,other
UXI,ProShares Ultra Industrials,other
UXJA,FT Vest U.S. Equity Uncapped Accelerator ETF - January,other
UXJL,FT Vest U.S. Equity Uncapped Accelerator ETF - July,other
UXOC,FT Vest U.S. Equity Uncapped Accelerator ETF - October,other
UXRP,ProShares Ultra XRP ETF,other
UYG,ProShares Ultra Financials,other
UYM,ProShares Ultra Materials,other
UZD,"Array Digital Infrastructure, Inc. 6.250% Senior Notes due 2069",other
UZE,"Array Digital Infrastructure, Inc. 5.500% Senior Notes due 2070",other
UZF,"Array Digital Infrastructure, Inc. 5.500% Senior Notes due 2070",other
V,Visa Inc.,other
VABS,Virtus Newfleet ABS/MBS ETF,other
VAC,Marriott Vacations Worldwide Corporation Common Stock,other
VACI,Viking Acquisition Corp. I Class A Ordinary Shares,other
VACI.U,"Viking Acquisition Corp. I Units, each consisting of one Class A ordinary share and one-third of one Warrant",other
VACI.W,Viking Acquisition Corp. I Warrants to purchase one Class A Ordinary Share,other
VAL,Valaris Limited Common Shares,other
VAL.W,Valaris Limited Warrants,other
VALE,VALE S.A.  American Depositary Shares Each Representing one common share,other
VALQ,American Century U.S. Quality Value ETF,other
VAMO,Cambria Value and Momentum ETF,other
VATE,INNOVATE Corp. Common Stock,other
VAW,Vanguard Materials ETF,other
VB,Vanguard Small-Cap ETF,other
VBF,Invesco Bond Fund Common Stock,other
VBK,Vanguard Small-Cap Growth ETF,other
VBND,Vident U.S. Bond Strategy ETF,other
VBR,Vanguard Small-Cap Value ETF,other
VCEB,Vanguard World Funds ETF,other
VCLN,Virtus Duff & Phelps Clean Energy ETF,other
VCOB,Voya Core Bond ETF,other
VCR,Vanguard Consumer Discretion ETF,other
VCRM,Vanguard Core Tax-Exempt Bond ETF,other
VCV,Invesco California Value Municipal Income Trust Common Stock,other
VCX,"Fundrise Innovation Fund, LLC Common Shares of Limited Liability Company Interests",other
VDC,Vanguard Consumer Staples ETF,other
VDE,Vanguard Energy ETF,other
VDI,Virtus International Dividend ETF,other
VDIG,Vanguard Wellington Dividend Growth Active ETF,other
VEA,Vanguard FTSE Developed Markets ETF,other
VEEV,Veeva Systems Inc. Class A Common Stock,other
VEGA,AdvisorShares STAR Global Buy-Write ETF,other
VEGI,iShares MSCI Agriculture Producers ETF,other
VEGN,US Vegan Climate Index,other
VEL,"Velocity Financial, Inc. Common Stock",other
VEM,Virtus Emerging Markets Dividend ETF,other
VEMY,Virtus Stone Harbor Emerging Markets High Yield Bond ETF,other
VENU,Venu Holding Corporation Common Stock,other
VERS,ProShares Metaverse ETF,other
VET,Vermilion Energy Inc. Common (Canada),other
VETZ,Academy Veteran Bond ETF,other
VEU,Vanguard FTSE All World Ex US ETF,other
VEXC,Vanguard Emerging Markets Ex-China ETF,other
VFC,V.F. Corporation Common Stock,other
VFH,Vanguard Financials ETF,other
VFL,abrdn National Municipal Income Fund Common Stock,other
VFMF,Vanguard U.S. Multifactor ETF,other
VFMO,Vanguard U.S. Momentum Factor ETF,other
VFMV,Vanguard U.S. Minimum Volatility ETF,other
VFQY,Vanguard U.S. Quality Factor ETF,other
VFVA,Vanguard U.S. Value Factor ETF,other
VG,"Venture Global, Inc. Class A common stock",other
VGHY,Vanguard High-Yield Active ETF,other
VGI,Virtus Global Multi-Sector Income Fund Common Shares of Beneficial Interest,other
VGK,Vanguard FTSEEuropean ETF,other
VGM,Invesco Trust for Investment Grade Municipals Common Stock (DE),other
VGMS,Vanguard Multi-Sector Income Bond ETF,other
VGRO,Virtus Silvant Growth Opportunities ETF,other
VGT,Vanguard Information Tech ETF,other
VGVT,Vanguard Government Securities Active ETF,other
VGZ,Vista Gold Corp Common Stock,other
VHI,"Valhi, Inc. Common Stock",other
VHT,Vanguard Health Care ETF,other
VIA,"Via Transportation, Inc. Class A Common Stock",other
VICE,AdvisorShares Vice ETF,other
VICI,VICI Properties Inc. Common Stock,other
VIDI,Vident International Equity Strategy ETF,other
VIG,Vanguard Div Appreciation ETF,other
VIK,Viking Holdings Ltd Ordinary Shares,other
VIOG,Vanguard S&P Small-Cap 600 Growth ETF,other
VIOO,Vanguard S&P Small-Cap 600 ETF,other
VIOV,Vanguard S&P Small-Cap 600 Value ETF,other
VIPS,"Vipshop Holdings Limited American Depositary Shares, each representing two ordinary shares",other
VIRT,"Virtu Financial, Inc. Class A Common Stock",other
VIS,Vanguard Industrials ETF,other
VIST,"Vista Energy S.A.B. de C.V. American Depositary Shares, each representing one series A share, with no par value",other
VIV,Telefonica Brasil S.A. American Depositary Shares (Each representing One Common Share),other
VIXM,VIX Mid-Term Futures ETF,other
VIXY,VIX Short-Term Futures ETF,other
VKI,Invesco Advantage Municipal Income Trust II Common Shares of Beneficial Interest (DE),other
VKQ,Invesco Municipal Trust Common Stock,other
VLLU,Harbor AlphaEdge Large Cap Value ETF,other
VLN,Valens Semiconductor Ltd. Ordinary Shares,other
VLN.W,"Valens Semiconductor Ltd. Warrants, each warrant to purchase one-half of one Ordinary Share",other
VLO,Valero Energy Corporation Common Stock,other
VLRS,"Controladora Vuela Compania de Aviacion, S.A.B. de C.V. American Depositary Shares, each representing ten (10) Ordinary Participation Certificates",other
VLT,Invesco High Income Trust II,other
VLTO,Veralto Corp Common Stock ,other
VLU,State Street SPDR S&P 1500 Value Tilt ETF,other
VLUE,iShares MSCI USA Value Factor ETF,other
VMAX,Hartford US Value ETF,other
VMC,Vulcan Materials Company (Holding Company) Common Stock,other
VMI,"Valmont Industries, Inc. Common Stock",other
VMO,Invesco Municipal Opportunity Trust Common Stock,other
VMSB,Voya Multi-Sector Income ETF,other
VNAM,Global X MSCI Vietnam ETF,other
VNIE,Vontobel International Equity Active ETF,other
VNLA,Janus Henderson Short Duration Income ETF,other
VNM,VanEck Vietnam ETF,other
VNO,Vornado Realty Trust Common Stock,other
VNO$L,Vornado Realty Trust Pfd Ser L %,other
VNO$M,"Vornado Realty Trust 5.25% Series M Cumulative Redeemable Preferred Shares of Beneficial Interest, liquidation preference $25.00 per share, no par value per share",other
VNO$N,"Vornado Realty Trust 5.25% Series N Cumulative Redeemable Preferred Shares of Beneficial Interest, liquidation preference $25.00 per share",other
VNO$O,"Vornado Realty Trust 4.45% Series O Cumulative Redeemable Preferred Shares, Liquidation Preference $25.00 Per Share",other
VNQ,Vanguard Real Estate ETF,other
VNRX,VolitionRX Limited Common Stock,other
VNSE,Natixis Vaughan Nelson Select ETF,other
VNT,Vontier Corporation Common Stock ,other
VNTG,Vantage Corp Class A Ordinary Shares,other
VO,Vanguard Mid-Cap ETF,other
VOC,VOC Energy Trust Units of Beneficial Interest,other
VOE,Vanguard Mid-Cap Value ETF,other
VOO,Vanguard S&P 500 ETF,other
VOOG,Vanguard S&P 500 Growth ETF,other
VOOV,Vanguard S&P 500 Value ETF,other
VOT,Vanguard Mid-Cap Growth ETF,other
VOX,Vanguard Communication Services  ETF,other
VOYA,"Voya Financial, Inc. Common Stock",other
VOYA$B,"Voya Financial, Inc. Depositary Shares, each representing a 1/40th interest in a share of 5.35% Fixed-Rate Reset Non-Cumulative Preferred Stock, Series B",other
VOYG,"Voyager Technologies, Inc. Class A Common Stock",other
VOYX,Tradr 2X Long VOYG Daily ETF,other
VPC,Virtus Private Credit Strategy ETF,other
VPG,"Vishay Precision Group, Inc. Common Stock",other
VPL,Vanguard FTSE Pacific ETF,other
VPU,Vanguard Utilities ETF,other
VPV,Invesco Pennsylvania Value Municipal Income Trust Common Stock (DE),other
VPX,Variant Perception Cycle Aware US Equity ETF,other
VRAI,Virtus Real Asset Income ETF,other
VRE,"Veris Residential, Inc. Common Stock",other
VRP,Invesco Variable Rate Preferred ETF,other
VRT,"Vertiv Holdings, LLC Class A Common Stock",other
VRTS,"Virtus Investment Partners, Inc. Common Stock",other
VSCO,Victorias Secret & Co. Common Stock ,other
VSDB,Vanguard Short Duration Bond ETF,other
VSDM,Vanguard Short Duration Tax-Exempt Bond ETF,other
VSGX,Vanguard ESG International Stock ETF,other
VSH,"Vishay Intertechnology, Inc. Common Stock",other
VSHY,Virtus Newfleet Short Duration High Yield Bond ETF,other
VSLU,Applied Finance Valuation Large Cap ETF,other
VSS,Vanguard FTSE All-Wld ex-US SmCp Idx ETF,other
VST,Vistra Corp. Common Stock,other
VSTS,Vestis Corporation Common Stock,other
VT,Vanguard Total World Stock Index ETF,other
VTAK,"Catheter Precision, Inc. Common Stock",other
VTEB,Vanguard Tax-Exempt Bond ETF,other
VTEC,Vanguard California Tax-Exempt Bond ETF,other
VTEI,Vanguard Tax-Managed Funds Vanguard Intermediate-Term Tax-Exempt Bond ETF,other
VTEL,Vanguard Long-Term Tax-Exempt Bond ETF,other
VTES,Vanguard Wellington Fund Vanguard Short-Term Tax Exempt Bond ETF,other
VTEX,VTEX Class A Common Shares,other
VTG,Vanguard Total Treasury ETF,other
VTI,Vanguard Total Stock Market ETF,other
VTMX,"Corporacion Inmobiliaria Vesta, S.A.B de C.V. American Depositary Shares, each representing ten (10) Common Shares",other
VTN,Invesco Trust for Investment Grade New York Municipals Common Stock,other
VTOL,"Bristow Group, Inc. Common Stock",other
VTP,Vanguard Total Inflation-Protected Securities ETF,other
VTR,"Ventas, Inc. Common Stock",other
VTS,"Vitesse Energy, Inc. Common Stock",other
VTV,Vanguard Value ETF,other
VUG,Vanguard Growth ETF,other
VUS,Virtus US Dividend ETF,other
VUSB,Vanguard Ultra-Short Bond ETF,other
VUSE,Vident U.S. Equity Strategy ETF,other
VUSG,Vanguard Wellington U.S. Growth Active ETF,other
VUSI,Voya Ultra Short Income ETF,other
VUSV,Vanguard Wellington U.S. Value Active ETF,other
VV,Vanguard Large-Cap ETF,other
VVR,Invesco Senior Income Trust Common Stock (DE),other
VVV,Valvoline Inc. Common Stock,other
VVX,"V2X, Inc. Common Stock",other
VWID,Virtus WMC International Dividend ETF,other
VWO,Vanguard FTSE Emerging Markets ETF,other
VXF,Vanguard Extended Market ETF,other
VXX,iPath Series B S&P 500 VIX Short-Term Futures ETN,other
VXZ,iPath Series B S&P 500 VIX Mid-Term Futures ETN,other
VYLD,"Inverse VIX Short-Term Futures ETNs due March 22, 2045",other
VYM,Vanguard High Dividend Yield ETF,other
VYX,NCR Voyix Corporation Common Stock,other
VZ,Verizon Communications Inc. Common Stock,other
VZLA,Vizsla Silver Corp. Common Shares,other
W,Wayfair Inc. Class A Common Stock,other
WAB,Westinghouse Air Brake Technologies Corporation Common Stock,other
WAGN,Pabrai Wagons ETF,other
WAL,Western Alliance Bancorporation Common Stock (DE),other
WAL$A,"Western Alliance Bancorporation Depositary Shares, Each Representing a 1/400th Interest in a Share of 4.250% Fixed-Rate Non-Cumulative Perpetual Preferred Stock, Series A",other
WANT,Direxion Daily Consumer Discretionary Bull 3X ETF,other
WAR,U.S. Global Technology and Aerospace & Defense ETF,other
WAT,Waters Corporation Common Stock,other
WBI,WaterBridge Infrastructure LLC Class A Shares Representing Limited Liability Company Interests,other
WBIF,WBI BullBear Value 3000 ETF,other
WBIG,WBI BullBear Yield 3000 ETF,other
WBIL,WBI BullBear Quality 3000 ETF,other
WBIY,WBI Power Factor High Dividend ETF,other
WBS,Webster Financial Corporation Common Stock,other
WBS$F,"Webster Financial Corporation Depositary Shares, Each Representing 1/1,000th Interest in a Share of 5.25% Series F Non-Cumulative Perpetual Preferred Stock",other
WBS$G,"Webster Financial Corporation Depositary Shares, each representing a 1/40th interest in a share of 6.50% Series G non-cumulative perpetual preferred stock",other
WBX,Wallbox N.V. Class A Ordinary Shares,other
WCAP,WarCap Unconstrained Equity ETF,other
WCC,"WESCO International, Inc. Common Stock",other
WCEO,Hypatia Women CEO ETF,other
WCME,First Trust WCM Developing World Equity ETF,other
WCMI,First Trust WCM International Equity ETF,other
WCN,"Waste Connections, Inc. Common Shares",other
WCPB,Weitz Core Plus Bond ETF,other
WD,"Walker & Dunlop, Inc Common Stock",other
WDCX,Tradr 2X Long WDC Daily ETF,other
WDEF,WisdomTree Europe Defense Fund,other
WDH,Waterdrop Inc. American Depositary Shares (each representing the right to receive 10 Class A Ordinary Shares),other
WDI,Western Asset Diversified Income Fund Common Shares of Beneficial Interest,other
WDIV,State Street SPDR S&P Global Dividend ETF,other
WDNA,WisdomTree BioRevolution Fund,other
WDS,"Woodside Energy Group Limited American Depositary Shares, each representing one Ordinary Share",other
WDTE,Defiance S&P 500 Weekly Distribution ETF,other
WEA,Western Asset Bond Fund Share of Beneficial Interest,other
WEAT,Teucrium Wheat Fund ETV,other
WEAV,"Weave Communications, Inc. Common Stock",other
WEBL,Direxion Daily Dow Jones Internet Bull 3X ETF,other
WEBS,Direxion Daily Dow Jones Internet Bear 3X ETF,other
WEC,"WEC Energy Group, Inc. Common Stock",other
WEED,Roundhill Cannabis ETF,other
WEEK,Roundhill Weekly T-Bill ETF,other
WEEL,Peerless Option Income Wheel ETF,other
WELL,Welltower Inc. Common Stock,other
WEPN,Nicholas Defense and Rare Earth Income ETF,other
WES,"Western Midstream Partners, LP Common Units Representing Limited Partner Interests",other
WEX,WEX Inc. common stock,other
WF,Woori Financial Group Inc. American Depositary Shares (each representing three (3) shares of Common Stock),other
WFC,Wells Fargo & Company Common Stock,other
WFC$A,"Wells Fargo & Company Depositary Shares, each representing a 1/1,000th interest in a share of Non-Cumulative Perpetual Class A Preferred Stock, Series AA",other
WFC$C,"Wells Fargo & Company Depositary Shares, each representing a 1/1,000th interest in a share of Non-Cumulative Perpetual Class A Preferred Stock, Series CC",other
WFC$D,"Wells Fargo & Company Depositary Shares, each representing a 1/1,000th interest in  a share of Non-Cumulative Perpetual Class A Preferred Stock, Series DD",other
WFC$L,"Wells Fargo & Company 7.50% Non-Cumulative Perpetual Convertible Class A Preferred Stock, Series L",other
WFC$Y,"Wells Fargo & Company Depositary Shares, each representing a 1/1,000th interest in a share of Non-Cumulative Perpetual Class A Preferred Stock, Series Y",other
WFC$Z,"Wells Fargo & Company Depositary Shares, each representing a 1/1,000th interest in a share of Non-Cumulative Perpetual Class A Preferred Stock, Series Z",other
WFG,West Fraser Timber Co. Ltd Common stock,other
WGO,"Winnebago Industries, Inc. Common Stock",other
WH,"Wyndham Hotels & Resorts, Inc. Common Stock ",other
WHD,"Cactus, Inc. Class A Common Stock",other
WHG,Westwood Holdings Group Inc Common Stock,other
WHR,Whirlpool Corporation Common Stock,other
WHR$A,"Whirlpool Corporation Depositary Shares, each representing a 1/20th interest in a share of 8.50% Series A Mandatory Convertible Preferred Stock",other
WIA,Western Asset Inflation-Linked Income Fund,other
WINN,Harbor Long-Term Growers ETF,other
WIP,SPDR FTSE International Government Inflation-Protected Bond ETF,other
WISD,Wisdom Short Duration Income ETF,other
WIT,Wipro Limited Common Stock,other
WIW,Western Asset Inflation-Linked Opportunities & Income Fund,other
WK,Workiva Inc. Class A Common Stock,other
WKC,World Kinect Corporation Common Stock,other
WLDR,Affinity World Leaders Equity ETF,other
WLDU,Leverage Shares 2x Long World Stock Daily ETF,other
WLK,Westlake Corporation Common Stock,other
WLKP,Westlake Chemical Partners LP Common Units representing limited partner interests,other
WLTG,WealthTrust DBS Long Term Growth ETF,other
WLY,"John Wiley & Sons, Inc. Common Stock",other
WLYB,"John Wiley & Sons, Inc. Common Stock",other
WM,"Waste Management, Inc. Common Stock",other
WMB,"Williams Companies, Inc. (The) Common Stock",other
WMK,"Weis Markets, Inc. Common Stock",other
WMS,"Advanced Drainage Systems, Inc. Common Stock",other
WMSB,Weitz Multisector Bond ETF,other
WMTI,REX WMT Growth & Income ETF,other
WNC,Wabash National Corporation Common Stock,other
WNTR,YieldMax MSTR Short Option Income Strategy ETF,other
WOLF,"Wolfspeed, Inc. Common Stock New",other
WOMN,Impact Shares Women's Empowerment ETF,other
WOR,"Worthington Enterprises, Inc. Common Shares",other
WPAC,White Pearl Acquisition Corp. Class A Ordinary Shares,other
WPAC.R,"White Pearl Acquisition Corp. Rights, each right entitles the holder to receive one-fifth of one Class A ordinary share upon consummation of the initial business combination",other
WPAC.U,"White Pearl Acquisition Corp. Units, each consisting of one Class A ordinary share and one right to receive one-fifth (1/5) of one Class A ordinary share",other
WPAY,Roundhill WeeklyPay Universe ETF,other
WPC,W. P. Carey Inc. REIT,other
WPM,Wheaton Precious Metals Corp Common Shares (Canada),other
WPP,WPP plc American Depositary Shares,other
WQTM,WisdomTree Quantum Computing Fund,other
WRB,W.R. Berkley Corporation Common Stock,other
WRB$E,W.R. Berkley Corporation 5.70% Subordinated Debentures due 2058,other
WRB$F,W.R. Berkley Corporation 5.10% Subordinated Debentures due 2059,other
WRB$G,W.R. Berkley Corporation 4.25% Subordinated Debentures due 2060,other
WRB$H,W.R. Berkley Corporation 4.125% Subordinated Debentures due 2061,other
WRBY,Warby Parker Inc. Class A Common Stock,other
WRN,Western Copper and Gold Corporation Common Stock,other
WS,"Worthington Steel, Inc. Common Shares",other
WSM,"Williams-Sonoma, Inc. Common Stock (DE)",other
WSO,"Watsco, Inc. Common Stock",other
WSO.B,"Watsco, Inc. Class B Common Stock",other
WSR,Whitestone REIT Common Shares,other
WST,"West Pharmaceutical Services, Inc. Common Stock",other
WT,"WisdomTree, Inc. Common Stock",other
WTAI,WisdomTree Artificial Intelligence and Innovation Fund,other
WTI,"W&T Offshore, Inc. Common Stock",other
WTIB,USCF Oil Plus Bitcoin Strategy Fund,other
WTID,MicroSectors Energy 3X Inverse Leveraged ETNs,other
WTIU,MicroSectors Energy 3X Leveraged ETNs,other
WTLS,WisdomTree Efficient Long/Short U.S. Equity Fund,other
WTM,"White Mountains Insurance Group, Ltd. Common Stock",other
WTMF,WisdomTree Managed Futures Strategy Fund,other
WTPI,WisdomTree Equity Premium Income Fund,other
WTRE,WisdomTree New Economy Real Estate Fund,other
WTRG,"Essential Utilities, Inc. Common Stock",other
WTS,"Watts Water Technologies, Inc. Class A Common Stock",other
WTTR,"Select Water Solutions, Inc. Class A common stock",other
WTV,WisdomTree U.S. Value Fund,other
WU,Western Union Company (The) Common Stock,other
WUGI,AXS Esoterica NextG Economy ETF,other
WULX,Tradr 2X Long WULF Daily ETF,other
WWJD,Inspire International ETF,other
WWR,"Westwater Resources, Inc. Common Stock",other
WWW,"Wolverine World Wide, Inc. Common Stock",other
WXET,Teucrium 2x Daily Wheat ETF,other
WY,Weyerhaeuser Company Common Stock,other
WYY,WidePoint Corporation Common Stock,other
WZRD,Opportunistic Trader ETF,other
XAGG,Eaton Vance Income Opportunities ETF,other
XAPR,FT Vest U.S. Equity Enhance & Moderate Buffer ETF - April,other
XAR,State Street SPDR S&P Aerospace & Defense ETF,other
XAUG,FT Vest U.S. Equity Enhance & Moderate Buffer ETF - August,other
XB,BondBloxx B-Rated USD High Yield Corporate Bond ETF,other
XBAP,Innovator U.S. Equity Accelerated 9 Buffer ETF - April,other
XBB,BondBloxx BB-Rated USD High Yield Corporate Bond ETF,other
XBFR,Innovator Equity Managed 10 Buffer ETF,other
XBI,State Street SPDR S&P Biotech ETF,other
XBJA,Innovator U.S. Equity Accelerated 9 Buffer ETF - January,other
XBJL,Innovator U.S. Equity Accelerated 9 Buffer ETF - July,other
XBOC,Innovator U.S. Equity Accelerated 9 Buffer ETF - October,other
XBOX,Roundhill Ultra Short Duration No Dividend Target ETF,other
XC,WisdomTree True Emerging Markets Fund,other
XCCC,BondBloxx CCC-Rated USD High Yield Corporate Bond ETF,other
XCEM,Columbia EM Core ex-China ETF,other
XCHG,AB US Equity ETF,other
XCLR,Global X S&P 500 Collar 95-110 ETF,other
XCOR,FundX ETF,other
XDAT,Franklin Exponential Data ETF,other
XDEC,FT Vest U.S. Equity Enhance & Moderate Buffer ETF - December,other
XDIV,Roundhill S&P 500 No Dividend Target ETF,other
XDQQ,Innovator Growth Accelerated ETF - Quarterly,other
XDSQ,Innovator U.S. Equity Accelerated ETF - Quarterly,other
XDTE,Roundhill S&P 500 0DTE Covered Call Strategy ETF,other
XEMD,BondBloxx JP Morgan USD Emerging Markets 1-10 Year Bond ETF,other
XEML,Xtrackers Europe Market Leaders ETF,other
XES,State Street SPDR S&P Oil & Gas Equipment & Services ETF,other
XFEB,FT Vest U.S. Equity Enhance & Moderate Buffer ETF - February,other
XFIV,BondBloxx Bloomberg Five Year Target Duration US Treasury ETF,other
XFLH,XFLH Capital Corporation Ordinary Shares,other
XFLH.R,XFLH Capital Corporation Rights to receive one-seventh (1/7) of one Ordinary Share,other
XFLH.U,"XFLH Capital Corporation Units, each consisting of one Ordinary Share and one Right",other
XFLT,XAI Octagon Floating Rate & Alternative Income Trust Common Shares of Beneficial Interest,other
XFLX,FundX Flexible ETF,other
XHB,State Street SPDR S&P Homebuilders ETF,other
XHE,State Street SPDR S&P Health Care Equipment ETF,other
XHLF,BondBloxx Bloomberg Six Month Target Duration US Treasury ETF,other
XHR,"Xenia Hotels & Resorts, Inc. Common Stock",other
XHS,State Street SPDR S&P Health Care Services ETF,other
XHYC,BondBloxx USD High Yield Bond Consumer Cyclicals Sector ETF,other
XHYD,BondBloxx USD High Yield Bond Consumer Non-Cyclicals Sector ETF,other
XHYE,BondBloxx USD High Yield Bond Energy Sector ETF,other
XHYF,BondBloxx USD High Yield Bond Financial & REIT Sector ETF,other
XHYH,BondBloxx USD High Yield Bond Healthcare Sector ETF,other
XHYI,BondBloxx USD High Yield Bond Industrial Sector ETF,other
XHYT,"BondBloxx USD High Yield Bond Telecom, Media & Technology Sector ETF",other
XIDE,FT Vest U.S. Equity Buffer & Premium Income  ETF - December,other
XIDV,Franklin International Dividend Booster Index ETF,other
XIFR,"XPLR Infrastructure, LP Common Units representing limited partner interests",other
XIJN,FT Vest U.S. Equity Buffer & Premium Income ETF - June,other
XIMR,FT Vest U.S. Equity Buffer & Premium Income ETF - March,other
XISE,FT Vest U.S. Equity Buffer & Premium Income ETF - September,other
XITK,State Street SPDR FactSet Innovative Technology ETF,other
XJAN,FT Vest U.S. Equity Enhance & Moderate Buffer ETF - January,other
XJH,iShares ESG Select Screened S&P Mid-Cap ETF,other
XJR,iShares ESG Select Screened S&P Small-Cap ETF,other
XJUL,FT Vest U.S. Equity Enhance & Moderate Buffer ETF - July,other
XJUN,FT Vest U.S. Equity Enhance & Moderate Buffer ETF - June,other
XLB,State Street Materials Select Sector SPDR ETF,other
XLBI,State Street Materials Select Sector SPDR Premium Income ETF,other
XLC,State Street Communication Services Select Sector SPDR ETF,other
XLCI,State Street Communication Services Select Sector SPDR Premium Income ETF,other
XLE,State Street Energy Select Sector SPDR ETF,other
XLEI,State Street Energy Select Sector SPDR Premium Income ETF,other
XLF,State Street Financial Select Sector SPDR ETF,other
XLFI,State Street Financial Select Sector SPDR Premium Income ETF,other
XLG,Invesco S&P 500 Top 50 ETF,other
XLI,State Street Industrial Select Sector SPDR ETF,other
XLII,State Street Industrial Select Sector SPDR Premium Income ETF,other
XLK,State Street Technology Select Sector SPDR ETF,other
XLKI,State Street Technology Select Sector SPDR Premium Income ETF,other
XLP,State Street Consumer Staples Select Sector SPDR ETF,other
XLRE,State Street Real Estate Select Sector SPDR ETF,other
XLRI,State Street Real Estate Select Sector SPDR Premium Income ETF,other
XLSI,State Street Consumer Staples Select Sector SPDR Premium Income ETF,other
XLSR,State Street US Sector Rotation ETF,other
XLU,State Street Utilities Select Sector SPDR ETF,other
XLUI,State Street Utilities Select Sector SPDR Premium Income ETF,other
XLV,State Street Health Care Select Sector SPDR ETF,other
XLVI,State Street Health Care Select Sector SPDR Premium Income ETF,other
XLY,State Street Consumer Discretionary Select Sector SPDR ETF,other
XLYI,State Street Consumer Discretionary Select Sector SPDR Premium Income ETF,other
XMAR,FT Vest U.S. Equity Enhance & Moderate Buffer ETF - March,other
XMAY,FT Vest U.S. Equity Enhance & Moderate Buffer ETF - May,other
XME,State Street SPDR S&P Metals & Mining ETF,other
XMHQ,Invesco S&P MidCap Quality ETF,other
XMLV,Invesco S&P MidCap Low Volatility ETF,other
XMMO,Invesco S&P MidCap Momentum ETF,other
XMPT,VanEck CEF Muni Income ETF,other
XMVM,Invesco S&P MidCap Value with Momentum ETF,other
XNAV,FundX Aggressive ETF,other
XNOV,FT Vest U.S. Equity Enhance & Moderate Buffer ETF - November,other
XNTK,State Street SPDR NYSE Technology ETF,other
XOCT,FT Vest U.S. Equity Enhance & Moderate Buffer ETF - October,other
XOEF,iShares S&P 500 ex S&P 100 ETF,other
XOEX,Xtrackers S&P 100 Ex Top 20 ETF,other
XOM,Exxon Mobil Corporation Common Stock,other
XOMO,YieldMax XOM Option Income Strategy ETF,other
XONE,BondBloxx Bloomberg One Year Target Duration US Treasury ETF,other
XOP,State Street SPDR S&P Oil & Gas Exploration & Production ETF,other
XPAY,Roundhill S&P 500 Target 20 Managed Distribution ETF,other
XPER,Xperi Inc. Common Stock ,other
XPEV,"XPeng Inc. American depositary shares, each representing two Class A ordinary shares",other
XPH,State Street SPDR S&P Pharmaceuticals ETF,other
XPL,Solitario Resources Corp. Common Stock,other
XPND,First Trust Expanded Technology ETF,other
XPO,"XPO, Inc. Common Stock",other
XPOF,"Xponential Fitness, Inc. Class A Common Stock",other
XPP,ProShares Ultra FTSE China 50,other
XPRO,Expro Group Holdings N.V. Common Stock,other
XRLX,FundX Conservative ETF,other
XRMI,Global X S&P 500 Risk Managed Income ETF,other
XRN,Chiron Real Estate Inc. Common Stock,other
XRN$A,Chiron Real Estate Inc. Series A Cumulative Redeemable Preferred Stock,other
XRN$B,"Chiron Real Estate Inc. 8.00% Series B Cumulative Redeemable Preferred Stock, $0.001 par value per share",other
XRP,Bitwise XRP ETF,other
XRPK,T-REX 2X Long XRP Daily Target ETF,other
XRPM,Amplify XRP 3% Monthly Option Income ETF,other
XRPR,REX-Osprey XRP ETF,other
XRPZ,Franklin XRP ETF,other
XRT,State Street SPDR S&P Retail ETF,other
XSD,State Street SPDR S&P Semiconductor ETF,other
XSEP,FT Vest U.S. Equity Enhance & Moderate Buffer ETF - September,other
XSHD,Invesco S&P SmallCap High Dividend Low Volatility ETF,other
XSHQ,Invesco S&P SmallCap Quality ETF,other
XSLV,Invesco S&P SmallCap Low Volatility ETF,other
XSMO,Invesco S&P SmallCap Momentum ETF,other
XSOE,WisdomTree Emerging Markets Ex-State Owned Enterprises Fund,other
XSVM,Invesco S&P SmallCap Value with Momentum ETF,other
XSVN,BondBloxx Bloomberg Seven Year Target Duration US Treasury ETF,other
XSW,State Street SPDR S&P Software & Services ETF,other
XTAP,Innovator U.S. Equity Accelerated Plus ETF - April,other
XTEN,BondBloxx Bloomberg Ten Year Target Duration US Treasury ETF,other
XTJA,Innovator U.S. Equity Accelerated Plus ETF - January,other
XTJL,Innovator U.S. Equity Accelerated Plus ETF - July,other
XTL,State Street SPDR S&P Telecom ETF,other
XTN,State Street SPDR S&P Transportation ETF,other
XTNT,"Xtant Medical Holdings, Inc. Common Stock",other
XTOC,Innovator U.S. Equity Accelerated Plus ETF - October,other
XTR,Global X S&P 500 Tail Risk ETF,other
XTRE,BondBloxx Bloomberg Three Year Target Duration US Treasury ETF,other
XTWO,BondBloxx Bloomberg Two Year Target Duration US Treasury ETF,other
XTWY,BondBloxx Bloomberg Twenty Year Target Duration US Treasury ETF,other
XUDV,Franklin U.S. Dividend Booster Index ETF,other
XUSP,Innovator Uncapped Accelerated U.S. Equity ETF,other
XV,Simplify Target 15 Distribution ETF,other
XVOL,Acruence Active Hedge U.S. Equity ETF,other
XVV,iShares ESG Select Screened S&P 500 ETF,other
XXI,"Twenty One Capital, Inc. Class A Common Stock",other
XXRP,Teucrium 2x Long Daily XRP ETF,other
XXV,Simplify Ancorato Target 25 Distribution ETF,other
XYF,"X Financial American Depositary Shares, each representing six Class A Ordinary Shares",other
XYL,Xylem Inc. Common Stock New,other
XYLD,Global X S&P 500 Covered Call ETF,other
XYLG,Global X S&P 500 Covered Call & Growth ETF,other
XYZ,"Block, Inc. Class A Common Stock,",other
XYZY,YieldMax XYZ Option Income Strategy ETF,other
XZO,"Exzeo Group, Inc. Common Stock",other
YALA,"Yalla Group Limited American Depositary Shares, each representing one Class A Ordinary Share",other
YALL,God Bless America ETF,other
YANG,Direxion Daily FTSE China Bear 3X ETF,other
YBIT,YieldMax Bitcoin Option Income Strategy ETF,other
YBTC,Roundhill Bitcoin Covered Call Strategy ETF,other
YCBD,"cbdMD, Inc. Common Stock",other
YCL,ProShares Ultra Yen,other
YCS,ProShares UltraShort Yen New,other
YCY,AA Mission Acquisition Corp. II Class A Ordinary Shares,other
YCY.U,"AA Mission Acquisition Corp. II Units, each consisting of one Class A ordinary share and one-half of one warrant",other
YCY.W,"AA Mission Acquisition Corp. II Warrants, each whole warrant entitles to purchase one Class A ordinary share at a price of $11.50 per share",other
YDEC,FT Vest International Equity Moderate Buffer ETF - December,other
YEAR,AB Ultra Short Income ETF,other
YELP,Yelp Inc. Common Stock,other
YETH,Roundhill Ether Covered Call Strategy ETF,other
YETI,"YETI Holdings, Inc. Common Stock",other
YEXT,"Yext, Inc. Common Stock",other
YFFI,Indexperts Yield Focused Fixed Income ETF,other
YFYA,Yields for You Income Strategy A ETF,other
YGLD,Simplify Gold Strategy PLUS Income ETF,other
YINN,Direxion Daily FTSE China Bull 3X ETF,other
YJUN,FT Vest International Equity Moderate Buffer ETF - June,other
YLD,Principal Active High Yield ETF,other
YLDW,Westwood Enhanced Income Opportunity ETF,other
YMAG,YieldMax Magnificent 7 Fund of Option Income ETFs,other
YMAR,FT Vest International Equity Moderate Buffer ETF - March,other
YMAX,YieldMax Universe Fund of Option Income ETFs,other
YMM,Full Truck Alliance Co. Ltd. American Depositary Shares (each representing 20 Class A Ordinary Shares),other
YOLO,AdvisorShares Pure Cannabis ETF,other
YOU,"Clear Secure, Inc. Class A Common Stock",other
YPF,YPF Sociedad Anonima Common Stock,other
YRD,"Yiren Digital Ltd. American Depositary Shares, each representing two ordinary shares",other
YSEP,FT Vest International Equity Buffer ETF - September,other
YSG,"Yatsen Holding Limited American Depositary Shares, each representing twenty (20) Class A Ordinary Shares",other
YSS,York Space Systems Inc. Common Stock,other
YUM,"Yum! Brands, Inc.",other
YUMC,"Yum China Holdings, Inc. Common Stock",other
YXI,ProShares Short FTSE China 50,other
YYY,Amplify CEF High Income ETF,other
YYYM,Amplify Municipal CEF High Income ETF,other
ZALT,Innovator U.S. Equity 10 Buffer ETF - Quarterly,other
ZAPR,Innovator Equity Defined Protection ETF - 1 Yr April,other
ZAUG,Innovator Equity Defined Protection ETF - 1 Yr August,other
ZBH,"Zimmer Biomet Holdings, Inc. Common Stock",other
ZBZX,BATS BZX Exchange test issue,other
ZCBA,Global X Zero Coupon Bond 2030 ETF,other
ZCBB,Global X Zero Coupon Bond 2031 ETF,other
ZCBC,Global X Zero Coupon Bond 2032 ETF,other
ZCBE,Global X Zero Coupon Bond 2033 ETF,other
ZCBF,Global X Zero Coupon Bond 2034 ETF,other
ZCBG,Global X Zero Coupon Bond 2035 ETF,other
ZDEK,Innovator Equity Defined Protection ETF - 1 Yr December,other
ZDGE,"Zedge, Inc. Class B Common Stock ",other
ZECP,Zacks Earnings Consistent Portfolio ETF,other
ZEPP,"Zepp Health Corporation American depositary shares, each representing sixteen Class A ordinary shares",other
ZETA,Zeta Global Holdings Corp. Class A Common Stock,other
ZETX,Defiance Daily Target 2x Long ZETA ETF,other
ZEXIT,IEX Test Company Test Symbol Two for IEX,other
ZFEB,Innovator Equity Defined Protection ETF - 1 Yr February,other
ZGN,Ermenegildo Zegna N.V. Ordinary Shares,other
ZH,"Zhihu Inc. American Depositary Shares, each representing three (3) Class A Ordinary Shares",other
ZHDG,ZEGA Buy and Hedge ETF,other
ZIEXT,IEX Test Company Test Symbol One for IEX,other
ZIG,The Acquirers Fund,other
ZIM,ZIM Integrated Shipping Services Ltd. Ordinary Shares,other
ZIP,"ZipRecruiter, Inc. Class A Common Stock",other
ZJAN,Innovator Equity Defined Protection ETF - 1 Yr January,other
ZJUL,Innovator Equity Defined Protection ETF - 1 Yr July,other
ZJUN,Innovator Equity Defined Protection ETF - 1 Yr June,other
ZKH,"ZKH Group Limited American Depositary Shares, each representing thirty-five (35) Class A Ordinary Shares",other
ZMAR,Innovator Equity Defined Protection ETF - 1 Yr March,other
ZMAY,Innovator Equity Defined Protection ETF - 1 Yr May,other
ZNOV,Innovator Equity Defined Protection ETF - 1 Yr November,other
ZOCT,Innovator Equity Defined Protection ETF - 1 Yr October,other
ZONE,CleanCore Solutions Inc. Class B Common Stock,other
ZROZ,PIMCO 25  Year Zero Coupon U.S. Treasury Index Exchange-Traded Fund,other
ZSB,USCF Sustainable Battery Metals Strategy Fund,other
ZSC,USCF Sustainable Commodity Strategy Fund,other
ZSEP,Innovator Equity Defined Protection ETF - 1 Yr September,other
ZSL,ProShares UltraShort Silver,other
ZTAX,X-Square Municipal Income ETF,other
ZTEST,BATS BZX Exchange Common Stock (test issue),other
ZTO,"ZTO Express (Cayman) Inc. American Depositary Shares, each representing one Class A ordinary share.",other
ZTR,Virtus Total Return Fund Inc.,other
ZTS,Zoetis Inc. Class A Common Stock,other
ZVIA,Zevia PBC Class A Common Stock,other
ZVOL,Volatility Premium Plus ETF,other
ZVV,NYSE ARCA test stock,other
ZWS,Zurn Elkay Water Solutions Corporation Common Stock,other
ZXIET,IEX Test Company Test Symbol Three for IEX,other
File Creation Time: 0320202621:31,,other
